review_index,path,filename,sha256,width,height,prior_disposition,disposition,decision_reason,app_question_id,app_quiz_asset
1,/Users/chriselwell/Desktop/Pulm/Pulm Pictures/Pulm Picture/23-Bpg-Hemoglobin-Binding.png,23-Bpg-Hemoglobin-Binding.png,d15057ccdee5450cc80d59659b5efad7f8081a20ec381bbf7f537bea5cb1f3a4,1082,848,,REFERENCE_ONLY,"Visually reviewed in the complete candidate-sheet pass; not promoted because it duplicated an existing scored concept, depended on answer-revealing teaching text, functioned primarily as a reference table/diagram, or was less discriminating than the retained quiz image.",,
2,/Users/chriselwell/Desktop/Pulm/Pulm Pictures/Pulm Picture/A Emphysema Hyperinflation Lateral Chest Xray.png,A Emphysema Hyperinflation Lateral Chest Xray.png,1443401769aab278461c28ab9bd7231cee6373d09ae69ab8f1b0a918c7f8e45d,264,225,,REFERENCE_ONLY,"Visually reviewed in the complete candidate-sheet pass; not promoted because it duplicated an existing scored concept, depended on answer-revealing teaching text, functioned primarily as a reference table/diagram, or was less discriminating than the retained quiz image.",,
3,/Users/chriselwell/Desktop/Pulm/Pulm Pictures/Pulm Picture/A Pleural Effusion Pretreatment CXR CT.png,A Pleural Effusion Pretreatment CXR CT.png,51a1e0b729c676a91b7851cdc35f692efcf019569501171600a0ae05b6567c5d,545,245,,REFERENCE_ONLY,"Visually reviewed in the complete candidate-sheet pass; not promoted because it duplicated an existing scored concept, depended on answer-revealing teaching text, functioned primarily as a reference table/diagram, or was less discriminating than the retained quiz image.",,
4,/Users/chriselwell/Desktop/Pulm/Pulm Pictures/Pulm Picture/A Pneumothorax CT Air in Pleural Space with Partial Lung Collapse.png,A Pneumothorax CT Air in Pleural Space with Partial Lung Collapse.png,521c82cbf026c3d876efc5d2956b7707e5e280b1d79396ad66539137e6dc656e,447,329,,REFERENCE_ONLY,"Visually reviewed in the complete candidate-sheet pass; not promoted because it duplicated an existing scored concept, depended on answer-revealing teaching text, functioned primarily as a reference table/diagram, or was less discriminating than the retained quiz image.",,
5,/Users/chriselwell/Desktop/Pulm/Pulm Pictures/Pulm Picture/AA Pathway.png,AA Pathway.png,3af682e223e1bbebe2f27a4956fe1f1f77aafcb75e36bf11db37423bee948deb,2400,2251,,REFERENCE_ONLY,"Visually reviewed in the complete candidate-sheet pass; not promoted because it duplicated an existing scored concept, depended on answer-revealing teaching text, functioned primarily as a reference table/diagram, or was less discriminating than the retained quiz image.",,
6,/Users/chriselwell/Desktop/Pulm/Pulm Pictures/Pulm Picture/Aa-Gradient-Calculation-Worked-Example.png,Aa-Gradient-Calculation-Worked-Example.png,fd262f9c484e961f177eac18b363c682640f27cb4ca8d2ba62103fadc1e205f3,1478,980,,REFERENCE_ONLY,"Visually reviewed in the complete candidate-sheet pass; not promoted because it duplicated an existing scored concept, depended on answer-revealing teaching text, functioned primarily as a reference table/diagram, or was less discriminating than the retained quiz image.",,
7,/Users/chriselwell/Desktop/Pulm/Pulm Pictures/Pulm Picture/Aa-Gradient-Causes-Table.png,Aa-Gradient-Causes-Table.png,6da6b78a036bb8408339b347aa88a2ca102f87ca5dad71083ee6ad96930f49da,2018,540,,REFERENCE_ONLY,"Visually reviewed in the complete candidate-sheet pass; not promoted because it duplicated an existing scored concept, depended on answer-revealing teaching text, functioned primarily as a reference table/diagram, or was less discriminating than the retained quiz image.",,
8,/Users/chriselwell/Desktop/Pulm/Pulm Pictures/Pulm Picture/Aa-Gradient-Diagram.png,Aa-Gradient-Diagram.png,f15a62aa048c7d83189d66d154e192dec75bd890947fa7c8c3ae2b8b563d8b09,2082,1272,,REFERENCE_ONLY,"Visually reviewed in the complete candidate-sheet pass; not promoted because it duplicated an existing scored concept, depended on answer-revealing teaching text, functioned primarily as a reference table/diagram, or was less discriminating than the retained quiz image.",,
9,/Users/chriselwell/Desktop/Pulm/Pulm Pictures/Pulm Picture/Abg-Interpretation-Acid-Base-Disorders.png,Abg-Interpretation-Acid-Base-Disorders.png,72a1eaf0f0fdf4f342eeea109ef734ef852faaaf03d4f90f587b3cbba5b1fca8,838,854,,REFERENCE_ONLY,"Visually reviewed in the complete candidate-sheet pass; not promoted because it duplicated an existing scored concept, depended on answer-revealing teaching text, functioned primarily as a reference table/diagram, or was less discriminating than the retained quiz image.",,
10,/Users/chriselwell/Desktop/Pulm/Pulm Pictures/Pulm Picture/Abnormal-Oxygen-Levels-Hypoxia-Notes.png,Abnormal-Oxygen-Levels-Hypoxia-Notes.png,f090eeeb26b842163a9cf1e519630064e0c4035a631ae91fb42d991fa25a0d60,2356,1204,,REFERENCE_ONLY,"Visually reviewed in the complete candidate-sheet pass; not promoted because it duplicated an existing scored concept, depended on answer-revealing teaching text, functioned primarily as a reference table/diagram, or was less discriminating than the retained quiz image.",,
11,/Users/chriselwell/Desktop/Pulm/Pulm Pictures/Pulm Picture/Acid-Base Balance.jpg,Acid-Base Balance.jpg,d848dfba979a6b1677ce91e6fac0af6b883450f3591dd08078ed02e648a25b2f,1600,884,,REFERENCE_ONLY,"Visually reviewed in the complete candidate-sheet pass; not promoted because it duplicated an existing scored concept, depended on answer-revealing teaching text, functioned primarily as a reference table/diagram, or was less discriminating than the retained quiz image.",,
12,/Users/chriselwell/Desktop/Pulm/Pulm Pictures/Pulm Picture/Active TB - Diagnosis.png,Active TB - Diagnosis.png,66416edb9df6bbaa8aa23ce85e63506072da1bf7160925bb2040a2e1062c53cf,1037,681,,REFERENCE_ONLY,"Visually reviewed in the complete candidate-sheet pass; not promoted because it duplicated an existing scored concept, depended on answer-revealing teaching text, functioned primarily as a reference table/diagram, or was less discriminating than the retained quiz image.",,
13,/Users/chriselwell/Desktop/Pulm/Pulm Pictures/Pulm Picture/Acute Silicosis.jpg,Acute Silicosis.jpg,c884043a961db7e6b22bcc3dc327c9704a121fe3da6eaacd4c8caf34d0023fe8,1223,1000,,REFERENCE_ONLY,"Visually reviewed in the complete candidate-sheet pass; not promoted because it duplicated an existing scored concept, depended on answer-revealing teaching text, functioned primarily as a reference table/diagram, or was less discriminating than the retained quiz image.",,
14,/Users/chriselwell/Desktop/Pulm/Pulm Pictures/Pulm Picture/Acute Tonsillopharyngitis.jpg,Acute Tonsillopharyngitis.jpg,4989d3518d1f5b4a546e7a5b8dce26502e6ff5d658fca0b9391cc2a03943451e,1525,1000,,REFERENCE_ONLY,"Visually reviewed in the complete candidate-sheet pass; not promoted because it duplicated an existing scored concept, depended on answer-revealing teaching text, functioned primarily as a reference table/diagram, or was less discriminating than the retained quiz image.",,
15,/Users/chriselwell/Desktop/Pulm/Pulm Pictures/Pulm Picture/Acute-Bronchitis.png,Acute-Bronchitis.png,e46438a5ed25d6af9d2a8a6b75287d979cfbab0ef0f3c8633b152c39b7279082,1182,616,,REFERENCE_ONLY,"Visually reviewed in the complete candidate-sheet pass; not promoted because it duplicated an existing scored concept, depended on answer-revealing teaching text, functioned primarily as a reference table/diagram, or was less discriminating than the retained quiz image.",,
16,/Users/chriselwell/Desktop/Pulm/Pulm Pictures/Pulm Picture/Acute-Deep-Vein-Thrombosis-Compression-Ultrasound.png,Acute-Deep-Vein-Thrombosis-Compression-Ultrasound.png,a2894030e9d84fdee7d3b0dd3ba741e627873a4f374945da6b44cc9ecb725ad8,700,551,,ADDED_SCORED,Paired compression-ultrasound panels make noncompressibility visually decisive; only the answer title was cropped.,q_4c4d3558ad74,public/assets/images/quiz_e729a68b534ed812.png
17,/Users/chriselwell/Desktop/Pulm/Pulm Pictures/Pulm Picture/Acute-Exacerbation-of-Chronic-Obstructive-Pulmonary-Disease.png,Acute-Exacerbation-of-Chronic-Obstructive-Pulmonary-Disease.png,883184c8eca9e5d2a0b27b5647b9f03a11a7eeb61fe1887f432b2668fa6b898c,1188,712,,REFERENCE_ONLY,"Visually reviewed in the complete candidate-sheet pass; not promoted because it duplicated an existing scored concept, depended on answer-revealing teaching text, functioned primarily as a reference table/diagram, or was less discriminating than the retained quiz image.",,
18,/Users/chriselwell/Desktop/Pulm/Pulm Pictures/Pulm Picture/Acute-Hypersensitivity-Pneumonitis.jpg,Acute-Hypersensitivity-Pneumonitis.jpg,26298a8d6cb62dd25aea6342570cdaec13d507af4e83e29a7e9bbfe72e52b991,700,509,,REFERENCE_ONLY,"Visually reviewed in the complete candidate-sheet pass; not promoted because it duplicated an existing scored concept, depended on answer-revealing teaching text, functioned primarily as a reference table/diagram, or was less discriminating than the retained quiz image.",,
19,/Users/chriselwell/Desktop/Pulm/Pulm Pictures/Pulm Picture/Acute-Opacified-Hemithorax-Unilateral-Whiteout.png,Acute-Opacified-Hemithorax-Unilateral-Whiteout.png,4fbc1290e72d59b34435906d5c5da62ac439a4a0bb7e7bd466edf3bb5d1589cd,1186,492,,REFERENCE_ONLY,"Visually reviewed in the complete candidate-sheet pass; not promoted because it duplicated an existing scored concept, depended on answer-revealing teaching text, functioned primarily as a reference table/diagram, or was less discriminating than the retained quiz image.",,
20,/Users/chriselwell/Desktop/Pulm/Pulm Pictures/Pulm Picture/Acute-Respiratory-Distress-Syndrome-Management-and-Prognosis.png,Acute-Respiratory-Distress-Syndrome-Management-and-Prognosis.png,f7c3d809905c3d9ac5172f61b3450227022f422808982c3f993d124e512e59fb,1476,774,,REFERENCE_ONLY,"Visually reviewed in the complete candidate-sheet pass; not promoted because it duplicated an existing scored concept, depended on answer-revealing teaching text, functioned primarily as a reference table/diagram, or was less discriminating than the retained quiz image.",,
21,/Users/chriselwell/Desktop/Pulm/Pulm Pictures/Pulm Picture/Acute-Respiratory-Distress-Syndrome.png,Acute-Respiratory-Distress-Syndrome.png,fe3a0e28d277ad57411d8ca375ba34621355b7f88741b8d756e0ebcd0465d855,1546,1128,,REFERENCE_ONLY,"Visually reviewed in the complete candidate-sheet pass; not promoted because it duplicated an existing scored concept, depended on answer-revealing teaching text, functioned primarily as a reference table/diagram, or was less discriminating than the retained quiz image.",,
22,/Users/chriselwell/Desktop/Pulm/Pulm Pictures/Pulm Picture/Adenocarcinoma of the Lung.jpg,Adenocarcinoma of the Lung.jpg,5ebc3c738f84b86453396177e9335b9391877aebaed9d260da8cf4198381411c,1567,1000,,REFERENCE_ONLY,"Visually reviewed in the complete candidate-sheet pass; not promoted because it duplicated an existing scored concept, depended on answer-revealing teaching text, functioned primarily as a reference table/diagram, or was less discriminating than the retained quiz image.",,
23,/Users/chriselwell/Desktop/Pulm/Pulm Pictures/Pulm Picture/Air Trapping in Pulmonary Emphysema Lateral View.jpg,Air Trapping in Pulmonary Emphysema Lateral View.jpg,fccb2492f53812bb9c161b21ccc57f1056b2a8de68ee270291906a9451ecd21d,1329,1000,,REFERENCE_ONLY,"Visually reviewed in the complete candidate-sheet pass; not promoted because it duplicated an existing scored concept, depended on answer-revealing teaching text, functioned primarily as a reference table/diagram, or was less discriminating than the retained quiz image.",,
24,/Users/chriselwell/Desktop/Pulm/Pulm Pictures/Pulm Picture/Air Trapping in Pulmonary Emphysema PA View.jpg,Air Trapping in Pulmonary Emphysema PA View.jpg,984f37bfd9f2f133c71a8cfe426f8cf563563bce56b9a86e4a884ff4248a6421,1326,1000,,REFERENCE_ONLY,"Visually reviewed in the complete candidate-sheet pass; not promoted because it duplicated an existing scored concept, depended on answer-revealing teaching text, functioned primarily as a reference table/diagram, or was less discriminating than the retained quiz image.",,
25,/Users/chriselwell/Desktop/Pulm/Pulm Pictures/Pulm Picture/Airway-Foreign-Body-Management.png,Airway-Foreign-Body-Management.png,a9af27c3024face39a14540d30b7288fcc9fad90e70da493603e34e471bd641d,700,686,,REFERENCE_ONLY,"Visually reviewed in the complete candidate-sheet pass; not promoted because it duplicated an existing scored concept, depended on answer-revealing teaching text, functioned primarily as a reference table/diagram, or was less discriminating than the retained quiz image.",,
26,/Users/chriselwell/Desktop/Pulm/Pulm Pictures/Pulm Picture/Alpha-1 Antitrypsin Deficiency (Liver).jpg,Alpha-1 Antitrypsin Deficiency (Liver).jpg,daae87529400d889ecaf41285ad623985ad973f3d81e97614a41cef59f265c47,1501,1000,,REFERENCE_ONLY,"Visually reviewed in the complete candidate-sheet pass; not promoted because it duplicated an existing scored concept, depended on answer-revealing teaching text, functioned primarily as a reference table/diagram, or was less discriminating than the retained quiz image.",,
27,/Users/chriselwell/Desktop/Pulm/Pulm Pictures/Pulm Picture/Alpha-1 Antitrypsin Deficiency.jpg,Alpha-1 Antitrypsin Deficiency.jpg,2e42810ea74472e4efdff7830ddcef9c07d4cdccecf4a5b6c5a0bc1850b0330a,1261,1000,,REFERENCE_ONLY,"Visually reviewed in the complete candidate-sheet pass; not promoted because it duplicated an existing scored concept, depended on answer-revealing teaching text, functioned primarily as a reference table/diagram, or was less discriminating than the retained quiz image.",,
28,/Users/chriselwell/Desktop/Pulm/Pulm Pictures/Pulm Picture/Alpha-1-Antitrypsin-Deficiency.png,Alpha-1-Antitrypsin-Deficiency.png,143f9930676f3c8130b52da8a04bb098f2213f7c3e7c29cac85589d765fbc24f,996,422,,REFERENCE_ONLY,"Visually reviewed in the complete candidate-sheet pass; not promoted because it duplicated an existing scored concept, depended on answer-revealing teaching text, functioned primarily as a reference table/diagram, or was less discriminating than the retained quiz image.",,
29,/Users/chriselwell/Desktop/Pulm/Pulm Pictures/Pulm Picture/Alpha-Thalassemia-Genotypes-Table.png,Alpha-Thalassemia-Genotypes-Table.png,42c0507d4d88d1d6fc851ec0e2770c02094d7b9c1b1eab045be2313dac57e6b2,1114,598,,REFERENCE_ONLY,"Visually reviewed in the complete candidate-sheet pass; not promoted because it duplicated an existing scored concept, depended on answer-revealing teaching text, functioned primarily as a reference table/diagram, or was less discriminating than the retained quiz image.",,
30,/Users/chriselwell/Desktop/Pulm/Pulm Pictures/Pulm Picture/Alpha1-Antitrypsin-Deficiency-Emphysema.png,Alpha1-Antitrypsin-Deficiency-Emphysema.png,e1b1a59c198a5ee911817c35316631f201ead0385d30307a9d1543972416d7b3,986,524,,REFERENCE_ONLY,"Visually reviewed in the complete candidate-sheet pass; not promoted because it duplicated an existing scored concept, depended on answer-revealing teaching text, functioned primarily as a reference table/diagram, or was less discriminating than the retained quiz image.",,
31,/Users/chriselwell/Desktop/Pulm/Pulm Pictures/Pulm Picture/Alveolar Collapse in Surfactant Deficiency.jpg,Alveolar Collapse in Surfactant Deficiency.jpg,852228fb137d325e77863a9e96e45029aeb54ebd21516f81689d2ca921c636ea,1334,1000,,REFERENCE_ONLY,"Visually reviewed in the complete candidate-sheet pass; not promoted because it duplicated an existing scored concept, depended on answer-revealing teaching text, functioned primarily as a reference table/diagram, or was less discriminating than the retained quiz image.",,
32,/Users/chriselwell/Desktop/Pulm/Pulm Pictures/Pulm Picture/Alveolar Epithelium.png,Alveolar Epithelium.png,06aedaea92acde80c295e5df3e5e7b4d19c8535ebfa9211b57c7dcef641a5373,1264,924,,REFERENCE_ONLY,"Visually reviewed in the complete candidate-sheet pass; not promoted because it duplicated an existing scored concept, depended on answer-revealing teaching text, functioned primarily as a reference table/diagram, or was less discriminating than the retained quiz image.",,
33,/Users/chriselwell/Desktop/Pulm/Pulm Pictures/Pulm Picture/Alveolar-Capillary-Gas-Exchange-Diagram.png,Alveolar-Capillary-Gas-Exchange-Diagram.png,cadeb23e71cc003af362709498e3bd9aba09f7cf9c2a0d1fe4deda7098ba5fa2,1040,986,,REFERENCE_ONLY,"Visually reviewed in the complete candidate-sheet pass; not promoted because it duplicated an existing scored concept, depended on answer-revealing teaching text, functioned primarily as a reference table/diagram, or was less discriminating than the retained quiz image.",,
34,/Users/chriselwell/Desktop/Pulm/Pulm Pictures/Pulm Picture/Anatomic-and-Alveolar-Dead-Space.png,Anatomic-and-Alveolar-Dead-Space.png,98849af2bc8274d59b9c544e0c7dce48df3d16fb677af6e5c2fc39fba167ba45,880,854,,REFERENCE_ONLY,"Visually reviewed in the complete candidate-sheet pass; not promoted because it duplicated an existing scored concept, depended on answer-revealing teaching text, functioned primarily as a reference table/diagram, or was less discriminating than the retained quiz image.",,
35,/Users/chriselwell/Desktop/Pulm/Pulm Pictures/Pulm Picture/Anatomical Locations and Auscultatory Sites for Heart Valves.jpg,Anatomical Locations and Auscultatory Sites for Heart Valves.jpg,535959feb74b6f91131bcb3803d1f67a0898ef9b824602b0d7c98cd290df44c3,1414,1000,,REFERENCE_ONLY,"Visually reviewed in the complete candidate-sheet pass; not promoted because it duplicated an existing scored concept, depended on answer-revealing teaching text, functioned primarily as a reference table/diagram, or was less discriminating than the retained quiz image.",,
36,/Users/chriselwell/Desktop/Pulm/Pulm Pictures/Pulm Picture/Anion Gap.jpg,Anion Gap.jpg,f21f2f5f1881d645744977448c86cba044ffd7c911d69d224c848a305eee4870,1600,647,,REFERENCE_ONLY,"Visually reviewed in the complete candidate-sheet pass; not promoted because it duplicated an existing scored concept, depended on answer-revealing teaching text, functioned primarily as a reference table/diagram, or was less discriminating than the retained quiz image.",,
37,/Users/chriselwell/Desktop/Pulm/Pulm Pictures/Pulm Picture/Annular Sarcoidosis.jpg,Annular Sarcoidosis.jpg,4772cc071c916785f689af9ad175e62f40fbb14e2432d246ad90ea6fa4d8c235,985,1000,,REFERENCE_ONLY,"Visually reviewed in the complete candidate-sheet pass; not promoted because it duplicated an existing scored concept, depended on answer-revealing teaching text, functioned primarily as a reference table/diagram, or was less discriminating than the retained quiz image.",,
38,/Users/chriselwell/Desktop/Pulm/Pulm Pictures/Pulm Picture/Anthracotic Pigment in Lung in Coal Worker's Pneumoconiosis.jpg,Anthracotic Pigment in Lung in Coal Worker's Pneumoconiosis.jpg,00c2b9ae41129a9f6e80a9b26aff0d8159fbb3ce00d09dab7f030c43a2c5588e,1333,1000,,REFERENCE_ONLY,"Visually reviewed in the complete candidate-sheet pass; not promoted because it duplicated an existing scored concept, depended on answer-revealing teaching text, functioned primarily as a reference table/diagram, or was less discriminating than the retained quiz image.",,
39,/Users/chriselwell/Desktop/Pulm/Pulm Pictures/Pulm Picture/Antifungal Meds.jpg,Antifungal Meds.jpg,ce400703b4a8f5ce01ffcd0a9339d336301d88417dbb892970691272280db4b8,536,430,,REFERENCE_ONLY,"Visually reviewed in the complete candidate-sheet pass; not promoted because it duplicated an existing scored concept, depended on answer-revealing teaching text, functioned primarily as a reference table/diagram, or was less discriminating than the retained quiz image.",,
40,/Users/chriselwell/Desktop/Pulm/Pulm Pictures/Pulm Picture/Antigenic Shift and Drift Diagram.png,Antigenic Shift and Drift Diagram.png,98ca55cfae01ba15387636e9bed234ce49aa4770b3e12d1f1d4135d455ada3c5,1306,624,,REFERENCE_ONLY,"Visually reviewed in the complete candidate-sheet pass; not promoted because it duplicated an existing scored concept, depended on answer-revealing teaching text, functioned primarily as a reference table/diagram, or was less discriminating than the retained quiz image.",,
41,/Users/chriselwell/Desktop/Pulm/Pulm Pictures/Pulm Picture/Antigenic Shift and Drift.jpg,Antigenic Shift and Drift.jpg,06f96f25d9ab0023371ac3b37087a86af50aac245e03b2106ac747c45a49a119,1600,778,,REFERENCE_ONLY,"Visually reviewed in the complete candidate-sheet pass; not promoted because it duplicated an existing scored concept, depended on answer-revealing teaching text, functioned primarily as a reference table/diagram, or was less discriminating than the retained quiz image.",,
42,/Users/chriselwell/Desktop/Pulm/Pulm Pictures/Pulm Picture/Antitussive-Sites-of-Action.jpg,Antitussive-Sites-of-Action.jpg,012879cfa4fd84dc8f29bf1b382d81e73ae264f695f299f6dcbf8e5b47f6e4b2,700,596,,REFERENCE_ONLY,"Visually reviewed in the complete candidate-sheet pass; not promoted because it duplicated an existing scored concept, depended on answer-revealing teaching text, functioned primarily as a reference table/diagram, or was less discriminating than the retained quiz image.",,
43,/Users/chriselwell/Desktop/Pulm/Pulm Pictures/Pulm Picture/Aortic-Injury.jpg,Aortic-Injury.jpg,83d340ea82082f5fb007405388a3a42a24b1a858ba8a12276d9d5709b10dd777,700,423,,REFERENCE_ONLY,"Visually reviewed in the complete candidate-sheet pass; not promoted because it duplicated an existing scored concept, depended on answer-revealing teaching text, functioned primarily as a reference table/diagram, or was less discriminating than the retained quiz image.",,
44,/Users/chriselwell/Desktop/Pulm/Pulm Pictures/Pulm Picture/Approach-to-Chronic-Cough-in-Children.png,Approach-to-Chronic-Cough-in-Children.png,7bcd97eff01b0dcf68ab6a09a2f67923b631e0254d15435eb6646a7248451fd5,467,602,,REFERENCE_ONLY,"Visually reviewed in the complete candidate-sheet pass; not promoted because it duplicated an existing scored concept, depended on answer-revealing teaching text, functioned primarily as a reference table/diagram, or was less discriminating than the retained quiz image.",,
45,/Users/chriselwell/Desktop/Pulm/Pulm Pictures/Pulm Picture/Appropriate-Compensatory-Paco2-or-Hco-Changes-in-Acid-Base-Disorders.png,Appropriate-Compensatory-Paco2-or-Hco-Changes-in-Acid-Base-Disorders.png,816bd499a61264a406d4b5d03bf77b8ece851dca2d655166a7a334bce9b9f2bf,1482,640,,REFERENCE_ONLY,"Visually reviewed in the complete candidate-sheet pass; not promoted because it duplicated an existing scored concept, depended on answer-revealing teaching text, functioned primarily as a reference table/diagram, or was less discriminating than the retained quiz image.",,
46,/Users/chriselwell/Desktop/Pulm/Pulm Pictures/Pulm Picture/ARDS Following Legionella Pneumonia.jpg,ARDS Following Legionella Pneumonia.jpg,c032efee6519b11df47909b07d933167d5ee33a4f43c65dadd67381159e2cff5,1017,1000,,REFERENCE_ONLY,"Visually reviewed in the complete candidate-sheet pass; not promoted because it duplicated an existing scored concept, depended on answer-revealing teaching text, functioned primarily as a reference table/diagram, or was less discriminating than the retained quiz image.",,
47,/Users/chriselwell/Desktop/Pulm/Pulm Pictures/Pulm Picture/ARDS Hyaline Membrane.jpeg,ARDS Hyaline Membrane.jpeg,fb7092b5d302823b8dfa1ea7734d28c3eb11c8014e77f7e62097e2610dcaa16f,1599,1066,,REFERENCE_ONLY,"Visually reviewed in the complete candidate-sheet pass; not promoted because it duplicated an existing scored concept, depended on answer-revealing teaching text, functioned primarily as a reference table/diagram, or was less discriminating than the retained quiz image.",,
48,/Users/chriselwell/Desktop/Pulm/Pulm Pictures/Pulm Picture/Arterial-Blood-Gas-Analysis.png,Arterial-Blood-Gas-Analysis.png,67537ee9a2480937c62adacd4d57c6198f5bba679f2f8391fafc424b580273bf,1062,1216,,REFERENCE_ONLY,"Visually reviewed in the complete candidate-sheet pass; not promoted because it duplicated an existing scored concept, depended on answer-revealing teaching text, functioned primarily as a reference table/diagram, or was less discriminating than the retained quiz image.",,
49,/Users/chriselwell/Desktop/Pulm/Pulm Pictures/Pulm Picture/Arterial-Blood-Gas-Interpretation-of-Acid-Base-Disorders.png,Arterial-Blood-Gas-Interpretation-of-Acid-Base-Disorders.png,298377a0f856b4f35287df28776b4d40ad9864953bf56b2bfa5eb5e7e13945cb,660,706,,REFERENCE_ONLY,"Visually reviewed in the complete candidate-sheet pass; not promoted because it duplicated an existing scored concept, depended on answer-revealing teaching text, functioned primarily as a reference table/diagram, or was less discriminating than the retained quiz image.",,
50,/Users/chriselwell/Desktop/Pulm/Pulm Pictures/Pulm Picture/Asbestos-Exposure-and-Mesothelioma.png,Asbestos-Exposure-and-Mesothelioma.png,7ec48c72c5ea0767278ad99df8a7e4a2e275780b38fd4d3a45ca2f8250d105cf,912,798,,REFERENCE_ONLY,"Visually reviewed in the complete candidate-sheet pass; not promoted because it duplicated an existing scored concept, depended on answer-revealing teaching text, functioned primarily as a reference table/diagram, or was less discriminating than the retained quiz image.",,
51,/Users/chriselwell/Desktop/Pulm/Pulm Pictures/Pulm Picture/Asbestos-Exposure.png,Asbestos-Exposure.png,01ee4ce6bcfcb2581fc33f4b4a434b20a531c09dedb497185a79ca741bb01317,700,578,,REFERENCE_ONLY,"Visually reviewed in the complete candidate-sheet pass; not promoted because it duplicated an existing scored concept, depended on answer-revealing teaching text, functioned primarily as a reference table/diagram, or was less discriminating than the retained quiz image.",,
52,/Users/chriselwell/Desktop/Pulm/Pulm Pictures/Pulm Picture/Asbestos-Related Pleural Disease Lateral.jpg,Asbestos-Related Pleural Disease Lateral.jpg,300156e13c3eb2ebdfa66edbf6ca184c970c0dbfef6eda0ac7ed68a65bf59b57,823,1000,,REFERENCE_ONLY,"Visually reviewed in the complete candidate-sheet pass; not promoted because it duplicated an existing scored concept, depended on answer-revealing teaching text, functioned primarily as a reference table/diagram, or was less discriminating than the retained quiz image.",,
53,/Users/chriselwell/Desktop/Pulm/Pulm Pictures/Pulm Picture/Asbestos-Related Pleural Disease.jpg,Asbestos-Related Pleural Disease.jpg,7bd872c25b24e3fa67129d10d8a839a2ecd07ff062793ef7bb4c00df64b51c6b,1081,1000,,REFERENCE_ONLY,"Visually reviewed in the complete candidate-sheet pass; not promoted because it duplicated an existing scored concept, depended on answer-revealing teaching text, functioned primarily as a reference table/diagram, or was less discriminating than the retained quiz image.",,
54,/Users/chriselwell/Desktop/Pulm/Pulm Pictures/Pulm Picture/Asbestosis Gross.jpg,Asbestosis Gross.jpg,311d24482970aeb31630753d1491616db231210fff594552cd062efa33aa9115,809,1000,,REFERENCE_ONLY,"Visually reviewed in the complete candidate-sheet pass; not promoted because it duplicated an existing scored concept, depended on answer-revealing teaching text, functioned primarily as a reference table/diagram, or was less discriminating than the retained quiz image.",,
55,/Users/chriselwell/Desktop/Pulm/Pulm Pictures/Pulm Picture/Asbestosis HE.jpg,Asbestosis HE.jpg,a378fb312f70a45e3f0e9454be3b1367af2b2d0f5d93b398319385e53b729155,1333,1000,,REFERENCE_ONLY,"Visually reviewed in the complete candidate-sheet pass; not promoted because it duplicated an existing scored concept, depended on answer-revealing teaching text, functioned primarily as a reference table/diagram, or was less discriminating than the retained quiz image.",,
56,/Users/chriselwell/Desktop/Pulm/Pulm Pictures/Pulm Picture/Asbestosis.jpg,Asbestosis.jpg,196a0ee599fa1390187596aa4100fd41309e18dde1af9a5285d7bb22be7075a3,1532,1000,,REFERENCE_ONLY,"Visually reviewed in the complete candidate-sheet pass; not promoted because it duplicated an existing scored concept, depended on answer-revealing teaching text, functioned primarily as a reference table/diagram, or was less discriminating than the retained quiz image.",,
57,/Users/chriselwell/Desktop/Pulm/Pulm Pictures/Pulm Picture/Asbestosis.png,Asbestosis.png,ef33709cffe87ff592dd7e37b16f73cb8043823d2874d1839913d504a7dd77d1,524,517,,REFERENCE_ONLY,"Visually reviewed in the complete candidate-sheet pass; not promoted because it duplicated an existing scored concept, depended on answer-revealing teaching text, functioned primarily as a reference table/diagram, or was less discriminating than the retained quiz image.",,
58,/Users/chriselwell/Desktop/Pulm/Pulm Pictures/Pulm Picture/Aspergilloma 2.jpg,Aspergilloma 2.jpg,a65bca20d6ee31317aabcdba6c2519ffce960f0d61f63882b7099dca1eb2986b,1111,1000,,REFERENCE_ONLY,"Visually reviewed in the complete candidate-sheet pass; not promoted because it duplicated an existing scored concept, depended on answer-revealing teaching text, functioned primarily as a reference table/diagram, or was less discriminating than the retained quiz image.",,
59,/Users/chriselwell/Desktop/Pulm/Pulm Pictures/Pulm Picture/Aspergillosis.jpg,Aspergillosis.jpg,93eb01e8289aa520074c8d0b6621367fa282b3ec963f849169f683d75ec5b377,1361,1000,,REFERENCE_ONLY,"Visually reviewed in the complete candidate-sheet pass; not promoted because it duplicated an existing scored concept, depended on answer-revealing teaching text, functioned primarily as a reference table/diagram, or was less discriminating than the retained quiz image.",,
60,/Users/chriselwell/Desktop/Pulm/Pulm Pictures/Pulm Picture/Aspergillus Endocarditis.jpg,Aspergillus Endocarditis.jpg,00e449921298698ca61e2d49c0578561ff347a10e449d2833b7d851f2ab0f593,1505,1000,,REFERENCE_ONLY,"Visually reviewed in the complete candidate-sheet pass; not promoted because it duplicated an existing scored concept, depended on answer-revealing teaching text, functioned primarily as a reference table/diagram, or was less discriminating than the retained quiz image.",,
61,/Users/chriselwell/Desktop/Pulm/Pulm Pictures/Pulm Picture/Aspergillus Fumigatus Overview.png,Aspergillus Fumigatus Overview.png,9c79d631602e7903b8d587d4223e1ed2774c45c68939b18d220678e4ded9327c,1832,426,,REFERENCE_ONLY,"Visually reviewed in the complete candidate-sheet pass; not promoted because it duplicated an existing scored concept, depended on answer-revealing teaching text, functioned primarily as a reference table/diagram, or was less discriminating than the retained quiz image.",,
62,/Users/chriselwell/Desktop/Pulm/Pulm Pictures/Pulm Picture/Aspergillus Fumigatus.jpg,Aspergillus Fumigatus.jpg,3fed0687e05bd73a9d94d379627e3dbef2a4cc501a8076e6131a0060a2c279aa,1499,1000,,REFERENCE_ONLY,"Visually reviewed in the complete candidate-sheet pass; not promoted because it duplicated an existing scored concept, depended on answer-revealing teaching text, functioned primarily as a reference table/diagram, or was less discriminating than the retained quiz image.",,
63,/Users/chriselwell/Desktop/Pulm/Pulm Pictures/Pulm Picture/Asthma Type I Hypersnesitivity.png,Asthma Type I Hypersnesitivity.png,623d4e9a1383da037254faf99d33233219db728aca2e67f3a97d11c2c9a7c4da,2400,1300,,REFERENCE_ONLY,"Visually reviewed in the complete candidate-sheet pass; not promoted because it duplicated an existing scored concept, depended on answer-revealing teaching text, functioned primarily as a reference table/diagram, or was less discriminating than the retained quiz image.",,
64,/Users/chriselwell/Desktop/Pulm/Pulm Pictures/Pulm Picture/Asthma-Drugs.png,Asthma-Drugs.png,84fa574f1a725f9a49ffefdde24db79000ce61bf3f9a03f4f4dee5f3c8a4ecc6,1468,970,,REFERENCE_ONLY,"Visually reviewed in the complete candidate-sheet pass; not promoted because it duplicated an existing scored concept, depended on answer-revealing teaching text, functioned primarily as a reference table/diagram, or was less discriminating than the retained quiz image.",,
65,/Users/chriselwell/Desktop/Pulm/Pulm Pictures/Pulm Picture/Asthma-Exacerbation-Triage-in-the-Emergency-Department.png,Asthma-Exacerbation-Triage-in-the-Emergency-Department.png,2f83fa947045c0b874e16a735ec7e3772aa53c54f1f2772d76926cd6aeaea2e2,700,740,,REFERENCE_ONLY,"Visually reviewed in the complete candidate-sheet pass; not promoted because it duplicated an existing scored concept, depended on answer-revealing teaching text, functioned primarily as a reference table/diagram, or was less discriminating than the retained quiz image.",,
66,/Users/chriselwell/Desktop/Pulm/Pulm Pictures/Pulm Picture/Asthma-Risk-Factors.png,Asthma-Risk-Factors.png,3694bdcf1ad6c94349bf3880aa037c78540e0b00cb269e4fb2eb59dd0a05287e,766,498,,REFERENCE_ONLY,"Visually reviewed in the complete candidate-sheet pass; not promoted because it duplicated an existing scored concept, depended on answer-revealing teaching text, functioned primarily as a reference table/diagram, or was less discriminating than the retained quiz image.",,
67,/Users/chriselwell/Desktop/Pulm/Pulm Pictures/Pulm Picture/Atelectasis-Chest-Xray.png,Atelectasis-Chest-Xray.png,435d4fb3a16a2e294fce2ec83b9dbc7ca7b51a13418e6a6fd803c49693517acc,274,356,,REFERENCE_ONLY,"Visually reviewed in the complete candidate-sheet pass; not promoted because it duplicated an existing scored concept, depended on answer-revealing teaching text, functioned primarily as a reference table/diagram, or was less discriminating than the retained quiz image.",,
68,/Users/chriselwell/Desktop/Pulm/Pulm Pictures/Pulm Picture/Atelectasis-Summary.png,Atelectasis-Summary.png,bdb0290880d3c5c345c7041434a6430b5e34558aa72f08360ea604a69e009235,1186,648,,REFERENCE_ONLY,"Visually reviewed in the complete candidate-sheet pass; not promoted because it duplicated an existing scored concept, depended on answer-revealing teaching text, functioned primarily as a reference table/diagram, or was less discriminating than the retained quiz image.",,
69,/Users/chriselwell/Desktop/Pulm/Pulm Pictures/Pulm Picture/Atelectasis-with-Ipsilateral-Tracheal-Deviation.png,Atelectasis-with-Ipsilateral-Tracheal-Deviation.png,cbdaebea68c0891b75efb1fbd7cc9b6669f25f59e15c2d9a7c438b1424c9c23c,700,398,,REFERENCE_ONLY,"Visually reviewed in the complete candidate-sheet pass; not promoted because it duplicated an existing scored concept, depended on answer-revealing teaching text, functioned primarily as a reference table/diagram, or was less discriminating than the retained quiz image.",,
70,/Users/chriselwell/Desktop/Pulm/Pulm Pictures/Pulm Picture/Atypical Pneumonia.jpg,Atypical Pneumonia.jpg,26c8fe0c03ecbd14a7269e60e17bb78450c0814055d4fda5f782d0e51b4139bf,700,392,,REFERENCE_ONLY,"Visually reviewed in the complete candidate-sheet pass; not promoted because it duplicated an existing scored concept, depended on answer-revealing teaching text, functioned primarily as a reference table/diagram, or was less discriminating than the retained quiz image.",,
71,/Users/chriselwell/Desktop/Pulm/Pulm Pictures/Pulm Picture/Azoles Overview.png,Azoles Overview.png,99e9a46dcb1948ce1461fd942560278825fdfcdedb41a3dba431746c41918eff,1852,526,,REFERENCE_ONLY,"Visually reviewed in the complete candidate-sheet pass; not promoted because it duplicated an existing scored concept, depended on answer-revealing teaching text, functioned primarily as a reference table/diagram, or was less discriminating than the retained quiz image.",,
72,/Users/chriselwell/Desktop/Pulm/Pulm Pictures/Pulm Picture/Azoles.jpg,Azoles.jpg,86419d6470d8cd0e98f3f9c55e107a759705bb5e4b05caa24fbb74d4f02fcf15,700,545,,REFERENCE_ONLY,"Visually reviewed in the complete candidate-sheet pass; not promoted because it duplicated an existing scored concept, depended on answer-revealing teaching text, functioned primarily as a reference table/diagram, or was less discriminating than the retained quiz image.",,
73,/Users/chriselwell/Desktop/Pulm/Pulm Pictures/Pulm Picture/B Asbestos Ferruginous Body Prussian Blue Stain.png,B Asbestos Ferruginous Body Prussian Blue Stain.png,f2122b43aa7e5dceb9b412e7ca40dfd8dde9217ec86cef285bfff287e7d9272a,374,312,,REFERENCE_ONLY,"Visually reviewed in the complete candidate-sheet pass; not promoted because it duplicated an existing scored concept, depended on answer-revealing teaching text, functioned primarily as a reference table/diagram, or was less discriminating than the retained quiz image.",,
74,/Users/chriselwell/Desktop/Pulm/Pulm Pictures/Pulm Picture/B Pleural Effusion Post Thoracentesis CXR CT.png,B Pleural Effusion Post Thoracentesis CXR CT.png,92a5bcd752c34905c6f49cbce845d4b61638923cbe04b624314b76d68841e211,545,245,,REFERENCE_ONLY,"Visually reviewed in the complete candidate-sheet pass; not promoted because it duplicated an existing scored concept, depended on answer-revealing teaching text, functioned primarily as a reference table/diagram, or was less discriminating than the retained quiz image.",,
75,/Users/chriselwell/Desktop/Pulm/Pulm Pictures/Pulm Picture/Bacteria Overview.jpg,Bacteria Overview.jpg,bdb447aa5757ad8873d469dffd668005cc456139f7b4444f1a97f6935f98a8ee,2827,2000,,REFERENCE_ONLY,"Visually reviewed in the complete candidate-sheet pass; not promoted because it duplicated an existing scored concept, depended on answer-revealing teaching text, functioned primarily as a reference table/diagram, or was less discriminating than the retained quiz image.",,
76,/Users/chriselwell/Desktop/Pulm/Pulm Pictures/Pulm Picture/Bcnprawya.png,Bcnprawya.png,9770b4285d9ca52c94903f897a15b3b125f2a3048cee2e0ffb82e3970a4b72f3,3869,2999,,REFERENCE_ONLY,"Visually reviewed in the complete candidate-sheet pass; not promoted because it duplicated an existing scored concept, depended on answer-revealing teaching text, functioned primarily as a reference table/diagram, or was less discriminating than the retained quiz image.",,
77,/Users/chriselwell/Desktop/Pulm/Pulm Pictures/Pulm Picture/Bilateral Hyperinflation and Right Lung Consolidation.jpg,Bilateral Hyperinflation and Right Lung Consolidation.jpg,ce65cfcfa744e718e8b5be45825b28a9933150176a37912a7ecf698063fbe0ad,1396,1000,,REFERENCE_ONLY,"Visually reviewed in the complete candidate-sheet pass; not promoted because it duplicated an existing scored concept, depended on answer-revealing teaching text, functioned primarily as a reference table/diagram, or was less discriminating than the retained quiz image.",,
78,/Users/chriselwell/Desktop/Pulm/Pulm Pictures/Pulm Picture/Bilateral Pulmonary Opacities.jpg,Bilateral Pulmonary Opacities.jpg,204765d848fac14fbf21ee6f0f78f389b05d6a08ae6390cdd9686ee6e356c0cc,1029,1000,,REFERENCE_ONLY,"Visually reviewed in the complete candidate-sheet pass; not promoted because it duplicated an existing scored concept, depended on answer-revealing teaching text, functioned primarily as a reference table/diagram, or was less discriminating than the retained quiz image.",,
79,/Users/chriselwell/Desktop/Pulm/Pulm Pictures/Pulm Picture/Bilateral Upper Lobe Cavitary Lung Disease TB.jpg,Bilateral Upper Lobe Cavitary Lung Disease TB.jpg,9f376c1ccf264d7378530316510e6bd6784d47e118fb1d6dcd9a13630142f98d,842,1000,,REFERENCE_ONLY,"Visually reviewed in the complete candidate-sheet pass; not promoted because it duplicated an existing scored concept, depended on answer-revealing teaching text, functioned primarily as a reference table/diagram, or was less discriminating than the retained quiz image.",,
80,/Users/chriselwell/Desktop/Pulm/Pulm Pictures/Pulm Picture/Bilateral-Pleural-Effusions.png,Bilateral-Pleural-Effusions.png,dc2ac9629f37afad16bb551eae3b170b6452d7a5f7c1c313f5a592cd8183da2f,571,752,,REFERENCE_ONLY,"Visually reviewed in the complete candidate-sheet pass; not promoted because it duplicated an existing scored concept, depended on answer-revealing teaching text, functioned primarily as a reference table/diagram, or was less discriminating than the retained quiz image.",,
81,/Users/chriselwell/Desktop/Pulm/Pulm Pictures/Pulm Picture/Bilateral-Pulmonary-Emboli.png,Bilateral-Pulmonary-Emboli.png,c450538b5670603c8c4d4d2c724093c228e94a8525f5f6cf8d66f31a65c30b15,700,327,,REFERENCE_ONLY,"Visually reviewed in the complete candidate-sheet pass; not promoted because it duplicated an existing scored concept, depended on answer-revealing teaching text, functioned primarily as a reference table/diagram, or was less discriminating than the retained quiz image.",,
82,/Users/chriselwell/Desktop/Pulm/Pulm Pictures/Pulm Picture/Blasto Geo.png,Blasto Geo.png,dc38767cbdb7fd7c8bdf6e7994c77322a364be393b7b8b9f883e87631b09ba12,700,487,,REFERENCE_ONLY,"Visually reviewed in the complete candidate-sheet pass; not promoted because it duplicated an existing scored concept, depended on answer-revealing teaching text, functioned primarily as a reference table/diagram, or was less discriminating than the retained quiz image.",,
83,/Users/chriselwell/Desktop/Pulm/Pulm Pictures/Pulm Picture/Blasto.jpg,Blasto.jpg,cb65209c6109861fe7152752e1aaf5d8a4fdb951d2e867c9fc7ba65464b5711a,700,669,,REFERENCE_ONLY,"Visually reviewed in the complete candidate-sheet pass; not promoted because it duplicated an existing scored concept, depended on answer-revealing teaching text, functioned primarily as a reference table/diagram, or was less discriminating than the retained quiz image.",,
84,/Users/chriselwell/Desktop/Pulm/Pulm Pictures/Pulm Picture/Blasto.png,Blasto.png,27e12e44b320c952afb2e624ce9145bb908a367a7bf379768271cca4b971a561,1448,1086,,REFERENCE_ONLY,"Visually reviewed in the complete candidate-sheet pass; not promoted because it duplicated an existing scored concept, depended on answer-revealing teaching text, functioned primarily as a reference table/diagram, or was less discriminating than the retained quiz image.",,
85,/Users/chriselwell/Desktop/Pulm/Pulm Pictures/Pulm Picture/Blastomyces Dermatitidis (Yeast Form).jpg,Blastomyces Dermatitidis (Yeast Form).jpg,37c02e7fc1f277bd98ee6c15fde43ae1b34b04255a7a6ea540329aa1e3a80b4f,1000,1000,,REFERENCE_ONLY,"Visually reviewed in the complete candidate-sheet pass; not promoted because it duplicated an existing scored concept, depended on answer-revealing teaching text, functioned primarily as a reference table/diagram, or was less discriminating than the retained quiz image.",,
86,/Users/chriselwell/Desktop/Pulm/Pulm Pictures/Pulm Picture/Blastomycosis.png,Blastomycosis.png,5135bd80c4e6b5ba140e2bc923745854aa2d59fbf82e793ac28aa617d76e2924,1186,680,,REFERENCE_ONLY,"Visually reviewed in the complete candidate-sheet pass; not promoted because it duplicated an existing scored concept, depended on answer-revealing teaching text, functioned primarily as a reference table/diagram, or was less discriminating than the retained quiz image.",,
87,/Users/chriselwell/Desktop/Pulm/Pulm Pictures/Pulm Picture/Blood-and-Respiration-Basics.png,Blood-and-Respiration-Basics.png,30a0841ccf29ae9e0115e4761655f91d0c9d7cee2a8cc59dc7108e828144d957,2226,1206,,REFERENCE_ONLY,"Visually reviewed in the complete candidate-sheet pass; not promoted because it duplicated an existing scored concept, depended on answer-revealing teaching text, functioned primarily as a reference table/diagram, or was less discriminating than the retained quiz image.",,
88,/Users/chriselwell/Desktop/Pulm/Pulm Pictures/Pulm Picture/Blunt-Chest-Trauma.jpg,Blunt-Chest-Trauma.jpg,1c1f5be080bb60e1f14fc64e6803a38adfa8e9118414e1117aa88b7a4c41118c,700,615,,REFERENCE_ONLY,"Visually reviewed in the complete candidate-sheet pass; not promoted because it duplicated an existing scored concept, depended on answer-revealing teaching text, functioned primarily as a reference table/diagram, or was less discriminating than the retained quiz image.",,
89,/Users/chriselwell/Desktop/Pulm/Pulm Pictures/Pulm Picture/Bohrs-Method-Physiologic-Dead-Space-Formula.png,Bohrs-Method-Physiologic-Dead-Space-Formula.png,e028b5391ad19ca74f82f847e2e5f1606b2dd32dfe105645ed99fbc45345cc33,1822,590,,REFERENCE_ONLY,"Visually reviewed in the complete candidate-sheet pass; not promoted because it duplicated an existing scored concept, depended on answer-revealing teaching text, functioned primarily as a reference table/diagram, or was less discriminating than the retained quiz image.",,
90,/Users/chriselwell/Desktop/Pulm/Pulm Pictures/Pulm Picture/Bronchi-and-Bronchioles-Notes.png,Bronchi-and-Bronchioles-Notes.png,2a511e53f143f7636256a5cbace6c0db81e658e0291172b413f3ff2f9ce3dc39,1526,852,,REFERENCE_ONLY,"Visually reviewed in the complete candidate-sheet pass; not promoted because it duplicated an existing scored concept, depended on answer-revealing teaching text, functioned primarily as a reference table/diagram, or was less discriminating than the retained quiz image.",,
91,/Users/chriselwell/Desktop/Pulm/Pulm Pictures/Pulm Picture/Bronchial-Wall-Histology.jpg,Bronchial-Wall-Histology.jpg,3ffd2f11eb9ae66a241059c3ee8c5d01166a0e1a2270905ec738b6b08d5907ca,700,532,,REFERENCE_ONLY,"Visually reviewed in the complete candidate-sheet pass; not promoted because it duplicated an existing scored concept, depended on answer-revealing teaching text, functioned primarily as a reference table/diagram, or was less discriminating than the retained quiz image.",,
92,/Users/chriselwell/Desktop/Pulm/Pulm Pictures/Pulm Picture/Bronchiectasis Lung Specimens.jpg,Bronchiectasis Lung Specimens.jpg,bdf973bf09f4cce407faa9b0c18c71ccc0f060d35d37684c7ab0b605a8dfd809,635,999,,REFERENCE_ONLY,"Visually reviewed in the complete candidate-sheet pass; not promoted because it duplicated an existing scored concept, depended on answer-revealing teaching text, functioned primarily as a reference table/diagram, or was less discriminating than the retained quiz image.",,
93,/Users/chriselwell/Desktop/Pulm/Pulm Pictures/Pulm Picture/Bronchiectasis Right Lung Saggital.jpg,Bronchiectasis Right Lung Saggital.jpg,838aa214e8f43c1aefacf2f600df7418a9ebe0ec99e8b4c7eb6719d624f7b6b6,631,999,,REFERENCE_ONLY,"Visually reviewed in the complete candidate-sheet pass; not promoted because it duplicated an existing scored concept, depended on answer-revealing teaching text, functioned primarily as a reference table/diagram, or was less discriminating than the retained quiz image.",,
94,/Users/chriselwell/Desktop/Pulm/Pulm Pictures/Pulm Picture/Bronchiectasis.jpg,Bronchiectasis.jpg,96a6bc9589ba6a46f770b1f590a1dfc8d194f4ef4c3d85bff2e243cf91733d98,1429,1000,,REFERENCE_ONLY,"Visually reviewed in the complete candidate-sheet pass; not promoted because it duplicated an existing scored concept, depended on answer-revealing teaching text, functioned primarily as a reference table/diagram, or was less discriminating than the retained quiz image.",,
95,/Users/chriselwell/Desktop/Pulm/Pulm Pictures/Pulm Picture/Bronchiolitis Copy.png,Bronchiolitis Copy.png,21ce9e26f7adf14d81012db062ec3e6607ce1988beaae80e27c51420cada2e41,1184,668,,REFERENCE_ONLY,"Visually reviewed in the complete candidate-sheet pass; not promoted because it duplicated an existing scored concept, depended on answer-revealing teaching text, functioned primarily as a reference table/diagram, or was less discriminating than the retained quiz image.",,
96,/Users/chriselwell/Desktop/Pulm/Pulm Pictures/Pulm Picture/Bronchiolitis.png,Bronchiolitis.png,b7f87d1dd304a7e9b19c6ac0d4a77d96fa55e169ce5228abc1fe66a2e0d20a30,2750,2131,,REFERENCE_ONLY,"Visually reviewed in the complete candidate-sheet pass; not promoted because it duplicated an existing scored concept, depended on answer-revealing teaching text, functioned primarily as a reference table/diagram, or was less discriminating than the retained quiz image.",,
97,/Users/chriselwell/Desktop/Pulm/Pulm Pictures/Pulm Picture/Bronchoconstriction-vs-Bronchodilation.png,Bronchoconstriction-vs-Bronchodilation.png,c0692378f9ff0d25fc853c1a8c3fa75500dfe51225879e85ac0bc34b421fc27c,2074,1174,,REFERENCE_ONLY,"Visually reviewed in the complete candidate-sheet pass; not promoted because it duplicated an existing scored concept, depended on answer-revealing teaching text, functioned primarily as a reference table/diagram, or was less discriminating than the retained quiz image.",,
98,/Users/chriselwell/Desktop/Pulm/Pulm Pictures/Pulm Picture/Bronchopulmonary-Dysplasia.png,Bronchopulmonary-Dysplasia.png,021a1075c35e63df2ad3c4ee03986fde701d0800aeaaeb4ff1ebface2e89777f,1180,584,,REFERENCE_ONLY,"Visually reviewed in the complete candidate-sheet pass; not promoted because it duplicated an existing scored concept, depended on answer-revealing teaching text, functioned primarily as a reference table/diagram, or was less discriminating than the retained quiz image.",,
99,/Users/chriselwell/Desktop/Pulm/Pulm Pictures/Pulm Picture/Bullous Emphysema PA View.jpg,Bullous Emphysema PA View.jpg,fa445f833336f98c5d7257a2984c8c1b2198a6a6934837fc54677ffd80c0f5e2,1000,1000,,REFERENCE_ONLY,"Visually reviewed in the complete candidate-sheet pass; not promoted because it duplicated an existing scored concept, depended on answer-revealing teaching text, functioned primarily as a reference table/diagram, or was less discriminating than the retained quiz image.",,
100,/Users/chriselwell/Desktop/Pulm/Pulm Pictures/Pulm Picture/C Berylliosis Noncaseating Granuloma Histology.png,C Berylliosis Noncaseating Granuloma Histology.png,c7d584dce1ecd75c3d0b6274bfa567987de731ffd421cbbddf5d8f0bbfc092bb,373,312,,REFERENCE_ONLY,"Visually reviewed in the complete candidate-sheet pass; not promoted because it duplicated an existing scored concept, depended on answer-revealing teaching text, functioned primarily as a reference table/diagram, or was less discriminating than the retained quiz image.",,
101,/Users/chriselwell/Desktop/Pulm/Pulm Pictures/Pulm Picture/C Sarcoidosis Extensive Hilar and Mediastinal Adenopathy CT.png,C Sarcoidosis Extensive Hilar and Mediastinal Adenopathy CT.png,9adcc3127a32f695351e79f10cd15ae5321492214196b2d557bc997c8363038a,370,319,,REFERENCE_ONLY,"Visually reviewed in the complete candidate-sheet pass; not promoted because it duplicated an existing scored concept, depended on answer-revealing teaching text, functioned primarily as a reference table/diagram, or was less discriminating than the retained quiz image.",,
102,/Users/chriselwell/Desktop/Pulm/Pulm Pictures/Pulm Picture/Calculation-of-the-Anion-Gap.jpg,Calculation-of-the-Anion-Gap.jpg,294cdb57eaa5df7b7c8bc3e8eff747ea171c6025d6ced1811daede807598a763,351,568,,REFERENCE_ONLY,"Visually reviewed in the complete candidate-sheet pass; not promoted because it duplicated an existing scored concept, depended on answer-revealing teaching text, functioned primarily as a reference table/diagram, or was less discriminating than the retained quiz image.",,
103,/Users/chriselwell/Desktop/Pulm/Pulm Pictures/Pulm Picture/Carbonic-Anhydrase-Reaction-Capillary.png,Carbonic-Anhydrase-Reaction-Capillary.png,a53abf791d79d35181b100b12d7092450bf28698357105d6b7e85571c82e5e1b,936,800,,REFERENCE_ONLY,"Visually reviewed in the complete candidate-sheet pass; not promoted because it duplicated an existing scored concept, depended on answer-revealing teaching text, functioned primarily as a reference table/diagram, or was less discriminating than the retained quiz image.",,
104,/Users/chriselwell/Desktop/Pulm/Pulm Pictures/Pulm Picture/Carcinoid Syndrome.png,Carcinoid Syndrome.png,8451db1dee9f092a7f0e6dfc885682f9f3b72e04a71a49249130cf7c4a55c38c,2400,1925,,REFERENCE_ONLY,"Visually reviewed in the complete candidate-sheet pass; not promoted because it duplicated an existing scored concept, depended on answer-revealing teaching text, functioned primarily as a reference table/diagram, or was less discriminating than the retained quiz image.",,
105,/Users/chriselwell/Desktop/Pulm/Pulm Pictures/Pulm Picture/Caseating granulomas with central necrosis and Langhans giant cell.png,Caseating granulomas with central necrosis and Langhans giant cell.png,17cd577259fa38ca180d3b5893a6bbdeaebd2145c493d4010bb2b59e43298aec,558,424,,REFERENCE_ONLY,"Visually reviewed in the complete candidate-sheet pass; not promoted because it duplicated an existing scored concept, depended on answer-revealing teaching text, functioned primarily as a reference table/diagram, or was less discriminating than the retained quiz image.",,
106,/Users/chriselwell/Desktop/Pulm/Pulm Pictures/Pulm Picture/Causes of Solitary Pulmonary Nodules.png,Causes of Solitary Pulmonary Nodules.png,c25f77feb5971fc49ae1df90fba09bf096f1e4d23fa72c2f8d722c7255d2e8f5,1180,338,,REFERENCE_ONLY,"Visually reviewed in the complete candidate-sheet pass; not promoted because it duplicated an existing scored concept, depended on answer-revealing teaching text, functioned primarily as a reference table/diagram, or was less discriminating than the retained quiz image.",,
107,/Users/chriselwell/Desktop/Pulm/Pulm Pictures/Pulm Picture/Causes-of-Hypoxemia-Table.png,Causes-of-Hypoxemia-Table.png,e8632448fe6bbc6d31bf06cdf8c451b391186e5f956c3769336d7fadd657920f,1856,610,,REFERENCE_ONLY,"Visually reviewed in the complete candidate-sheet pass; not promoted because it duplicated an existing scored concept, depended on answer-revealing teaching text, functioned primarily as a reference table/diagram, or was less discriminating than the retained quiz image.",,
108,/Users/chriselwell/Desktop/Pulm/Pulm Pictures/Pulm Picture/Causes-of-Oxygen-Deprivation-Table.png,Causes-of-Oxygen-Deprivation-Table.png,a460bae2a90167254529dbc30346e6bd2824dbab1668d1fffc0b61b9bfb771c7,1456,1294,,REFERENCE_ONLY,"Visually reviewed in the complete candidate-sheet pass; not promoted because it duplicated an existing scored concept, depended on answer-revealing teaching text, functioned primarily as a reference table/diagram, or was less discriminating than the retained quiz image.",,
109,/Users/chriselwell/Desktop/Pulm/Pulm Pictures/Pulm Picture/causes-of-pleural-effusion copy.png,causes-of-pleural-effusion copy.png,46d513e8e552271491ee04508b88b8403e921245f54f0c588f074caa693bc63f,700,576,,REFERENCE_ONLY,"Visually reviewed in the complete candidate-sheet pass; not promoted because it duplicated an existing scored concept, depended on answer-revealing teaching text, functioned primarily as a reference table/diagram, or was less discriminating than the retained quiz image.",,
110,/Users/chriselwell/Desktop/Pulm/Pulm Pictures/Pulm Picture/Causes-of-Pleural-Effusion.png,Causes-of-Pleural-Effusion.png,dbf9410ba667865207110b795b460892fe0c33a5c82328464d658f74a5a81092,1112,852,,REFERENCE_ONLY,"Visually reviewed in the complete candidate-sheet pass; not promoted because it duplicated an existing scored concept, depended on answer-revealing teaching text, functioned primarily as a reference table/diagram, or was less discriminating than the retained quiz image.",,
111,/Users/chriselwell/Desktop/Pulm/Pulm Pictures/Pulm Picture/Cell Wall Antibiotics.png,Cell Wall Antibiotics.png,c745f3e524aabbf946569548433df52f2fc6b0b12edbf635d394a24299e244d7,700,784,,REFERENCE_ONLY,"Visually reviewed in the complete candidate-sheet pass; not promoted because it duplicated an existing scored concept, depended on answer-revealing teaching text, functioned primarily as a reference table/diagram, or was less discriminating than the retained quiz image.",,
112,/Users/chriselwell/Desktop/Pulm/Pulm Pictures/Pulm Picture/Cell Walls of Gram-Positive and Gram-Negative Bacteria.jpg,Cell Walls of Gram-Positive and Gram-Negative Bacteria.jpg,74a50ab0378bb39302f2390f824254397d25cc90f9daba7dcd8403d5bab58aaf,1600,858,,REFERENCE_ONLY,"Visually reviewed in the complete candidate-sheet pass; not promoted because it duplicated an existing scored concept, depended on answer-revealing teaching text, functioned primarily as a reference table/diagram, or was less discriminating than the retained quiz image.",,
113,/Users/chriselwell/Desktop/Pulm/Pulm Pictures/Pulm Picture/Cells and Structures of Lungs and Airways.jpeg,Cells and Structures of Lungs and Airways.jpeg,8a53b4a3e1013bab6e9b6c1c2df0eb3eae282393a0ea5996f5565ab948f8748a,3600,1782,,REFERENCE_ONLY,"Visually reviewed in the complete candidate-sheet pass; not promoted because it duplicated an existing scored concept, depended on answer-revealing teaching text, functioned primarily as a reference table/diagram, or was less discriminating than the retained quiz image.",,
114,/Users/chriselwell/Desktop/Pulm/Pulm Pictures/Pulm Picture/Centrilobular and Panlobular Emphysema.jpg,Centrilobular and Panlobular Emphysema.jpg,bf961c5e85cc604fd34dab8bf64bec3d623a5614525813f6484a47b16af0004e,1359,1000,,REFERENCE_ONLY,"Visually reviewed in the complete candidate-sheet pass; not promoted because it duplicated an existing scored concept, depended on answer-revealing teaching text, functioned primarily as a reference table/diagram, or was less discriminating than the retained quiz image.",,
115,/Users/chriselwell/Desktop/Pulm/Pulm Pictures/Pulm Picture/Centrilobular Pulmonary Emphysema.jpg,Centrilobular Pulmonary Emphysema.jpg,40bb0b0a96d9598ace27acf1ab79b05f2433eddc67945d69ba42d171e4b86c3d,1600,981,,REFERENCE_ONLY,"Visually reviewed in the complete candidate-sheet pass; not promoted because it duplicated an existing scored concept, depended on answer-revealing teaching text, functioned primarily as a reference table/diagram, or was less discriminating than the retained quiz image.",,
116,/Users/chriselwell/Desktop/Pulm/Pulm Pictures/Pulm Picture/CF Clinical Manifestations.png,CF Clinical Manifestations.png,c6c27824bb7bd65373d7f2c2758acf6e60af9e759f973c17f88bb8401708ef27,2400,1860,,REFERENCE_ONLY,"Visually reviewed in the complete candidate-sheet pass; not promoted because it duplicated an existing scored concept, depended on answer-revealing teaching text, functioned primarily as a reference table/diagram, or was less discriminating than the retained quiz image.",,
117,/Users/chriselwell/Desktop/Pulm/Pulm Pictures/Pulm Picture/CF Infection.png,CF Infection.png,c4dd26d2ce679c4ba1d7f649d0ffa2bbbe201f6afffb72c7da143dc18b83e904,1024,536,,REFERENCE_ONLY,"Visually reviewed in the complete candidate-sheet pass; not promoted because it duplicated an existing scored concept, depended on answer-revealing teaching text, functioned primarily as a reference table/diagram, or was less discriminating than the retained quiz image.",,
118,/Users/chriselwell/Desktop/Pulm/Pulm Pictures/Pulm Picture/CFTR Channel.png,CFTR Channel.png,758ef7da805cc1eeb61d74ecd87eac3d2b0ecd0cb7c181d0a348e13c2501b6ee,2400,1919,,REFERENCE_ONLY,"Visually reviewed in the complete candidate-sheet pass; not promoted because it duplicated an existing scored concept, depended on answer-revealing teaching text, functioned primarily as a reference table/diagram, or was less discriminating than the retained quiz image.",,
119,/Users/chriselwell/Desktop/Pulm/Pulm Pictures/Pulm Picture/Characteristics-of-Pulmonary-Blood-Flow-Table.png,Characteristics-of-Pulmonary-Blood-Flow-Table.png,716c5a3e865ee6dfb6b439daefc67ef8ae09421c98ff618fe4db2e491a14a948,1640,404,,REFERENCE_ONLY,"Visually reviewed in the complete candidate-sheet pass; not promoted because it duplicated an existing scored concept, depended on answer-revealing teaching text, functioned primarily as a reference table/diagram, or was less discriminating than the retained quiz image.",,
120,/Users/chriselwell/Desktop/Pulm/Pulm Pictures/Pulm Picture/Charcot-Leyden Crystal.jpg,Charcot-Leyden Crystal.jpg,e2f67c391775815fb88f9fef0245b4a4ec3692640183c7ad7eccc90462094ad6,1478,1000,,REFERENCE_ONLY,"Visually reviewed in the complete candidate-sheet pass; not promoted because it duplicated an existing scored concept, depended on answer-revealing teaching text, functioned primarily as a reference table/diagram, or was less discriminating than the retained quiz image.",,
121,/Users/chriselwell/Desktop/Pulm/Pulm Pictures/Pulm Picture/Charcot-Leyden Crystals.jpeg,Charcot-Leyden Crystals.jpeg,58859c6fea0e3125372527765cafb10ae7fec0b5e70eac1b03cd19fe4bec4dc7,700,460,,REFERENCE_ONLY,"Visually reviewed in the complete candidate-sheet pass; not promoted because it duplicated an existing scored concept, depended on answer-revealing teaching text, functioned primarily as a reference table/diagram, or was less discriminating than the retained quiz image.",,
122,/Users/chriselwell/Desktop/Pulm/Pulm Pictures/Pulm Picture/Chest Disorder Selected Physical Findings Part 1.png,Chest Disorder Selected Physical Findings Part 1.png,d7d5bed4c62bd445aab648eb086ac2b56fcbe7115d0a079b23323ee14093c124,1446,1390,,REFERENCE_ONLY,"Visually reviewed in the complete candidate-sheet pass; not promoted because it duplicated an existing scored concept, depended on answer-revealing teaching text, functioned primarily as a reference table/diagram, or was less discriminating than the retained quiz image.",,
123,/Users/chriselwell/Desktop/Pulm/Pulm Pictures/Pulm Picture/Chest Disorder Selected Physical Findings Part 2.png,Chest Disorder Selected Physical Findings Part 2.png,06278ea0095d233325a4249301faeb5df851b9dbf2ab6c8460c471c3202830be,1120,972,,REFERENCE_ONLY,"Visually reviewed in the complete candidate-sheet pass; not promoted because it duplicated an existing scored concept, depended on answer-revealing teaching text, functioned primarily as a reference table/diagram, or was less discriminating than the retained quiz image.",,
124,/Users/chriselwell/Desktop/Pulm/Pulm Pictures/Pulm Picture/Chest Disorder Selected Physical Findings.png,Chest Disorder Selected Physical Findings.png,354586b70e1df2f48d2fde43965cb37e52c6cdecff0ee1b90ccbac7648b2816d,900,1488,,REFERENCE_ONLY,"Visually reviewed in the complete candidate-sheet pass; not promoted because it duplicated an existing scored concept, depended on answer-revealing teaching text, functioned primarily as a reference table/diagram, or was less discriminating than the retained quiz image.",,
125,/Users/chriselwell/Desktop/Pulm/Pulm Pictures/Pulm Picture/Chest Pain and Related Causes.png,Chest Pain and Related Causes.png,d46b532a606dada2b829bef78b56ae26034177ec8f55f23d24b5295ce2fdc2f6,908,558,,REFERENCE_ONLY,"Visually reviewed in the complete candidate-sheet pass; not promoted because it duplicated an existing scored concept, depended on answer-revealing teaching text, functioned primarily as a reference table/diagram, or was less discriminating than the retained quiz image.",,
126,/Users/chriselwell/Desktop/Pulm/Pulm Pictures/Pulm Picture/Chest Pain.png,Chest Pain.png,0ef59d7569ec5f73bb1cf89c0da8a728b97f0c254d07de3aacdf8c47c91d81a6,1958,1202,,REFERENCE_ONLY,"Visually reviewed in the complete candidate-sheet pass; not promoted because it duplicated an existing scored concept, depended on answer-revealing teaching text, functioned primarily as a reference table/diagram, or was less discriminating than the retained quiz image.",,
127,/Users/chriselwell/Desktop/Pulm/Pulm Pictures/Pulm Picture/Chest Tube Pneumothorax.png,Chest Tube Pneumothorax.png,f3ac51d23a5d6b6bad1b6b312403becb4b7130302c2f550f3a0248ce9a5bbe59,3150,2100,,REFERENCE_ONLY,"Visually reviewed in the complete candidate-sheet pass; not promoted because it duplicated an existing scored concept, depended on answer-revealing teaching text, functioned primarily as a reference table/diagram, or was less discriminating than the retained quiz image.",,
128,/Users/chriselwell/Desktop/Pulm/Pulm Pictures/Pulm Picture/Chest-Wall-and-Lung-Curve-Notes.png,Chest-Wall-and-Lung-Curve-Notes.png,95775b769e1dd79057beef00d48ba8b8db5611b28eb9e968bacc01749fa5a832,2040,1172,,REFERENCE_ONLY,"Visually reviewed in the complete candidate-sheet pass; not promoted because it duplicated an existing scored concept, depended on answer-revealing teaching text, functioned primarily as a reference table/diagram, or was less discriminating than the retained quiz image.",,
129,/Users/chriselwell/Desktop/Pulm/Pulm Pictures/Pulm Picture/Cheyne-Stokes-Breathing-Pattern.jpg,Cheyne-Stokes-Breathing-Pattern.jpg,1922e483582f0bc4de587bac8ffffc6a9270b14d986cc1c6001b12c44b240ae9,700,191,,REFERENCE_ONLY,"Visually reviewed in the complete candidate-sheet pass; not promoted because it duplicated an existing scored concept, depended on answer-revealing teaching text, functioned primarily as a reference table/diagram, or was less discriminating than the retained quiz image.",,
130,/Users/chriselwell/Desktop/Pulm/Pulm Pictures/Pulm Picture/Chronic Rhinosinusitis.jpg,Chronic Rhinosinusitis.jpg,45ebc9103d88328e689166657a1d6a00865fb32e6f88b4af3428b12867fed433,928,1000,,REFERENCE_ONLY,"Visually reviewed in the complete candidate-sheet pass; not promoted because it duplicated an existing scored concept, depended on answer-revealing teaching text, functioned primarily as a reference table/diagram, or was less discriminating than the retained quiz image.",,
131,/Users/chriselwell/Desktop/Pulm/Pulm Pictures/Pulm Picture/Chronic-Obstructive-Pulmonary-Disease-Pathophysiology.jpg,Chronic-Obstructive-Pulmonary-Disease-Pathophysiology.jpg,f7fd33d4a60a26bf0b8c158884361556cb55eac800d3ad53561230332442c012,700,421,,REFERENCE_ONLY,"Visually reviewed in the complete candidate-sheet pass; not promoted because it duplicated an existing scored concept, depended on answer-revealing teaching text, functioned primarily as a reference table/diagram, or was less discriminating than the retained quiz image.",,
132,/Users/chriselwell/Desktop/Pulm/Pulm Pictures/Pulm Picture/Chronic-Silicosis-Mixed-Features.png,Chronic-Silicosis-Mixed-Features.png,99910943e5f43c3e4fa291c5472a2fb03955748b924c08ac4bcbba5355ade1c8,574,563,,REFERENCE_ONLY,"Visually reviewed in the complete candidate-sheet pass; not promoted because it duplicated an existing scored concept, depended on answer-revealing teaching text, functioned primarily as a reference table/diagram, or was less discriminating than the retained quiz image.",,
133,/Users/chriselwell/Desktop/Pulm/Pulm Pictures/Pulm Picture/Chronic-Silicosis-Progressive-Massive-Fibrosis-Ct.png,Chronic-Silicosis-Progressive-Massive-Fibrosis-Ct.png,57aec77382ff7a647116fb78e38ccf2689ae11b7a316cb3b9e7f217f31fef22b,700,675,,REFERENCE_ONLY,"Visually reviewed in the complete candidate-sheet pass; not promoted because it duplicated an existing scored concept, depended on answer-revealing teaching text, functioned primarily as a reference table/diagram, or was less discriminating than the retained quiz image.",,
134,/Users/chriselwell/Desktop/Pulm/Pulm Pictures/Pulm Picture/Chronic-Silicosis-Progressive-Massive-Fibrosis-Histology.png,Chronic-Silicosis-Progressive-Massive-Fibrosis-Histology.png,ae4c9999a76c7527e06b846d291900732f5e893946eb68e3f7260fca5bc679d3,700,465,,REFERENCE_ONLY,"Visually reviewed in the complete candidate-sheet pass; not promoted because it duplicated an existing scored concept, depended on answer-revealing teaching text, functioned primarily as a reference table/diagram, or was less discriminating than the retained quiz image.",,
135,/Users/chriselwell/Desktop/Pulm/Pulm Pictures/Pulm Picture/Chronic-Silicosis-Upper-Lobe-Fibrosis.jpg,Chronic-Silicosis-Upper-Lobe-Fibrosis.jpg,12e0704fc28849267d20bbeab53ff651d813c2409339a1bf1c4d8e7fee5b2a32,700,622,,REFERENCE_ONLY,"Visually reviewed in the complete candidate-sheet pass; not promoted because it duplicated an existing scored concept, depended on answer-revealing teaching text, functioned primarily as a reference table/diagram, or was less discriminating than the retained quiz image.",,
136,/Users/chriselwell/Desktop/Pulm/Pulm Pictures/Pulm Picture/Classic Values in Bronchitis.png,Classic Values in Bronchitis.png,c99854f8c93493ba086c89ea692d08b567ca8566fc283d6589856591d61d55d3,500,404,,REFERENCE_ONLY,"Visually reviewed in the complete candidate-sheet pass; not promoted because it duplicated an existing scored concept, depended on answer-revealing teaching text, functioned primarily as a reference table/diagram, or was less discriminating than the retained quiz image.",,
137,/Users/chriselwell/Desktop/Pulm/Pulm Pictures/Pulm Picture/Classic-Pulmonary-Function-Patterns.png,Classic-Pulmonary-Function-Patterns.png,9f983b5c8faa861ed6ed7d500c541c066ec642d2aa756155177226719ccb6f60,700,653,,REFERENCE_ONLY,"Visually reviewed in the complete candidate-sheet pass; not promoted because it duplicated an existing scored concept, depended on answer-revealing teaching text, functioned primarily as a reference table/diagram, or was less discriminating than the retained quiz image.",,
138,/Users/chriselwell/Desktop/Pulm/Pulm Pictures/Pulm Picture/Clinical Features of Cryptococcal Meningoencephalitis.png,Clinical Features of Cryptococcal Meningoencephalitis.png,3234f4198fd52db7160975a056e08a1206d4d0116b57a1c86c3eaf5520b93f83,960,430,,REFERENCE_ONLY,"Visually reviewed in the complete candidate-sheet pass; not promoted because it duplicated an existing scored concept, depended on answer-revealing teaching text, functioned primarily as a reference table/diagram, or was less discriminating than the retained quiz image.",,
139,/Users/chriselwell/Desktop/Pulm/Pulm Pictures/Pulm Picture/Co-Poisoning-Hemoglobin-Dissociation-Curve.png,Co-Poisoning-Hemoglobin-Dissociation-Curve.png,8c46040b995f704f7016a97480ed24113574d677ab4e5777cc7fdfa27688240e,952,862,,REFERENCE_ONLY,"Visually reviewed in the complete candidate-sheet pass; not promoted because it duplicated an existing scored concept, depended on answer-revealing teaching text, functioned primarily as a reference table/diagram, or was less discriminating than the retained quiz image.",,
140,/Users/chriselwell/Desktop/Pulm/Pulm Pictures/Pulm Picture/CO2 Transport 2.png,CO2 Transport 2.png,ce13650708ebf5d3abd809dea76e9cce4be451318da2fe78b69bdd461377ea3c,3300,2550,,REFERENCE_ONLY,"Visually reviewed in the complete candidate-sheet pass; not promoted because it duplicated an existing scored concept, depended on answer-revealing teaching text, functioned primarily as a reference table/diagram, or was less discriminating than the retained quiz image.",,
141,/Users/chriselwell/Desktop/Pulm/Pulm Pictures/Pulm Picture/Co2-Equilibrium-Alveolus-Capillary.png,Co2-Equilibrium-Alveolus-Capillary.png,6c17a1606ab750431b56d05cc021ace83a3fab1c2d2f741b25f51aa901920ea7,1796,1170,,REFERENCE_ONLY,"Visually reviewed in the complete candidate-sheet pass; not promoted because it duplicated an existing scored concept, depended on answer-revealing teaching text, functioned primarily as a reference table/diagram, or was less discriminating than the retained quiz image.",,
142,/Users/chriselwell/Desktop/Pulm/Pulm Pictures/Pulm Picture/Co2-Transfer-Bloodstream-to-Lungs.png,Co2-Transfer-Bloodstream-to-Lungs.png,501bc3b22276bdb63482dc3119320861a6f7494e122e9a7c5d23fd5c06da0a69,1300,838,,REFERENCE_ONLY,"Visually reviewed in the complete candidate-sheet pass; not promoted because it duplicated an existing scored concept, depended on answer-revealing teaching text, functioned primarily as a reference table/diagram, or was less discriminating than the retained quiz image.",,
143,/Users/chriselwell/Desktop/Pulm/Pulm Pictures/Pulm Picture/Co2-Transfer-Tissues-to-Bloodstream.png,Co2-Transfer-Tissues-to-Bloodstream.png,9b0320c19b3cfd2e2e64dd2312117a526c342c9ea464f4a1b4f14f6c39cf489d,1320,850,,REFERENCE_ONLY,"Visually reviewed in the complete candidate-sheet pass; not promoted because it duplicated an existing scored concept, depended on answer-revealing teaching text, functioned primarily as a reference table/diagram, or was less discriminating than the retained quiz image.",,
144,/Users/chriselwell/Desktop/Pulm/Pulm Pictures/Pulm Picture/Coal Worker's Pneumoconiosis.png,Coal Worker's Pneumoconiosis.png,786c3c5d3fb5033cd9c884fd58056c9b65c1bab817756fae77c72be91b33de6e,354,349,,REFERENCE_ONLY,"Visually reviewed in the complete candidate-sheet pass; not promoted because it duplicated an existing scored concept, depended on answer-revealing teaching text, functioned primarily as a reference table/diagram, or was less discriminating than the retained quiz image.",,
145,/Users/chriselwell/Desktop/Pulm/Pulm Pictures/Pulm Picture/Coccidioidomycosis (Valley Fever) Fact Sheet and US Endemicity Map.jpg,Coccidioidomycosis (Valley Fever) Fact Sheet and US Endemicity Map.jpg,9239f69252e390cdf9492a9a895d0ea0b632637e6ee462b98144b19f8d26f28d,1600,678,,REFERENCE_ONLY,"Visually reviewed in the complete candidate-sheet pass; not promoted because it duplicated an existing scored concept, depended on answer-revealing teaching text, functioned primarily as a reference table/diagram, or was less discriminating than the retained quiz image.",,
146,/Users/chriselwell/Desktop/Pulm/Pulm Pictures/Pulm Picture/Cocco Copy.png,Cocco Copy.png,d57b2efe880a3eea7d8a20f991db9526bcf6812e51113203d3eb1978d5484057,700,679,,REFERENCE_ONLY,"Visually reviewed in the complete candidate-sheet pass; not promoted because it duplicated an existing scored concept, depended on answer-revealing teaching text, functioned primarily as a reference table/diagram, or was less discriminating than the retained quiz image.",,
147,/Users/chriselwell/Desktop/Pulm/Pulm Pictures/Pulm Picture/Cocco Geo.png,Cocco Geo.png,3e27cbbd052e9b50e6f65cecd209e60e64ec1993015bd6790d3b2fe07585550f,700,435,,REFERENCE_ONLY,"Visually reviewed in the complete candidate-sheet pass; not promoted because it duplicated an existing scored concept, depended on answer-revealing teaching text, functioned primarily as a reference table/diagram, or was less discriminating than the retained quiz image.",,
148,/Users/chriselwell/Desktop/Pulm/Pulm Pictures/Pulm Picture/Cocco.png,Cocco.png,0fbf927ffdce95b5a2f1e90c41ef6ef4a449dd3b0c9c7c47b4568fd72371bf49,1535,1024,,REFERENCE_ONLY,"Visually reviewed in the complete candidate-sheet pass; not promoted because it duplicated an existing scored concept, depended on answer-revealing teaching text, functioned primarily as a reference table/diagram, or was less discriminating than the retained quiz image.",,
149,/Users/chriselwell/Desktop/Pulm/Pulm Pictures/Pulm Picture/Common Causes of Pneumonia by Age Table.png,Common Causes of Pneumonia by Age Table.png,87c13a3ec5072c20dfd488e04fab50081e94a5a8886c397c4e612eab2f77da8a,1854,1186,,REFERENCE_ONLY,"Visually reviewed in the complete candidate-sheet pass; not promoted because it duplicated an existing scored concept, depended on answer-revealing teaching text, functioned primarily as a reference table/diagram, or was less discriminating than the retained quiz image.",,
150,/Users/chriselwell/Desktop/Pulm/Pulm Pictures/Pulm Picture/Common Features of Sarcoidosis.png,Common Features of Sarcoidosis.png,a09f76b7c01f6f2c5b027fc805e70e44596b51ae73d008f8f952c06153b7517b,770,632,,REFERENCE_ONLY,"Visually reviewed in the complete candidate-sheet pass; not promoted because it duplicated an existing scored concept, depended on answer-revealing teaching text, functioned primarily as a reference table/diagram, or was less discriminating than the retained quiz image.",,
151,/Users/chriselwell/Desktop/Pulm/Pulm Pictures/Pulm Picture/Common or Concerning Symptoms.png,Common or Concerning Symptoms.png,683636120c35a4f79cf3d74a720f58d1466dee1ea5e25c43efc9baedefd814f1,928,312,,REFERENCE_ONLY,"Visually reviewed in the complete candidate-sheet pass; not promoted because it duplicated an existing scored concept, depended on answer-revealing teaching text, functioned primarily as a reference table/diagram, or was less discriminating than the retained quiz image.",,
152,/Users/chriselwell/Desktop/Pulm/Pulm Pictures/Pulm Picture/Common Pathogens in Hospital-Acquired Pneumonia.png,Common Pathogens in Hospital-Acquired Pneumonia.png,342aeb8ca555e379376f3ab1c097b69d2603381601b1b73fbc8859b38e6fe8df,700,332,,REFERENCE_ONLY,"Visually reviewed in the complete candidate-sheet pass; not promoted because it duplicated an existing scored concept, depended on answer-revealing teaching text, functioned primarily as a reference table/diagram, or was less discriminating than the retained quiz image.",,
153,/Users/chriselwell/Desktop/Pulm/Pulm Pictures/Pulm Picture/Common-Hypoxia-Causes-List.png,Common-Hypoxia-Causes-List.png,22922f1dc04da2e1f36678de96f3249987d0091592cda815854ca542c838da63,920,398,,REFERENCE_ONLY,"Visually reviewed in the complete candidate-sheet pass; not promoted because it duplicated an existing scored concept, depended on answer-revealing teaching text, functioned primarily as a reference table/diagram, or was less discriminating than the retained quiz image.",,
154,/Users/chriselwell/Desktop/Pulm/Pulm Pictures/Pulm Picture/Comparison of Diffusion-Limited and Perfusion-Limited Substance Exchange.jpg,Comparison of Diffusion-Limited and Perfusion-Limited Substance Exchange.jpg,e6aaca71df9bdf0ed993ccd152d80d2780affc242eaa2e0cb232c785d3bfca1d,1244,999,,REFERENCE_ONLY,"Visually reviewed in the complete candidate-sheet pass; not promoted because it duplicated an existing scored concept, depended on answer-revealing teaching text, functioned primarily as a reference table/diagram, or was less discriminating than the retained quiz image.",,
155,/Users/chriselwell/Desktop/Pulm/Pulm Pictures/Pulm Picture/Comparison of Pulmonary & Disseminated Features of Endemic Mycoses.png,Comparison of Pulmonary & Disseminated Features of Endemic Mycoses.png,34f7d421a4b9098786984273e36a9059a8c727819ab4095fc0b59ed597c71bbc,1184,496,,REFERENCE_ONLY,"Visually reviewed in the complete candidate-sheet pass; not promoted because it duplicated an existing scored concept, depended on answer-revealing teaching text, functioned primarily as a reference table/diagram, or was less discriminating than the retained quiz image.",,
156,/Users/chriselwell/Desktop/Pulm/Pulm Pictures/Pulm Picture/Compliance-Notes-Emphysema-Fibrosis.png,Compliance-Notes-Emphysema-Fibrosis.png,2f14ef40ba3971f44174d0bac5f6f7191acfb5047ad43fdb08dd63df57406f0e,2280,956,,REFERENCE_ONLY,"Visually reviewed in the complete candidate-sheet pass; not promoted because it duplicated an existing scored concept, depended on answer-revealing teaching text, functioned primarily as a reference table/diagram, or was less discriminating than the retained quiz image.",,
157,/Users/chriselwell/Desktop/Pulm/Pulm Pictures/Pulm Picture/Concha Bullosa.jpg,Concha Bullosa.jpg,c57ee5bb17a29ecf51f7e7a889727de7dc760cb7911a534c3a920e3faf503f58,1506,1000,,REFERENCE_ONLY,"Visually reviewed in the complete candidate-sheet pass; not promoted because it duplicated an existing scored concept, depended on answer-revealing teaching text, functioned primarily as a reference table/diagram, or was less discriminating than the retained quiz image.",,
158,/Users/chriselwell/Desktop/Pulm/Pulm Pictures/Pulm Picture/Congestive-Heart-Failure-Fissure-Sign-and-Kerley-B-Lines.jpg,Congestive-Heart-Failure-Fissure-Sign-and-Kerley-B-Lines.jpg,10e01bf2c6b5ca75b76398df752cb2a8f4f42c6e88f739d8d21328d0087e564a,700,550,,REFERENCE_ONLY,"Visually reviewed in the complete candidate-sheet pass; not promoted because it duplicated an existing scored concept, depended on answer-revealing teaching text, functioned primarily as a reference table/diagram, or was less discriminating than the retained quiz image.",,
159,/Users/chriselwell/Desktop/Pulm/Pulm Pictures/Pulm Picture/Cooperativity.png,Cooperativity.png,825f4565604dd9d6a9b770916f60322a05411f9bd1444aa0a8e7b61bac2ea3be,3869,2606,,REFERENCE_ONLY,"Visually reviewed in the complete candidate-sheet pass; not promoted because it duplicated an existing scored concept, depended on answer-revealing teaching text, functioned primarily as a reference table/diagram, or was less discriminating than the retained quiz image.",,
160,/Users/chriselwell/Desktop/Pulm/Pulm Pictures/Pulm Picture/COPD Fact Sheet.jpg,COPD Fact Sheet.jpg,9aafbc4e57da49198eb239944a0cd78cc48300330d420f8f5cb04d3e419cc3f3,1600,989,,REFERENCE_ONLY,"Visually reviewed in the complete candidate-sheet pass; not promoted because it duplicated an existing scored concept, depended on answer-revealing teaching text, functioned primarily as a reference table/diagram, or was less discriminating than the retained quiz image.",,
161,/Users/chriselwell/Desktop/Pulm/Pulm Pictures/Pulm Picture/COPD Pharmacology.png,COPD Pharmacology.png,0e0296956684ddf797218637ad34fba23159c6fbfc065d69f6b474bef01b6e89,3096,2400,,REFERENCE_ONLY,"Visually reviewed in the complete candidate-sheet pass; not promoted because it duplicated an existing scored concept, depended on answer-revealing teaching text, functioned primarily as a reference table/diagram, or was less discriminating than the retained quiz image.",,
162,/Users/chriselwell/Desktop/Pulm/Pulm Pictures/Pulm Picture/Copd-Acid-Base-Changes.png,Copd-Acid-Base-Changes.png,152b5c270740293f5de1396df7cbefd51fc181cea3922163d5685e586bf0f88d,2324,1122,,REFERENCE_ONLY,"Visually reviewed in the complete candidate-sheet pass; not promoted because it duplicated an existing scored concept, depended on answer-revealing teaching text, functioned primarily as a reference table/diagram, or was less discriminating than the retained quiz image.",,
163,/Users/chriselwell/Desktop/Pulm/Pulm Pictures/Pulm Picture/Copd-Normal-vs-Narrowed-Bronchus.png,Copd-Normal-vs-Narrowed-Bronchus.png,e851183d3364f884830ac18b71b309ef3a2f844b50e78dd42328f7de269dec98,946,578,,REFERENCE_ONLY,"Visually reviewed in the complete candidate-sheet pass; not promoted because it duplicated an existing scored concept, depended on answer-revealing teaching text, functioned primarily as a reference table/diagram, or was less discriminating than the retained quiz image.",,
164,/Users/chriselwell/Desktop/Pulm/Pulm Pictures/Pulm Picture/Corona Virus.png,Corona Virus.png,9f038991dde499895f5b35b779cb7e6013d33808f13a833dcaa751181c1134e0,1054,1182,,REFERENCE_ONLY,"Visually reviewed in the complete candidate-sheet pass; not promoted because it duplicated an existing scored concept, depended on answer-revealing teaching text, functioned primarily as a reference table/diagram, or was less discriminating than the retained quiz image.",,
165,/Users/chriselwell/Desktop/Pulm/Pulm Pictures/Pulm Picture/Coronavirus Disease 2019 (COVID-19).jpg,Coronavirus Disease 2019 (COVID-19).jpg,e845386dd98eedb6ebab29f2e54bc4438d8ebc69bfa3f399b50f2bdc82585503,1600,978,,REFERENCE_ONLY,"Visually reviewed in the complete candidate-sheet pass; not promoted because it duplicated an existing scored concept, depended on answer-revealing teaching text, functioned primarily as a reference table/diagram, or was less discriminating than the retained quiz image.",,
166,/Users/chriselwell/Desktop/Pulm/Pulm Pictures/Pulm Picture/Croup (Laryngotracheitis).png,Croup (Laryngotracheitis).png,904551fedcba51b77cc02fe69e4cc18abd2d16e93254514ce1bbdb08985c2d0a,1188,536,,REFERENCE_ONLY,"Visually reviewed in the complete candidate-sheet pass; not promoted because it duplicated an existing scored concept, depended on answer-revealing teaching text, functioned primarily as a reference table/diagram, or was less discriminating than the retained quiz image.",,
167,/Users/chriselwell/Desktop/Pulm/Pulm Pictures/Pulm Picture/Croup Factsheet.jpg,Croup Factsheet.jpg,d51e124bdad84b92e9f94dfe8be6cf097c7d8579fe891eb5b697c3e8d816a6dc,1600,948,,REFERENCE_ONLY,"Visually reviewed in the complete candidate-sheet pass; not promoted because it duplicated an existing scored concept, depended on answer-revealing teaching text, functioned primarily as a reference table/diagram, or was less discriminating than the retained quiz image.",,
168,/Users/chriselwell/Desktop/Pulm/Pulm Pictures/Pulm Picture/Croup.jpeg,Croup.jpeg,9a9c4b7ae913993866a602d17ac7efcbf2cf74fbb1ba05c34df354c374a4efc5,2166,2165,,REFERENCE_ONLY,"Visually reviewed in the complete candidate-sheet pass; not promoted because it duplicated an existing scored concept, depended on answer-revealing teaching text, functioned primarily as a reference table/diagram, or was less discriminating than the retained quiz image.",,
169,/Users/chriselwell/Desktop/Pulm/Pulm Pictures/Pulm Picture/Crypto 2.png,Crypto 2.png,c5a2c9390f7a86bcc2718987439010e2791fcb40e04889f36305d577c8923c05,700,649,,REFERENCE_ONLY,"Visually reviewed in the complete candidate-sheet pass; not promoted because it duplicated an existing scored concept, depended on answer-revealing teaching text, functioned primarily as a reference table/diagram, or was less discriminating than the retained quiz image.",,
170,/Users/chriselwell/Desktop/Pulm/Pulm Pictures/Pulm Picture/Crypto.jpg,Crypto.jpg,f1a360ae5e1b2a3576a5a4b6264f789b5a43be57ce151647e6d83a4c786f79fb,700,700,,REFERENCE_ONLY,"Visually reviewed in the complete candidate-sheet pass; not promoted because it duplicated an existing scored concept, depended on answer-revealing teaching text, functioned primarily as a reference table/diagram, or was less discriminating than the retained quiz image.",,
171,/Users/chriselwell/Desktop/Pulm/Pulm Pictures/Pulm Picture/Cryptococcus Neoformans Overview.png,Cryptococcus Neoformans Overview.png,913301d8cb83bbda0899e451ff3a86fd78bd6d74fbf791908ef9baf9e5b7ec88,1820,326,,REFERENCE_ONLY,"Visually reviewed in the complete candidate-sheet pass; not promoted because it duplicated an existing scored concept, depended on answer-revealing teaching text, functioned primarily as a reference table/diagram, or was less discriminating than the retained quiz image.",,
172,/Users/chriselwell/Desktop/Pulm/Pulm Pictures/Pulm Picture/Cryptococcus Neoformans.jpg,Cryptococcus Neoformans.jpg,51f3ad7e001009e44153bf7d750c656a5c19c849e289e140c18ec67f9fb41f39,1473,1000,,REFERENCE_ONLY,"Visually reviewed in the complete candidate-sheet pass; not promoted because it duplicated an existing scored concept, depended on answer-revealing teaching text, functioned primarily as a reference table/diagram, or was less discriminating than the retained quiz image.",,
173,/Users/chriselwell/Desktop/Pulm/Pulm Pictures/Pulm Picture/Curschmann spirals.jpg,Curschmann spirals.jpg,6167c1be6ec42ba2dc1d6e5666682605fc139fdee6bbaeb7bb0d3857f5ddfc12,1328,1000,,REFERENCE_ONLY,"Visually reviewed in the complete candidate-sheet pass; not promoted because it duplicated an existing scored concept, depended on answer-revealing teaching text, functioned primarily as a reference table/diagram, or was less discriminating than the retained quiz image.",,
174,/Users/chriselwell/Desktop/Pulm/Pulm Pictures/Pulm Picture/Cutaneous Manifestation of Sarcoidosis.jpg,Cutaneous Manifestation of Sarcoidosis.jpg,54da0ee80c84ab94a64a21375cfa7543a925caacc13413f590b89e7194cf3d18,1546,1000,,REFERENCE_ONLY,"Visually reviewed in the complete candidate-sheet pass; not promoted because it duplicated an existing scored concept, depended on answer-revealing teaching text, functioned primarily as a reference table/diagram, or was less discriminating than the retained quiz image.",,
175,/Users/chriselwell/Desktop/Pulm/Pulm Pictures/Pulm Picture/Cutaneous-Sarcoidosis.jpg,Cutaneous-Sarcoidosis.jpg,b1610ca7109c192258dcb3277aa53a95ad8af1233964094e4adb89808a802179,700,654,,REFERENCE_ONLY,"Visually reviewed in the complete candidate-sheet pass; not promoted because it duplicated an existing scored concept, depended on answer-revealing teaching text, functioned primarily as a reference table/diagram, or was less discriminating than the retained quiz image.",,
176,/Users/chriselwell/Desktop/Pulm/Pulm Pictures/Pulm Picture/Cystic Fibrosis Fact Sheet.jpg,Cystic Fibrosis Fact Sheet.jpg,f9e7fe2cb9e4049f800a9c83b792971ac2dac10a66cf54a5482e566f48031ac7,1600,832,,REFERENCE_ONLY,"Visually reviewed in the complete candidate-sheet pass; not promoted because it duplicated an existing scored concept, depended on answer-revealing teaching text, functioned primarily as a reference table/diagram, or was less discriminating than the retained quiz image.",,
177,/Users/chriselwell/Desktop/Pulm/Pulm Pictures/Pulm Picture/Dead-Space-Types-Diagram.png,Dead-Space-Types-Diagram.png,25e43c543c7bedb1dcc6780b207162dbfd4f11c504c00f9e93b5f73e7bc28334,2262,1136,,REFERENCE_ONLY,"Visually reviewed in the complete candidate-sheet pass; not promoted because it duplicated an existing scored concept, depended on answer-revealing teaching text, functioned primarily as a reference table/diagram, or was less discriminating than the retained quiz image.",,
178,/Users/chriselwell/Desktop/Pulm/Pulm Pictures/Pulm Picture/Deep-Vein-Thrombosis.jpg,Deep-Vein-Thrombosis.jpg,59d5bee0f5d0bbb27c462c779ebafa296f610379ded77e54e3ade672a43cf3f6,700,585,,REFERENCE_ONLY,"Visually reviewed in the complete candidate-sheet pass; not promoted because it duplicated an existing scored concept, depended on answer-revealing teaching text, functioned primarily as a reference table/diagram, or was less discriminating than the retained quiz image.",,
179,/Users/chriselwell/Desktop/Pulm/Pulm Pictures/Pulm Picture/Dextrocardia in Kartagener Syndrome.jpg,Dextrocardia in Kartagener Syndrome.jpg,52143a9e03beb06c28800a36832a28002fdd1fd14e96c72623ac5d928c31fbc3,1000,1000,,REFERENCE_ONLY,"Visually reviewed in the complete candidate-sheet pass; not promoted because it duplicated an existing scored concept, depended on answer-revealing teaching text, functioned primarily as a reference table/diagram, or was less discriminating than the retained quiz image.",,
180,/Users/chriselwell/Desktop/Pulm/Pulm Pictures/Pulm Picture/Diagnosis of Tonsillopharyngitis.jpg,Diagnosis of Tonsillopharyngitis.jpg,8c3b9bf10a1768c708a4d3933f867c501e2eeb312576e5dc29472f9269d1cbe6,1310,2000,,REFERENCE_ONLY,"Visually reviewed in the complete candidate-sheet pass; not promoted because it duplicated an existing scored concept, depended on answer-revealing teaching text, functioned primarily as a reference table/diagram, or was less discriminating than the retained quiz image.",,
181,/Users/chriselwell/Desktop/Pulm/Pulm Pictures/Pulm Picture/Diagnostic-Approach-to-Pulmonary-Embolism-Pe.png,Diagnostic-Approach-to-Pulmonary-Embolism-Pe.png,be1b40ee1180a7bf36b478b0592f99f2c92b75b8b2eb473f2a8d85ef4e02da97,1124,1194,,REFERENCE_ONLY,"Visually reviewed in the complete candidate-sheet pass; not promoted because it duplicated an existing scored concept, depended on answer-revealing teaching text, functioned primarily as a reference table/diagram, or was less discriminating than the retained quiz image.",,
182,/Users/chriselwell/Desktop/Pulm/Pulm Pictures/Pulm Picture/Diaphragmatic-Rupture-Bowel-in-Thorax.jpg,Diaphragmatic-Rupture-Bowel-in-Thorax.jpg,719c5b58d5b6f3586bb488fb4bc7cad34bb772929f21626db16775981a9ca529,540,591,,ADDED_SCORED,Intrathoracic bowel loops and mediastinal shift provide a discriminating radiographic task; only the answer title was removed.,q_4059823e919e,public/assets/images/quiz_f1fbdb9c0ac6f02e.png
183,/Users/chriselwell/Desktop/Pulm/Pulm Pictures/Pulm Picture/Diaphragmatic-Rupture-Mediastinal-Shift.png,Diaphragmatic-Rupture-Mediastinal-Shift.png,14fef6f5d8b7ffc6d85d979a00f37df922e76b30fc07276d46b61b9931620757,694,646,,REFERENCE_ONLY,"Visually reviewed in the complete candidate-sheet pass; not promoted because it duplicated an existing scored concept, depended on answer-revealing teaching text, functioned primarily as a reference table/diagram, or was less discriminating than the retained quiz image.",,
184,/Users/chriselwell/Desktop/Pulm/Pulm Pictures/Pulm Picture/Differential-Diagnosis-of-Metabolic-Alkalosis.jpg,Differential-Diagnosis-of-Metabolic-Alkalosis.jpg,ee8ef8489e4b298cbdd906efc64f7fa232de77f718ebaf8c73d488847e804481,682,471,,REFERENCE_ONLY,"Visually reviewed in the complete candidate-sheet pass; not promoted because it duplicated an existing scored concept, depended on answer-revealing teaching text, functioned primarily as a reference table/diagram, or was less discriminating than the retained quiz image.",,
185,/Users/chriselwell/Desktop/Pulm/Pulm Pictures/Pulm Picture/Differential-Diagnosis-of-Metabolic-Alkalosis.png,Differential-Diagnosis-of-Metabolic-Alkalosis.png,1aa2aae119c65b5b5e2f440507c17affe3e7dd6f90d7cfd95fa6c4bb99dee8a2,1094,1124,,REFERENCE_ONLY,"Visually reviewed in the complete candidate-sheet pass; not promoted because it duplicated an existing scored concept, depended on answer-revealing teaching text, functioned primarily as a reference table/diagram, or was less discriminating than the retained quiz image.",,
186,/Users/chriselwell/Desktop/Pulm/Pulm Pictures/Pulm Picture/Diffuse-Airspace-Opacification.png,Diffuse-Airspace-Opacification.png,a3aac001faadbe91851cadea31cfa0d30d1674f9fb739ceb2e8a1af1bc464c02,1088,708,,REFERENCE_ONLY,"Visually reviewed in the complete candidate-sheet pass; not promoted because it duplicated an existing scored concept, depended on answer-revealing teaching text, functioned primarily as a reference table/diagram, or was less discriminating than the retained quiz image.",,
187,/Users/chriselwell/Desktop/Pulm/Pulm Pictures/Pulm Picture/Digital Clubbing in Hypertrophic Osteoarthropathy.jpg,Digital Clubbing in Hypertrophic Osteoarthropathy.jpg,8bfd47238a94a5aeec6cb25ed4093bd007fe0814e9a7c62d0c691a1956f27dae,1527,999,,REFERENCE_ONLY,"Visually reviewed in the complete candidate-sheet pass; not promoted because it duplicated an existing scored concept, depended on answer-revealing teaching text, functioned primarily as a reference table/diagram, or was less discriminating than the retained quiz image.",,
188,/Users/chriselwell/Desktop/Pulm/Pulm Pictures/Pulm Picture/Digital Clubbing.jpg,Digital Clubbing.jpg,5b7423a40500f2146e9049f7df3e0c5f0537f7c3fc5a13bf085b9d59f2efdb36,1401,999,,REFERENCE_ONLY,"Visually reviewed in the complete candidate-sheet pass; not promoted because it duplicated an existing scored concept, depended on answer-revealing teaching text, functioned primarily as a reference table/diagram, or was less discriminating than the retained quiz image.",,
189,/Users/chriselwell/Desktop/Pulm/Pulm Pictures/Pulm Picture/Digital-Clubbing-Photo.png,Digital-Clubbing-Photo.png,28a3184cc01ee81efe362b1338d441d0fc88cb06073b50f1d94636610f5d6a46,292,326,,REFERENCE_ONLY,"Visually reviewed in the complete candidate-sheet pass; not promoted because it duplicated an existing scored concept, depended on answer-revealing teaching text, functioned primarily as a reference table/diagram, or was less discriminating than the retained quiz image.",,
190,/Users/chriselwell/Desktop/Pulm/Pulm Pictures/Pulm Picture/Digital-Clubbing.png,Digital-Clubbing.png,eddb75132de222181b5dd8e9448e9e06dc0c93f31c65ae9376459c8d423a97a0,543,572,,REFERENCE_ONLY,"Visually reviewed in the complete candidate-sheet pass; not promoted because it duplicated an existing scored concept, depended on answer-revealing teaching text, functioned primarily as a reference table/diagram, or was less discriminating than the retained quiz image.",,
191,/Users/chriselwell/Desktop/Pulm/Pulm Pictures/Pulm Picture/Disseminated Histoplasmosis.png,Disseminated Histoplasmosis.png,3da0ba9f6bd5cc14298989bb9c10bc60884cbf1cbbd65d9b72700b18000e4421,970,762,,REFERENCE_ONLY,"Visually reviewed in the complete candidate-sheet pass; not promoted because it duplicated an existing scored concept, depended on answer-revealing teaching text, functioned primarily as a reference table/diagram, or was less discriminating than the retained quiz image.",,
192,/Users/chriselwell/Desktop/Pulm/Pulm Pictures/Pulm Picture/DNA Virus.png,DNA Virus.png,289d5c398e8a476e5bd35d459aeefe30af9967751994be732f0f9af648e2f59c,602,555,,REFERENCE_ONLY,"Visually reviewed in the complete candidate-sheet pass; not promoted because it duplicated an existing scored concept, depended on answer-revealing teaching text, functioned primarily as a reference table/diagram, or was less discriminating than the retained quiz image.",,
193,/Users/chriselwell/Desktop/Pulm/Pulm Pictures/Pulm Picture/Drowning-Injuries.png,Drowning-Injuries.png,bce95402d71a41c4644076e880a71afce0846c760335e66ecde6a2dde738a315,994,476,,REFERENCE_ONLY,"Visually reviewed in the complete candidate-sheet pass; not promoted because it duplicated an existing scored concept, depended on answer-revealing teaching text, functioned primarily as a reference table/diagram, or was less discriminating than the retained quiz image.",,
194,/Users/chriselwell/Desktop/Pulm/Pulm Pictures/Pulm Picture/Dynamic Pressure-Volume Loop (Normal Respiration).jpg,Dynamic Pressure-Volume Loop (Normal Respiration).jpg,99e8fb9c094d1e78c3790eae1e5da2295dd510e16738b6ca2e33e14e933660d7,1092,1000,,REFERENCE_ONLY,"Visually reviewed in the complete candidate-sheet pass; not promoted because it duplicated an existing scored concept, depended on answer-revealing teaching text, functioned primarily as a reference table/diagram, or was less discriminating than the retained quiz image.",,
195,/Users/chriselwell/Desktop/Pulm/Pulm Pictures/Pulm Picture/Dynpnea Factors.png,Dynpnea Factors.png,5171b064070fdafd72b10d7537088e5ae38dda1e7772894fb829517b22bc4cbb,1228,1330,,REFERENCE_ONLY,"Visually reviewed in the complete candidate-sheet pass; not promoted because it duplicated an existing scored concept, depended on answer-revealing teaching text, functioned primarily as a reference table/diagram, or was less discriminating than the retained quiz image.",,
196,/Users/chriselwell/Desktop/Pulm/Pulm Pictures/Pulm Picture/Dyspnea Issues.png,Dyspnea Issues.png,7b3022e764561dc6deb078725d6c843d20a921b338b680b340a36183223431ca,1268,1362,,REFERENCE_ONLY,"Visually reviewed in the complete candidate-sheet pass; not promoted because it duplicated an existing scored concept, depended on answer-revealing teaching text, functioned primarily as a reference table/diagram, or was less discriminating than the retained quiz image.",,
197,/Users/chriselwell/Desktop/Pulm/Pulm Pictures/Pulm Picture/E Large Cell Lung Carcinoma Pleomorphic Giant Cells Histology.png,E Large Cell Lung Carcinoma Pleomorphic Giant Cells Histology.png,e362e199dd037f10b1af88ba94a0cae9ec90ba633b6fd7e3dffa860c857270f8,282,254,,REFERENCE_ONLY,"Visually reviewed in the complete candidate-sheet pass; not promoted because it duplicated an existing scored concept, depended on answer-revealing teaching text, functioned primarily as a reference table/diagram, or was less discriminating than the retained quiz image.",,
198,/Users/chriselwell/Desktop/Pulm/Pulm Pictures/Pulm Picture/ECG of a Patient with Pulmonary Embolism.jpg,ECG of a Patient with Pulmonary Embolism.jpg,8802d480c791738ee20f947283261b8f5f5e3b2320841f779b7a10bd642f526d,1600,561,,REFERENCE_ONLY,"Visually reviewed in the complete candidate-sheet pass; not promoted because it duplicated an existing scored concept, depended on answer-revealing teaching text, functioned primarily as a reference table/diagram, or was less discriminating than the retained quiz image.",,
199,/Users/chriselwell/Desktop/Pulm/Pulm Pictures/Pulm Picture/Edemic Mycosis.png,Edemic Mycosis.png,c95ed49ab6f8e9aff3c2a6cb5d49017e9b0ea413f6130f703d2774ae0599ee5b,1066,552,,REFERENCE_ONLY,"Visually reviewed in the complete candidate-sheet pass; not promoted because it duplicated an existing scored concept, depended on answer-revealing teaching text, functioned primarily as a reference table/diagram, or was less discriminating than the retained quiz image.",,
200,/Users/chriselwell/Desktop/Pulm/Pulm Pictures/Pulm Picture/Effects of Endotoxins and Exotoxins.jpeg,Effects of Endotoxins and Exotoxins.jpeg,b1e44ca58122d99ecdc7a2f2596ea97129f00402cb5172245371f3f45134d098,3600,2136,,REFERENCE_ONLY,"Visually reviewed in the complete candidate-sheet pass; not promoted because it duplicated an existing scored concept, depended on answer-revealing teaching text, functioned primarily as a reference table/diagram, or was less discriminating than the retained quiz image.",,
201,/Users/chriselwell/Desktop/Pulm/Pulm Pictures/Pulm Picture/EKG Patterns.png,EKG Patterns.png,92a7fed85715462af0ff745297cdb62de761e8859d8adf60992ff3f5f52e1c26,1498,1176,,REFERENCE_ONLY,"Visually reviewed in the complete candidate-sheet pass; not promoted because it duplicated an existing scored concept, depended on answer-revealing teaching text, functioned primarily as a reference table/diagram, or was less discriminating than the retained quiz image.",,
202,/Users/chriselwell/Desktop/Pulm/Pulm Pictures/Pulm Picture/Endemic Mycoses Comparison Table.png,Endemic Mycoses Comparison Table.png,19b907cd0e646eb6cd523557cd41c36274389e2b9f4a123adc48696d8af3f95b,1490,1186,,REFERENCE_ONLY,"Visually reviewed in the complete candidate-sheet pass; not promoted because it duplicated an existing scored concept, depended on answer-revealing teaching text, functioned primarily as a reference table/diagram, or was less discriminating than the retained quiz image.",,
203,/Users/chriselwell/Desktop/Pulm/Pulm Pictures/Pulm Picture/Endemic Mycoses US Distribution Map.png,Endemic Mycoses US Distribution Map.png,cc5fe7b4324f5851a7693685000fc797ffedd5dd24eed389de0da584ec106d64,986,588,,REFERENCE_ONLY,"Visually reviewed in the complete candidate-sheet pass; not promoted because it duplicated an existing scored concept, depended on answer-revealing teaching text, functioned primarily as a reference table/diagram, or was less discriminating than the retained quiz image.",,
204,/Users/chriselwell/Desktop/Pulm/Pulm Pictures/Pulm Picture/Enveloped vs Naked Virus.jpg,Enveloped vs Naked Virus.jpg,87e2b39b559299b45b7b125d652dbc74f0af3b19bda5bf8b16355078cdcd04ae,700,397,,REFERENCE_ONLY,"Visually reviewed in the complete candidate-sheet pass; not promoted because it duplicated an existing scored concept, depended on answer-revealing teaching text, functioned primarily as a reference table/diagram, or was less discriminating than the retained quiz image.",,
205,/Users/chriselwell/Desktop/Pulm/Pulm Pictures/Pulm Picture/Epiglottis Thumb Sign.jpeg,Epiglottis Thumb Sign.jpeg,f984335719797bcd7373a7d29ce7aea17770e5f251776a1348b91f13c3637f3a,630,624,,ADDED_SCORED,"Clean, complete lateral neck radiograph with a directly testable visual sign and matching P33 lecture context.",q_5bfda1e68918,public/assets/images/quiz_f257ba30a0b87fdf.png
206,/Users/chriselwell/Desktop/Pulm/Pulm Pictures/Pulm Picture/Epiglottitis-Thumbprint-Sign.jpg,Epiglottitis-Thumbprint-Sign.jpg,8626dfe6f74526b6421f5861b69fae17213cb16af529d99d955712a896457be5,700,544,,REFERENCE_ONLY,"Visually reviewed in the complete candidate-sheet pass; not promoted because it duplicated an existing scored concept, depended on answer-revealing teaching text, functioned primarily as a reference table/diagram, or was less discriminating than the retained quiz image.",,
207,/Users/chriselwell/Desktop/Pulm/Pulm Pictures/Pulm Picture/Epiglottitis-with-Thumb-Sign.png,Epiglottitis-with-Thumb-Sign.png,688de707b6aec4c4466516e040425874284a0cd8e312c766725128e9193e50df,700,495,,REFERENCE_ONLY,"Visually reviewed in the complete candidate-sheet pass; not promoted because it duplicated an existing scored concept, depended on answer-revealing teaching text, functioned primarily as a reference table/diagram, or was less discriminating than the retained quiz image.",,
208,/Users/chriselwell/Desktop/Pulm/Pulm Pictures/Pulm Picture/Epiglottitis.jpg,Epiglottitis.jpg,ea396e9d12064a03490e3b6f50b9b97e6c4e7497560acea2664d84939cfacc2f,1404,1000,,REFERENCE_ONLY,"Visually reviewed in the complete candidate-sheet pass; not promoted because it duplicated an existing scored concept, depended on answer-revealing teaching text, functioned primarily as a reference table/diagram, or was less discriminating than the retained quiz image.",,
209,/Users/chriselwell/Desktop/Pulm/Pulm Pictures/Pulm Picture/Epiglottitis.png,Epiglottitis.png,6074624a403b479c85b75e507ec6372b77975b780fca09e82aa300dacb743a80,2400,1860,,REFERENCE_ONLY,"Visually reviewed in the complete candidate-sheet pass; not promoted because it duplicated an existing scored concept, depended on answer-revealing teaching text, functioned primarily as a reference table/diagram, or was less discriminating than the retained quiz image.",,
210,/Users/chriselwell/Desktop/Pulm/Pulm Pictures/Pulm Picture/Epithelioid Mesothelioma.jpg,Epithelioid Mesothelioma.jpg,7927187b4ff26e3f04a7ef8fe0e7b5661470c81ec239270fff3dbb7e0a661340,1333,1000,,REFERENCE_ONLY,"Visually reviewed in the complete candidate-sheet pass; not promoted because it duplicated an existing scored concept, depended on answer-revealing teaching text, functioned primarily as a reference table/diagram, or was less discriminating than the retained quiz image.",,
211,/Users/chriselwell/Desktop/Pulm/Pulm Pictures/Pulm Picture/Epithelioid-Mesothelioma.png,Epithelioid-Mesothelioma.png,3d694f22b393c377772cbae454a6b97182640f270e74e9442dab4a568de6e282,700,629,,REFERENCE_ONLY,"Visually reviewed in the complete candidate-sheet pass; not promoted because it duplicated an existing scored concept, depended on answer-revealing teaching text, functioned primarily as a reference table/diagram, or was less discriminating than the retained quiz image.",,
212,/Users/chriselwell/Desktop/Pulm/Pulm Pictures/Pulm Picture/EPO.png,EPO.png,b472f1ba11b38c0c52b28c062d6475d454e7346f8e1cdd7ac29f6c7278f56b77,1934,1760,,REFERENCE_ONLY,"Visually reviewed in the complete candidate-sheet pass; not promoted because it duplicated an existing scored concept, depended on answer-revealing teaching text, functioned primarily as a reference table/diagram, or was less discriminating than the retained quiz image.",,
213,/Users/chriselwell/Desktop/Pulm/Pulm Pictures/Pulm Picture/Erythema Nodosum in Sarcoidosis.jpg,Erythema Nodosum in Sarcoidosis.jpg,c984b1be967469969074e5109a14a135edbecadcde9ebce95ba0f3be09d49413,1547,1000,,REFERENCE_ONLY,"Visually reviewed in the complete candidate-sheet pass; not promoted because it duplicated an existing scored concept, depended on answer-revealing teaching text, functioned primarily as a reference table/diagram, or was less discriminating than the retained quiz image.",,
214,/Users/chriselwell/Desktop/Pulm/Pulm Pictures/Pulm Picture/Erythema-Nodosum.png,Erythema-Nodosum.png,9a0e35eaac472d6b1363503b174a03383816c1c2b5901208e9402a0a03a17272,391,533,,REFERENCE_ONLY,"Visually reviewed in the complete candidate-sheet pass; not promoted because it duplicated an existing scored concept, depended on answer-revealing teaching text, functioned primarily as a reference table/diagram, or was less discriminating than the retained quiz image.",,
215,/Users/chriselwell/Desktop/Pulm/Pulm Pictures/Pulm Picture/Evaluation-of-Metabolic-Acidosis.jpg,Evaluation-of-Metabolic-Acidosis.jpg,6c72a4e7b105c0c5269550baa6c807890319b5c79727bb2245ce36d41a4397ba,617,554,,REFERENCE_ONLY,"Visually reviewed in the complete candidate-sheet pass; not promoted because it duplicated an existing scored concept, depended on answer-revealing teaching text, functioned primarily as a reference table/diagram, or was less discriminating than the retained quiz image.",,
216,/Users/chriselwell/Desktop/Pulm/Pulm Pictures/Pulm Picture/Evaluation-of-Suspected-Asthma.jpg,Evaluation-of-Suspected-Asthma.jpg,49b522f197df590dc7625d43f792d87f70b9d70ab2fca045127a8d3edda74b92,660,620,,REFERENCE_ONLY,"Visually reviewed in the complete candidate-sheet pass; not promoted because it duplicated an existing scored concept, depended on answer-revealing teaching text, functioned primarily as a reference table/diagram, or was less discriminating than the retained quiz image.",,
217,/Users/chriselwell/Desktop/Pulm/Pulm Pictures/Pulm Picture/Exercise-Induced-Bronchoconstriction.png,Exercise-Induced-Bronchoconstriction.png,cea876ea41e82bad1c25e751468f73948bf70af1be69489df6a274fc5e8148a1,1190,644,,REFERENCE_ONLY,"Visually reviewed in the complete candidate-sheet pass; not promoted because it duplicated an existing scored concept, depended on answer-revealing teaching text, functioned primarily as a reference table/diagram, or was less discriminating than the retained quiz image.",,
218,/Users/chriselwell/Desktop/Pulm/Pulm Pictures/Pulm Picture/Exhalation-Pressure-Changes-Diagram.png,Exhalation-Pressure-Changes-Diagram.png,65f5957b431b564e627b84ae254c876df77a31d49536f82fd371ad083ceb1520,2214,1072,,REFERENCE_ONLY,"Visually reviewed in the complete candidate-sheet pass; not promoted because it duplicated an existing scored concept, depended on answer-revealing teaching text, functioned primarily as a reference table/diagram, or was less discriminating than the retained quiz image.",,
219,/Users/chriselwell/Desktop/Pulm/Pulm Pictures/Pulm Picture/Factors-Affecting-Oxygenation-Table.png,Factors-Affecting-Oxygenation-Table.png,5642f57aa8109dbe4a8ad2a068abfaa0f4ff0c84ff6a365ad518c11c3631c5c5,1476,644,,REFERENCE_ONLY,"Visually reviewed in the complete candidate-sheet pass; not promoted because it duplicated an existing scored concept, depended on answer-revealing teaching text, functioned primarily as a reference table/diagram, or was less discriminating than the retained quiz image.",,
220,/Users/chriselwell/Desktop/Pulm/Pulm Pictures/Pulm Picture/Fat-Embolism-Chest-Ct.png,Fat-Embolism-Chest-Ct.png,61c2a87ee55a75aee410f82591603618e70ab29dae198f1fce587d870cdc4018,700,360,,REFERENCE_ONLY,"Visually reviewed in the complete candidate-sheet pass; not promoted because it duplicated an existing scored concept, depended on answer-revealing teaching text, functioned primarily as a reference table/diagram, or was less discriminating than the retained quiz image.",,
221,/Users/chriselwell/Desktop/Pulm/Pulm Pictures/Pulm Picture/Fat-Embolism.png,Fat-Embolism.png,0020aa3c52e7b8107ef144c1fe3be1b4f8c173149b7548b61bccc3d107fed338,700,590,,REFERENCE_ONLY,"Visually reviewed in the complete candidate-sheet pass; not promoted because it duplicated an existing scored concept, depended on answer-revealing teaching text, functioned primarily as a reference table/diagram, or was less discriminating than the retained quiz image.",,
222,/Users/chriselwell/Desktop/Pulm/Pulm Pictures/Pulm Picture/Fatal-Asthma-Risk-Factors.png,Fatal-Asthma-Risk-Factors.png,06ae25d0c8a1b019eeae9be9f4a65c836c293b86582a7ac6851fa5cb99a10bb6,1186,410,,REFERENCE_ONLY,"Visually reviewed in the complete candidate-sheet pass; not promoted because it duplicated an existing scored concept, depended on answer-revealing teaching text, functioned primarily as a reference table/diagram, or was less discriminating than the retained quiz image.",,
223,/Users/chriselwell/Desktop/Pulm/Pulm Pictures/Pulm Picture/Ferruginous-Bodies.png,Ferruginous-Bodies.png,b9c83fc6e9400651627911c3295d52395ebb0f710598e25ddd396c78e2191a3c,700,684,,REFERENCE_ONLY,"Visually reviewed in the complete candidate-sheet pass; not promoted because it duplicated an existing scored concept, depended on answer-revealing teaching text, functioned primarily as a reference table/diagram, or was less discriminating than the retained quiz image.",,
224,/Users/chriselwell/Desktop/Pulm/Pulm Pictures/Pulm Picture/Fetal-vs-Adult-Hemoglobin-Dissociation-Curve.png,Fetal-vs-Adult-Hemoglobin-Dissociation-Curve.png,61870e4f847088ad3245a8af9b0520e8cc8c016cd5214a5d6762846b06c1dcbd,884,860,,REFERENCE_ONLY,"Visually reviewed in the complete candidate-sheet pass; not promoted because it duplicated an existing scored concept, depended on answer-revealing teaching text, functioned primarily as a reference table/diagram, or was less discriminating than the retained quiz image.",,
225,/Users/chriselwell/Desktop/Pulm/Pulm Pictures/Pulm Picture/Fibrotic Hypersensitivity Pneumonitis with Mosaic Attenuation.jpg,Fibrotic Hypersensitivity Pneumonitis with Mosaic Attenuation.jpg,512ee75ecf88919f9d17da7dec559021a3eaf8fd7d7a3dfbf4eb59b89e6cb8ff,1528,1000,,REFERENCE_ONLY,"Visually reviewed in the complete candidate-sheet pass; not promoted because it duplicated an existing scored concept, depended on answer-revealing teaching text, functioned primarily as a reference table/diagram, or was less discriminating than the retained quiz image.",,
226,/Users/chriselwell/Desktop/Pulm/Pulm Pictures/Pulm Picture/Flail-Chest-Mechanics.png,Flail-Chest-Mechanics.png,c8f686882a479ca8bbf3665ace7f935aee166d9af01089a723c879e770a94e44,748,866,,REFERENCE_ONLY,"Visually reviewed in the complete candidate-sheet pass; not promoted because it duplicated an existing scored concept, depended on answer-revealing teaching text, functioned primarily as a reference table/diagram, or was less discriminating than the retained quiz image.",,
227,/Users/chriselwell/Desktop/Pulm/Pulm Pictures/Pulm Picture/Flail-Chest.jpg,Flail-Chest.jpg,38a9ceb73cadadc8a101d308cf8d87211b123cb04598cb410ccf2491c41bf126,700,498,,REFERENCE_ONLY,"Visually reviewed in the complete candidate-sheet pass; not promoted because it duplicated an existing scored concept, depended on answer-revealing teaching text, functioned primarily as a reference table/diagram, or was less discriminating than the retained quiz image.",,
228,/Users/chriselwell/Desktop/Pulm/Pulm Pictures/Pulm Picture/Flow-Volume Loop in Fibrosis.jpg,Flow-Volume Loop in Fibrosis.jpg,2f24cf7b23f3ae1102230c9f053fcc20669121147de25c52b7522cb7c418642e,902,999,,REFERENCE_ONLY,"Visually reviewed in the complete candidate-sheet pass; not promoted because it duplicated an existing scored concept, depended on answer-revealing teaching text, functioned primarily as a reference table/diagram, or was less discriminating than the retained quiz image.",,
229,/Users/chriselwell/Desktop/Pulm/Pulm Pictures/Pulm Picture/Flow-Volume Loop in Obstructive Lung Diseases.jpg,Flow-Volume Loop in Obstructive Lung Diseases.jpg,0d0402e33079b8ebec52f54d1c3107ee961e6fc3b90ede27623c468691ec25f5,1600,512,,REFERENCE_ONLY,"Visually reviewed in the complete candidate-sheet pass; not promoted because it duplicated an existing scored concept, depended on answer-revealing teaching text, functioned primarily as a reference table/diagram, or was less discriminating than the retained quiz image.",,
230,/Users/chriselwell/Desktop/Pulm/Pulm Pictures/Pulm Picture/Flow-Volume-Loops-by-Pathology-Af.png,Flow-Volume-Loops-by-Pathology-Af.png,ff24f38a36905ad84ecbef7de37985c1aadefe11820056145e6ed305789ef171,2288,980,,REFERENCE_ONLY,"Visually reviewed in the complete candidate-sheet pass; not promoted because it duplicated an existing scored concept, depended on answer-revealing teaching text, functioned primarily as a reference table/diagram, or was less discriminating than the retained quiz image.",,
231,/Users/chriselwell/Desktop/Pulm/Pulm Pictures/Pulm Picture/Flow-Volume-Loops-Obstructive-vs-Restrictive.png,Flow-Volume-Loops-Obstructive-vs-Restrictive.png,ebbc8f28a5b38dccbfbecbb97e585cd5e6636c5711924097fceeab640e12315d,2018,1196,,REFERENCE_ONLY,"Visually reviewed in the complete candidate-sheet pass; not promoted because it duplicated an existing scored concept, depended on answer-revealing teaching text, functioned primarily as a reference table/diagram, or was less discriminating than the retained quiz image.",,
232,/Users/chriselwell/Desktop/Pulm/Pulm Pictures/Pulm Picture/Fluid in the Left Costodiaphragmatic Recess.jpg,Fluid in the Left Costodiaphragmatic Recess.jpg,9b978f82276021eab80176249dd9911e85594dca3ee658c2ac28b1cd38e852c6,1384,1000,,REFERENCE_ONLY,"Visually reviewed in the complete candidate-sheet pass; not promoted because it duplicated an existing scored concept, depended on answer-revealing teaching text, functioned primarily as a reference table/diagram, or was less discriminating than the retained quiz image.",,
233,/Users/chriselwell/Desktop/Pulm/Pulm Pictures/Pulm Picture/Fluid in the Right Costodiaphragmatic Recess.jpg,Fluid in the Right Costodiaphragmatic Recess.jpg,c8cfdfbbc370916e7920cecb59bcd8735f6cd4b38e20fcf59a1132471c41f334,1376,1000,,REFERENCE_ONLY,"Visually reviewed in the complete candidate-sheet pass; not promoted because it duplicated an existing scored concept, depended on answer-revealing teaching text, functioned primarily as a reference table/diagram, or was less discriminating than the retained quiz image.",,
234,/Users/chriselwell/Desktop/Pulm/Pulm Pictures/Pulm Picture/Foreign-Body-Aspiration-Notes.png,Foreign-Body-Aspiration-Notes.png,1b95629a496c1316268c7c37f337cb094d2889b03fb49a8cfb4cc409e2a5dc32,1446,564,,REFERENCE_ONLY,"Visually reviewed in the complete candidate-sheet pass; not promoted because it duplicated an existing scored concept, depended on answer-revealing teaching text, functioned primarily as a reference table/diagram, or was less discriminating than the retained quiz image.",,
235,/Users/chriselwell/Desktop/Pulm/Pulm Pictures/Pulm Picture/Gas Exchnage.png,Gas Exchnage.png,72620b6803671e4a87bbdcb72819ced5d15cb9699c11ac2a884fa9dbb38d75f1,1374,894,,REFERENCE_ONLY,"Visually reviewed in the complete candidate-sheet pass; not promoted because it duplicated an existing scored concept, depended on answer-revealing teaching text, functioned primarily as a reference table/diagram, or was less discriminating than the retained quiz image.",,
236,/Users/chriselwell/Desktop/Pulm/Pulm Pictures/Pulm Picture/Gas-Exchange-Lungs-and-Tissue-Cycle.png,Gas-Exchange-Lungs-and-Tissue-Cycle.png,3d5c10024d8e34a036864f9a709d37751366927e9aad69444b22944b10a87f53,1258,1088,,REFERENCE_ONLY,"Visually reviewed in the complete candidate-sheet pass; not promoted because it duplicated an existing scored concept, depended on answer-revealing teaching text, functioned primarily as a reference table/diagram, or was less discriminating than the retained quiz image.",,
237,/Users/chriselwell/Desktop/Pulm/Pulm Pictures/Pulm Picture/General Structures of Different Virus Particles.jpeg,General Structures of Different Virus Particles.jpeg,9d13a4d01995c247c542844072d64eb2a11eefcf9e7927e1d1f82140235a7f4d,3600,1747,,REFERENCE_ONLY,"Visually reviewed in the complete candidate-sheet pass; not promoted because it duplicated an existing scored concept, depended on answer-revealing teaching text, functioned primarily as a reference table/diagram, or was less discriminating than the retained quiz image.",,
238,/Users/chriselwell/Desktop/Pulm/Pulm Pictures/Pulm Picture/Globin-Chain-Structure-Hemoglobin-Types.png,Globin-Chain-Structure-Hemoglobin-Types.png,fcf1b04ffd0dfc84f41826c4763894129eaac2542fceb9595f8f251e54e94bd8,898,632,,REFERENCE_ONLY,"Visually reviewed in the complete candidate-sheet pass; not promoted because it duplicated an existing scored concept, depended on answer-revealing teaching text, functioned primarily as a reference table/diagram, or was less discriminating than the retained quiz image.",,
239,/Users/chriselwell/Desktop/Pulm/Pulm Pictures/Pulm Picture/Glycolysis-Pathway.png,Glycolysis-Pathway.png,d0694ad26d1e74681fa3ca67e5633e63176dd2b7262b6dee5d5424087f5c2775,664,874,,REFERENCE_ONLY,"Visually reviewed in the complete candidate-sheet pass; not promoted because it duplicated an existing scored concept, depended on answer-revealing teaching text, functioned primarily as a reference table/diagram, or was less discriminating than the retained quiz image.",,
240,/Users/chriselwell/Desktop/Pulm/Pulm Pictures/Pulm Picture/Goals-of-Care-in-Chronic-Disease.jpg,Goals-of-Care-in-Chronic-Disease.jpg,b7fc782cb2f0af6dbb766b4086b6967eb29b78a4faff59df2e0fa70d49aa38f6,700,309,,REFERENCE_ONLY,"Visually reviewed in the complete candidate-sheet pass; not promoted because it duplicated an existing scored concept, depended on answer-revealing teaching text, functioned primarily as a reference table/diagram, or was less discriminating than the retained quiz image.",,
241,/Users/chriselwell/Desktop/Pulm/Pulm Pictures/Pulm Picture/Gram Positive and Negative.jpg,Gram Positive and Negative.jpg,f1e41fb0942344d0352c2ede56151351a29d0081fd17aabe550e577330c1fb86,700,566,,REFERENCE_ONLY,"Visually reviewed in the complete candidate-sheet pass; not promoted because it duplicated an existing scored concept, depended on answer-revealing teaching text, functioned primarily as a reference table/diagram, or was less discriminating than the retained quiz image.",,
242,/Users/chriselwell/Desktop/Pulm/Pulm Pictures/Pulm Picture/Gram Positive ID.png,Gram Positive ID.png,0498472d361b8605c150044cef9fa32d0574f9275bbd6b4bbf9f4b83a0f71d25,664,546,,REFERENCE_ONLY,"Visually reviewed in the complete candidate-sheet pass; not promoted because it duplicated an existing scored concept, depended on answer-revealing teaching text, functioned primarily as a reference table/diagram, or was less discriminating than the retained quiz image.",,
243,/Users/chriselwell/Desktop/Pulm/Pulm Pictures/Pulm Picture/Gram-Negative Bacteria.jpg,Gram-Negative Bacteria.jpg,8cebf44fc25936ebee92476712c4158217431e9f2641bb8c7c399363a5aafc8c,700,700,,REFERENCE_ONLY,"Visually reviewed in the complete candidate-sheet pass; not promoted because it duplicated an existing scored concept, depended on answer-revealing teaching text, functioned primarily as a reference table/diagram, or was less discriminating than the retained quiz image.",,
244,/Users/chriselwell/Desktop/Pulm/Pulm Pictures/Pulm Picture/Gram-Negative Lab Algorithm.png,Gram-Negative Lab Algorithm.png,09d4610e4134b3c29bd9e0b88bea3e2b5aed662e5082888b918fd260ee432067,1508,1226,,REFERENCE_ONLY,"Visually reviewed in the complete candidate-sheet pass; not promoted because it duplicated an existing scored concept, depended on answer-revealing teaching text, functioned primarily as a reference table/diagram, or was less discriminating than the retained quiz image.",,
245,/Users/chriselwell/Desktop/Pulm/Pulm Pictures/Pulm Picture/Gram-Positive Lab Algorithm.png,Gram-Positive Lab Algorithm.png,83a3dd6675e64188c2e0e0e26292132e5e7c37601bd883cc4ef892b930cdd8db,1478,1292,,REFERENCE_ONLY,"Visually reviewed in the complete candidate-sheet pass; not promoted because it duplicated an existing scored concept, depended on answer-revealing teaching text, functioned primarily as a reference table/diagram, or was less discriminating than the retained quiz image.",,
246,/Users/chriselwell/Desktop/Pulm/Pulm Pictures/Pulm Picture/Granulomatous Sialadenitis.jpg,Granulomatous Sialadenitis.jpg,4ae8294033ed0f1f2376d432e7722ddbaceb9ab179c0a35ddec878bf49ea45c4,1332,1000,,REFERENCE_ONLY,"Visually reviewed in the complete candidate-sheet pass; not promoted because it duplicated an existing scored concept, depended on answer-revealing teaching text, functioned primarily as a reference table/diagram, or was less discriminating than the retained quiz image.",,
247,/Users/chriselwell/Desktop/Pulm/Pulm Pictures/Pulm Picture/H Influenza.png,H Influenza.png,37085969df558429cd79d368028bc6f3998da24f8f3699b40b7795d513969cfc,1448,1086,,REFERENCE_ONLY,"Visually reviewed in the complete candidate-sheet pass; not promoted because it duplicated an existing scored concept, depended on answer-revealing teaching text, functioned primarily as a reference table/diagram, or was less discriminating than the retained quiz image.",,
248,/Users/chriselwell/Desktop/Pulm/Pulm Pictures/Pulm Picture/H1-Antihistamines.png,H1-Antihistamines.png,cb3dfb1ae2fffc1fb1388b9542ff7e8b3ab001aa1f8e3c2f122af234172c1cd0,1488,728,,REFERENCE_ONLY,"Visually reviewed in the complete candidate-sheet pass; not promoted because it duplicated an existing scored concept, depended on answer-revealing teaching text, functioned primarily as a reference table/diagram, or was less discriminating than the retained quiz image.",,
249,/Users/chriselwell/Desktop/Pulm/Pulm Pictures/Pulm Picture/Haemophilus Influenzae Thumb Sign X Ray.png,Haemophilus Influenzae Thumb Sign X Ray.png,9afb37e22316c012d402724626bb08727bbf349ab540e47ff271c22b22c4cf29,294,376,,REFERENCE_ONLY,"Visually reviewed in the complete candidate-sheet pass; not promoted because it duplicated an existing scored concept, depended on answer-revealing teaching text, functioned primarily as a reference table/diagram, or was less discriminating than the retained quiz image.",,
250,/Users/chriselwell/Desktop/Pulm/Pulm Pictures/Pulm Picture/Haemophilus Influenzae.jpg,Haemophilus Influenzae.jpg,b6f6a9fb3a1b9084ba72985d59d64408af25a30ef45fd45a30c3c03f729969cd,700,650,,REFERENCE_ONLY,"Visually reviewed in the complete candidate-sheet pass; not promoted because it duplicated an existing scored concept, depended on answer-revealing teaching text, functioned primarily as a reference table/diagram, or was less discriminating than the retained quiz image.",,
251,/Users/chriselwell/Desktop/Pulm/Pulm Pictures/Pulm Picture/Haldane-and-Bohr-Effects.png,Haldane-and-Bohr-Effects.png,48db7106b6f425b8d7e7b6ad97dd6bfb737abc36fd763d3fa6415a195e66fba8,972,850,,REFERENCE_ONLY,"Visually reviewed in the complete candidate-sheet pass; not promoted because it duplicated an existing scored concept, depended on answer-revealing teaching text, functioned primarily as a reference table/diagram, or was less discriminating than the retained quiz image.",,
252,/Users/chriselwell/Desktop/Pulm/Pulm Pictures/Pulm Picture/Hampton Hump.png,Hampton Hump.png,4e3ca60d7afe7f0fe717227588c97a2b7dd1ff17fe4d6c431eef2eb6cc99a374,684,700,,REFERENCE_ONLY,"Visually reviewed in the complete candidate-sheet pass; not promoted because it duplicated an existing scored concept, depended on answer-revealing teaching text, functioned primarily as a reference table/diagram, or was less discriminating than the retained quiz image.",,
253,/Users/chriselwell/Desktop/Pulm/Pulm Pictures/Pulm Picture/Heart Location.png,Heart Location.png,55f8d7f6ef3fba2662d3867088ced4cf0d1fc1a7345e62b68c230fd91e9a736e,1224,896,,REFERENCE_ONLY,"Visually reviewed in the complete candidate-sheet pass; not promoted because it duplicated an existing scored concept, depended on answer-revealing teaching text, functioned primarily as a reference table/diagram, or was less discriminating than the retained quiz image.",,
254,/Users/chriselwell/Desktop/Pulm/Pulm Pictures/Pulm Picture/Heart Sounds.png,Heart Sounds.png,a46455065e7bf4e9ea31c28f5fc8aa7a3f3d5e89603bd4608bf610cbcde3f7a7,1770,704,,REFERENCE_ONLY,"Visually reviewed in the complete candidate-sheet pass; not promoted because it duplicated an existing scored concept, depended on answer-revealing teaching text, functioned primarily as a reference table/diagram, or was less discriminating than the retained quiz image.",,
255,/Users/chriselwell/Desktop/Pulm/Pulm Pictures/Pulm Picture/Hemoglobin-Oxygen-Affinity-Curve.png,Hemoglobin-Oxygen-Affinity-Curve.png,a84595c9ef497fdc1f7724366805fa78d661ed4da2c794795e205dd40eef5959,1020,854,,REFERENCE_ONLY,"Visually reviewed in the complete candidate-sheet pass; not promoted because it duplicated an existing scored concept, depended on answer-revealing teaching text, functioned primarily as a reference table/diagram, or was less discriminating than the retained quiz image.",,
256,/Users/chriselwell/Desktop/Pulm/Pulm Pictures/Pulm Picture/Hemoglobin-Tetramer-Structure.png,Hemoglobin-Tetramer-Structure.png,da5301551feb97e5ccbe0cf689921d6a02535f182ee385e7f538e664a55f8f86,816,854,,REFERENCE_ONLY,"Visually reviewed in the complete candidate-sheet pass; not promoted because it duplicated an existing scored concept, depended on answer-revealing teaching text, functioned primarily as a reference table/diagram, or was less discriminating than the retained quiz image.",,
257,/Users/chriselwell/Desktop/Pulm/Pulm Pictures/Pulm Picture/Hemoglobin-vs-Myoglobin-Dissociation-Curves.png,Hemoglobin-vs-Myoglobin-Dissociation-Curves.png,ec331861f1c46f0172b9a66f1e4e3332c646b64f1613f9ba45a50b0596f4bef5,1000,850,,REFERENCE_ONLY,"Visually reviewed in the complete candidate-sheet pass; not promoted because it duplicated an existing scored concept, depended on answer-revealing teaching text, functioned primarily as a reference table/diagram, or was less discriminating than the retained quiz image.",,
258,/Users/chriselwell/Desktop/Pulm/Pulm Pictures/Pulm Picture/Hemosiderin-Laden Macrophages (Heart Failure Cells).png,Hemosiderin-Laden Macrophages (Heart Failure Cells).png,18b87cfbe947864440dd5e9403bc9b38919d303fbfd3ead8a2548c03005d260f,969,1094,,REFERENCE_ONLY,"Visually reviewed in the complete candidate-sheet pass; not promoted because it duplicated an existing scored concept, depended on answer-revealing teaching text, functioned primarily as a reference table/diagram, or was less discriminating than the retained quiz image.",,
259,/Users/chriselwell/Desktop/Pulm/Pulm Pictures/Pulm Picture/HG Chart.png,HG Chart.png,c2059c8cbfe335fb76bc1009eced61fdb9da7617fd3ccd52498a6fb549662fe9,581,202,,REFERENCE_ONLY,"Visually reviewed in the complete candidate-sheet pass; not promoted because it duplicated an existing scored concept, depended on answer-revealing teaching text, functioned primarily as a reference table/diagram, or was less discriminating than the retained quiz image.",,
260,/Users/chriselwell/Desktop/Pulm/Pulm Pictures/Pulm Picture/Hif1alpha-Hypoxic-Adaptation.png,Hif1alpha-Hypoxic-Adaptation.png,da245d3c85f117e61616d428865ab77f614aa4ea3da86968eb858cdde8c4459b,800,854,,REFERENCE_ONLY,"Visually reviewed in the complete candidate-sheet pass; not promoted because it duplicated an existing scored concept, depended on answer-revealing teaching text, functioned primarily as a reference table/diagram, or was less discriminating than the retained quiz image.",,
261,/Users/chriselwell/Desktop/Pulm/Pulm Pictures/Pulm Picture/High-Aa-Gradient-Etiology-Table.png,High-Aa-Gradient-Etiology-Table.png,8f582d03efab3ab585a301f45cd670f035ddba1313a80880cfc21f5bc74cb931,1814,812,,REFERENCE_ONLY,"Visually reviewed in the complete candidate-sheet pass; not promoted because it duplicated an existing scored concept, depended on answer-revealing teaching text, functioned primarily as a reference table/diagram, or was less discriminating than the retained quiz image.",,
262,/Users/chriselwell/Desktop/Pulm/Pulm Pictures/Pulm Picture/Hippocratic Nails and Finger Clubbing.jpg,Hippocratic Nails and Finger Clubbing.jpg,f4be2db14aaf5634008ac8bfbf7102f8a1799aacb76c6db35ea5c77e6154c287,1521,1000,,REFERENCE_ONLY,"Visually reviewed in the complete candidate-sheet pass; not promoted because it duplicated an existing scored concept, depended on answer-revealing teaching text, functioned primarily as a reference table/diagram, or was less discriminating than the retained quiz image.",,
263,/Users/chriselwell/Desktop/Pulm/Pulm Pictures/Pulm Picture/Histamine Asthma.jpeg,Histamine Asthma.jpeg,2b2807740654f3baabc79b888e028db5d0cd496c2d36ea7c89fa8b8d0fcd93d4,1934,1314,,REFERENCE_ONLY,"Visually reviewed in the complete candidate-sheet pass; not promoted because it duplicated an existing scored concept, depended on answer-revealing teaching text, functioned primarily as a reference table/diagram, or was less discriminating than the retained quiz image.",,
264,/Users/chriselwell/Desktop/Pulm/Pulm Pictures/Pulm Picture/Histo Geo.png,Histo Geo.png,0edcbb9800b25fdf2c92c09f0636c778e05844d6a021230f79a016f6ac67b78c,700,487,,REFERENCE_ONLY,"Visually reviewed in the complete candidate-sheet pass; not promoted because it duplicated an existing scored concept, depended on answer-revealing teaching text, functioned primarily as a reference table/diagram, or was less discriminating than the retained quiz image.",,
265,/Users/chriselwell/Desktop/Pulm/Pulm Pictures/Pulm Picture/Histo.png,Histo.png,4d81e58851c04550b3f9192fc43716c63d160b60859fa45e1f46305f3ed000e3,1536,1024,,REFERENCE_ONLY,"Visually reviewed in the complete candidate-sheet pass; not promoted because it duplicated an existing scored concept, depended on answer-revealing teaching text, functioned primarily as a reference table/diagram, or was less discriminating than the retained quiz image.",,
266,/Users/chriselwell/Desktop/Pulm/Pulm Pictures/Pulm Picture/Histology of the Trachea and Bronchi.png,Histology of the Trachea and Bronchi.png,0f993e8840562be28e20a258cefeb43c32659f838cc36cb12e7e48fc759df7d9,1252,748,,REFERENCE_ONLY,"Visually reviewed in the complete candidate-sheet pass; not promoted because it duplicated an existing scored concept, depended on answer-revealing teaching text, functioned primarily as a reference table/diagram, or was less discriminating than the retained quiz image.",,
267,/Users/chriselwell/Desktop/Pulm/Pulm Pictures/Pulm Picture/Histoplasma Capsulatum (Mold Form).jpg,Histoplasma Capsulatum (Mold Form).jpg,69d63111002962c1696a5d10d485c95b01c64a6e3c6bfd06baeb4d4e75a69f4b,1509,1000,,REFERENCE_ONLY,"Visually reviewed in the complete candidate-sheet pass; not promoted because it duplicated an existing scored concept, depended on answer-revealing teaching text, functioned primarily as a reference table/diagram, or was less discriminating than the retained quiz image.",,
268,/Users/chriselwell/Desktop/Pulm/Pulm Pictures/Pulm Picture/Histoplasma Capsulatum Pathogenesis.jpg,Histoplasma Capsulatum Pathogenesis.jpg,cb6fbc590b79fe698b97e1077711b166b95921b5425df53e3cf13432d063e463,700,750,,REFERENCE_ONLY,"Visually reviewed in the complete candidate-sheet pass; not promoted because it duplicated an existing scored concept, depended on answer-revealing teaching text, functioned primarily as a reference table/diagram, or was less discriminating than the retained quiz image.",,
269,/Users/chriselwell/Desktop/Pulm/Pulm Pictures/Pulm Picture/Histoplasma Capsulatum.jpg,Histoplasma Capsulatum.jpg,b0e375699d8afbc0ae49ccb8049509defce6856eda995d0ddaa9a57bced85970,700,521,,REFERENCE_ONLY,"Visually reviewed in the complete candidate-sheet pass; not promoted because it duplicated an existing scored concept, depended on answer-revealing teaching text, functioned primarily as a reference table/diagram, or was less discriminating than the retained quiz image.",,
270,/Users/chriselwell/Desktop/Pulm/Pulm Pictures/Pulm Picture/Histoplasmosis Fact Sheet and US Endemicity Map.jpg,Histoplasmosis Fact Sheet and US Endemicity Map.jpg,0149d1e60172f9034a819c59203c3570122d64b091c0298668a72340d951f7fe,1600,679,,REFERENCE_ONLY,"Visually reviewed in the complete candidate-sheet pass; not promoted because it duplicated an existing scored concept, depended on answer-revealing teaching text, functioned primarily as a reference table/diagram, or was less discriminating than the retained quiz image.",,
271,/Users/chriselwell/Desktop/Pulm/Pulm Pictures/Pulm Picture/Horner Syndrome.jpg,Horner Syndrome.jpg,20b9bddaf704d1849b4b1f12a7dd0307f2b1c9b9c85494312a52a57cf16b6593,1600,965,,REFERENCE_ONLY,"Visually reviewed in the complete candidate-sheet pass; not promoted because it duplicated an existing scored concept, depended on answer-revealing teaching text, functioned primarily as a reference table/diagram, or was less discriminating than the retained quiz image.",,
272,/Users/chriselwell/Desktop/Pulm/Pulm Pictures/Pulm Picture/Hyaline Membranes in ARDS.jpg,Hyaline Membranes in ARDS.jpg,696e22a112fa7124ed4d2dcc69ce99fab65fab9ac08cc93697f9f0e0922bf22f,1500,1000,,REFERENCE_ONLY,"Visually reviewed in the complete candidate-sheet pass; not promoted because it duplicated an existing scored concept, depended on answer-revealing teaching text, functioned primarily as a reference table/diagram, or was less discriminating than the retained quiz image.",,
273,/Users/chriselwell/Desktop/Pulm/Pulm Pictures/Pulm Picture/Hyperinflation of the Lungs.jpg,Hyperinflation of the Lungs.jpg,ef14afca4ec3a7952beb41b937c9270db75e840efd93b7e215ba79a94a8d6d9b,795,450,,REFERENCE_ONLY,"Visually reviewed in the complete candidate-sheet pass; not promoted because it duplicated an existing scored concept, depended on answer-revealing teaching text, functioned primarily as a reference table/diagram, or was less discriminating than the retained quiz image.",,
274,/Users/chriselwell/Desktop/Pulm/Pulm Pictures/Pulm Picture/Hyperpnea vs Apnea.png,Hyperpnea vs Apnea.png,9da2e9a00e3ade0f350788a16d7b6ec58416fad9823af51aa5823c058326a5df,602,214,,REFERENCE_ONLY,"Visually reviewed in the complete candidate-sheet pass; not promoted because it duplicated an existing scored concept, depended on answer-revealing teaching text, functioned primarily as a reference table/diagram, or was less discriminating than the retained quiz image.",,
275,/Users/chriselwell/Desktop/Pulm/Pulm Pictures/Pulm Picture/Hypersensitivity Pneumonitis HE.jpg,Hypersensitivity Pneumonitis HE.jpg,61beabde06fb70127aa8f8a8111d871360befaa763412c865bee6d04bd14d88a,1508,1000,,REFERENCE_ONLY,"Visually reviewed in the complete candidate-sheet pass; not promoted because it duplicated an existing scored concept, depended on answer-revealing teaching text, functioned primarily as a reference table/diagram, or was less discriminating than the retained quiz image.",,
276,/Users/chriselwell/Desktop/Pulm/Pulm Pictures/Pulm Picture/Hypersensitivity Pneumonitis.jpg,Hypersensitivity Pneumonitis.jpg,1253ebe95317f8336165c57d437099bd087387612948fc6898f9074c108e0112,1334,1000,,REFERENCE_ONLY,"Visually reviewed in the complete candidate-sheet pass; not promoted because it duplicated an existing scored concept, depended on answer-revealing teaching text, functioned primarily as a reference table/diagram, or was less discriminating than the retained quiz image.",,
277,/Users/chriselwell/Desktop/Pulm/Pulm Pictures/Pulm Picture/Hypersensitivity-Pneumonitis.png,Hypersensitivity-Pneumonitis.png,3797d57e29aeb08bff63bebe348c6d8b99383841d03df624b38a9fd64519d0fb,700,623,,REFERENCE_ONLY,"Visually reviewed in the complete candidate-sheet pass; not promoted because it duplicated an existing scored concept, depended on answer-revealing teaching text, functioned primarily as a reference table/diagram, or was less discriminating than the retained quiz image.",,
278,/Users/chriselwell/Desktop/Pulm/Pulm Pictures/Pulm Picture/Hyperventilation-Effect-on-O2-Co2-Exchange.png,Hyperventilation-Effect-on-O2-Co2-Exchange.png,4dbac042ca9e4c045fb49c45680fdb6940b704ebaa3dfb190eb7c2d8441e0176,978,854,,REFERENCE_ONLY,"Visually reviewed in the complete candidate-sheet pass; not promoted because it duplicated an existing scored concept, depended on answer-revealing teaching text, functioned primarily as a reference table/diagram, or was less discriminating than the retained quiz image.",,
279,/Users/chriselwell/Desktop/Pulm/Pulm Pictures/Pulm Picture/Hypoxemia Workup Chart.jpg,Hypoxemia Workup Chart.jpg,75642aad44d7f57221267807d0168f18505f2b75399040320569fa36a1b919ac,1062,1000,,REFERENCE_ONLY,"Visually reviewed in the complete candidate-sheet pass; not promoted because it duplicated an existing scored concept, depended on answer-revealing teaching text, functioned primarily as a reference table/diagram, or was less discriminating than the retained quiz image.",,
280,/Users/chriselwell/Desktop/Pulm/Pulm Pictures/Pulm Picture/Hypoxemia-Workup-Key.png,Hypoxemia-Workup-Key.png,ce1bcb96afb0ba85f0824de31196b61bf65fea6aec2efdf1e75059ce44da2871,554,1296,,REFERENCE_ONLY,"Visually reviewed in the complete candidate-sheet pass; not promoted because it duplicated an existing scored concept, depended on answer-revealing teaching text, functioned primarily as a reference table/diagram, or was less discriminating than the retained quiz image.",,
281,/Users/chriselwell/Desktop/Pulm/Pulm Pictures/Pulm Picture/Hypoxia-and-Hypoxemia.png,Hypoxia-and-Hypoxemia.png,759c59508571f45df481e6e173c2683081c009f48bc427690029ac23d75fe55b,2420,1198,,REFERENCE_ONLY,"Visually reviewed in the complete candidate-sheet pass; not promoted because it duplicated an existing scored concept, depended on answer-revealing teaching text, functioned primarily as a reference table/diagram, or was less discriminating than the retained quiz image.",,
282,/Users/chriselwell/Desktop/Pulm/Pulm Pictures/Pulm Picture/Hypoxic-Induction-of-Erythropoiesis.png,Hypoxic-Induction-of-Erythropoiesis.png,b0b0e111ae39c58c5f4a5b576bab590857fd828647a1b1694147518b7abf778e,1094,854,,REFERENCE_ONLY,"Visually reviewed in the complete candidate-sheet pass; not promoted because it duplicated an existing scored concept, depended on answer-revealing teaching text, functioned primarily as a reference table/diagram, or was less discriminating than the retained quiz image.",,
283,/Users/chriselwell/Desktop/Pulm/Pulm Pictures/Pulm Picture/Idiopathic Pulmonary Fibrosis 1:2 MArked.jpg,Idiopathic Pulmonary Fibrosis 1:2 MArked.jpg,2534f28fda0735a847f3e0f69a3419e1dfe32f4831eb474bb2f60d29ccf30ab3,1034,1000,,REFERENCE_ONLY,"Visually reviewed in the complete candidate-sheet pass; not promoted because it duplicated an existing scored concept, depended on answer-revealing teaching text, functioned primarily as a reference table/diagram, or was less discriminating than the retained quiz image.",,
284,/Users/chriselwell/Desktop/Pulm/Pulm Pictures/Pulm Picture/Idiopathic Pulmonary Fibrosis 2:2.jpg,Idiopathic Pulmonary Fibrosis 2:2.jpg,1d3ea84d4b4946ac744bc1a46c382032c75b8792a221d899d5cb4d0e51258023,1080,1000,,REFERENCE_ONLY,"Visually reviewed in the complete candidate-sheet pass; not promoted because it duplicated an existing scored concept, depended on answer-revealing teaching text, functioned primarily as a reference table/diagram, or was less discriminating than the retained quiz image.",,
285,/Users/chriselwell/Desktop/Pulm/Pulm Pictures/Pulm Picture/Improved-Ventilation-in-Prone-Positioning.jpg,Improved-Ventilation-in-Prone-Positioning.jpg,a0dd5aa78106735cce6d6d9f0e48687bce9b9d936a98a43f7a66e94c840a1934,700,681,,REFERENCE_ONLY,"Visually reviewed in the complete candidate-sheet pass; not promoted because it duplicated an existing scored concept, depended on answer-revealing teaching text, functioned primarily as a reference table/diagram, or was less discriminating than the retained quiz image.",,
286,/Users/chriselwell/Desktop/Pulm/Pulm Pictures/Pulm Picture/Increased Ventilation.png,Increased Ventilation.png,b34c419ea5f300aa848b5baa30967454557a584bf380cd2b4839fa0679c3a761,1085,275,,REFERENCE_ONLY,"Visually reviewed in the complete candidate-sheet pass; not promoted because it duplicated an existing scored concept, depended on answer-revealing teaching text, functioned primarily as a reference table/diagram, or was less discriminating than the retained quiz image.",,
287,/Users/chriselwell/Desktop/Pulm/Pulm Pictures/Pulm Picture/Increased-Functional-Residual-Capacity-Frc-in-Copd.png,Increased-Functional-Residual-Capacity-Frc-in-Copd.png,28bfc8c6c0fadc9406ed614ef43231b9d170d7a347ef80fb42388d37e0009be1,700,790,,REFERENCE_ONLY,"Visually reviewed in the complete candidate-sheet pass; not promoted because it duplicated an existing scored concept, depended on answer-revealing teaching text, functioned primarily as a reference table/diagram, or was less discriminating than the retained quiz image.",,
288,/Users/chriselwell/Desktop/Pulm/Pulm Pictures/Pulm Picture/Influenza Virus (Subtype H1N1).jpg,Influenza Virus (Subtype H1N1).jpg,1449881bcf27c816c6124a1d47ce88258ce169a229c7bdaf9b9f94050a39c0d1,849,1000,,REFERENCE_ONLY,"Visually reviewed in the complete candidate-sheet pass; not promoted because it duplicated an existing scored concept, depended on answer-revealing teaching text, functioned primarily as a reference table/diagram, or was less discriminating than the retained quiz image.",,
289,/Users/chriselwell/Desktop/Pulm/Pulm Pictures/Pulm Picture/Inhalation-Pressure-Changes-Diagram.png,Inhalation-Pressure-Changes-Diagram.png,cb53342e8029de9ebc18f587fc12a7b556558d5f11f0749f5250493ea91ae4da,2268,1070,,REFERENCE_ONLY,"Visually reviewed in the complete candidate-sheet pass; not promoted because it duplicated an existing scored concept, depended on answer-revealing teaching text, functioned primarily as a reference table/diagram, or was less discriminating than the retained quiz image.",,
290,/Users/chriselwell/Desktop/Pulm/Pulm Pictures/Pulm Picture/Initial-Pharmacotherapy-for-Stable-Copd.png,Initial-Pharmacotherapy-for-Stable-Copd.png,196c492f2a8cf5252b39d33ef5b0b0d3396bc79c23c3e5cd1c24bc41a65dd438,1080,1288,,REFERENCE_ONLY,"Visually reviewed in the complete candidate-sheet pass; not promoted because it duplicated an existing scored concept, depended on answer-revealing teaching text, functioned primarily as a reference table/diagram, or was less discriminating than the retained quiz image.",,
291,/Users/chriselwell/Desktop/Pulm/Pulm Pictures/Pulm Picture/Intercostal-Muscles-and-Pleura-Anatomy.png,Intercostal-Muscles-and-Pleura-Anatomy.png,8d741d8d500ef4721965126b41ad1aae801e94d8b15dbc581e47782ac0ed8049,1058,850,,REFERENCE_ONLY,"Visually reviewed in the complete candidate-sheet pass; not promoted because it duplicated an existing scored concept, depended on answer-revealing teaching text, functioned primarily as a reference table/diagram, or was less discriminating than the retained quiz image.",,
292,/Users/chriselwell/Desktop/Pulm/Pulm Pictures/Pulm Picture/Intersitial Lung Disease.png,Intersitial Lung Disease.png,66f6541b5e0de26669def63b68ed8e5af8fff0ac301820f6ded33a9adaf1285d,355,438,,REFERENCE_ONLY,"Visually reviewed in the complete candidate-sheet pass; not promoted because it duplicated an existing scored concept, depended on answer-revealing teaching text, functioned primarily as a reference table/diagram, or was less discriminating than the retained quiz image.",,
293,/Users/chriselwell/Desktop/Pulm/Pulm Pictures/Pulm Picture/Interstitial Lung Disease.jpg,Interstitial Lung Disease.jpg,c3b107030451128dda53646a9f8ea207f8ddf446c453fddb4bc0310e1579720e,913,1000,,REFERENCE_ONLY,"Visually reviewed in the complete candidate-sheet pass; not promoted because it duplicated an existing scored concept, depended on answer-revealing teaching text, functioned primarily as a reference table/diagram, or was less discriminating than the retained quiz image.",,
294,/Users/chriselwell/Desktop/Pulm/Pulm Pictures/Pulm Picture/Interstitial-Lung-Disease-with-Dilated-Esophagus.jpg,Interstitial-Lung-Disease-with-Dilated-Esophagus.jpg,638ab6626a0ba62a68b9bae7f782e97048ca643b73890755a7187731d51a611b,700,583,,REFERENCE_ONLY,"Visually reviewed in the complete candidate-sheet pass; not promoted because it duplicated an existing scored concept, depended on answer-revealing teaching text, functioned primarily as a reference table/diagram, or was less discriminating than the retained quiz image.",,
295,/Users/chriselwell/Desktop/Pulm/Pulm Pictures/Pulm Picture/Intrapleural Pressure.jpg,Intrapleural Pressure.jpg,be3f395ee4422b9b6b781b37d786e7095e52d3f5b644b117d137f51ba87b5fc1,866,999,,REFERENCE_ONLY,"Visually reviewed in the complete candidate-sheet pass; not promoted because it duplicated an existing scored concept, depended on answer-revealing teaching text, functioned primarily as a reference table/diagram, or was less discriminating than the retained quiz image.",,
296,/Users/chriselwell/Desktop/Pulm/Pulm Pictures/Pulm Picture/Intrapulmonary-Shunting-Vq-Mismatch.png,Intrapulmonary-Shunting-Vq-Mismatch.png,e07ccf32dfba48e7985b653ffd1f25eec21756336a2b1ac880ee5f577c4241c1,726,854,,REFERENCE_ONLY,"Visually reviewed in the complete candidate-sheet pass; not promoted because it duplicated an existing scored concept, depended on answer-revealing teaching text, functioned primarily as a reference table/diagram, or was less discriminating than the retained quiz image.",,
297,/Users/chriselwell/Desktop/Pulm/Pulm Pictures/Pulm Picture/Invasive Mucinous-Predominant Adenocarcinoma Simulating Pneumonia.jpg,Invasive Mucinous-Predominant Adenocarcinoma Simulating Pneumonia.jpg,4c45ea32dbb000f5e658f0e353fb92def0a9a474497f3b871442a7bafab48687,910,1000,,REFERENCE_ONLY,"Visually reviewed in the complete candidate-sheet pass; not promoted because it duplicated an existing scored concept, depended on answer-revealing teaching text, functioned primarily as a reference table/diagram, or was less discriminating than the retained quiz image.",,
298,/Users/chriselwell/Desktop/Pulm/Pulm Pictures/Pulm Picture/IPF X Ray.png,IPF X Ray.png,81e913c43d56059d86979f896f90f91d45ee69dfd8b0787195e9ab2185071824,840,1024,,REFERENCE_ONLY,"Visually reviewed in the complete candidate-sheet pass; not promoted because it duplicated an existing scored concept, depended on answer-revealing teaching text, functioned primarily as a reference table/diagram, or was less discriminating than the retained quiz image.",,
299,/Users/chriselwell/Desktop/Pulm/Pulm Pictures/Pulm Picture/IPF.jpg,IPF.jpg,93df17771c2f4eba6c0e1a1c7cda785f1c6185b72b89eea9ea3d5f16765bd9be,700,432,,REFERENCE_ONLY,"Visually reviewed in the complete candidate-sheet pass; not promoted because it duplicated an existing scored concept, depended on answer-revealing teaching text, functioned primarily as a reference table/diagram, or was less discriminating than the retained quiz image.",,
300,/Users/chriselwell/Desktop/Pulm/Pulm Pictures/Pulm Picture/Kartagener Syndrome.jpg,Kartagener Syndrome.jpg,48863771792da674f22009c677f69fc533cfac7d33578a334ab822dd021f9bb1,1573,1000,,REFERENCE_ONLY,"Visually reviewed in the complete candidate-sheet pass; not promoted because it duplicated an existing scored concept, depended on answer-revealing teaching text, functioned primarily as a reference table/diagram, or was less discriminating than the retained quiz image.",,
301,/Users/chriselwell/Desktop/Pulm/Pulm Pictures/Pulm Picture/Key Respiratory Tract Infections in Children.png,Key Respiratory Tract Infections in Children.png,a65153646960b2126bc4814e8aeaea631e3cc9999bac10d4ffc13f4b34aca9f0,1184,620,,REFERENCE_ONLY,"Visually reviewed in the complete candidate-sheet pass; not promoted because it duplicated an existing scored concept, depended on answer-revealing teaching text, functioned primarily as a reference table/diagram, or was less discriminating than the retained quiz image.",,
302,/Users/chriselwell/Desktop/Pulm/Pulm Pictures/Pulm Picture/Klebsiella Pneumoniae Colonies Shiny.jpg,Klebsiella Pneumoniae Colonies Shiny.jpg,1c7a1bd5fefcd38dbf803d8ab144440267b987202aa28c948532ba59b87eff7a,1598,1000,,REFERENCE_ONLY,"Visually reviewed in the complete candidate-sheet pass; not promoted because it duplicated an existing scored concept, depended on answer-revealing teaching text, functioned primarily as a reference table/diagram, or was less discriminating than the retained quiz image.",,
303,/Users/chriselwell/Desktop/Pulm/Pulm Pictures/Pulm Picture/Klebsiella Pneumoniae Overview.png,Klebsiella Pneumoniae Overview.png,eae88ea2ee047205d2ef4fe3309288a2208c1b0d59b5b03d6014a583fe15b85d,1262,360,,REFERENCE_ONLY,"Visually reviewed in the complete candidate-sheet pass; not promoted because it duplicated an existing scored concept, depended on answer-revealing teaching text, functioned primarily as a reference table/diagram, or was less discriminating than the retained quiz image.",,
304,/Users/chriselwell/Desktop/Pulm/Pulm Pictures/Pulm Picture/Klebsiella Pneumoniae.jpg,Klebsiella Pneumoniae.jpg,6a6399178e07b4e56ddc53931cdaf0f3d4a9bf052508f29729ffc2314a61bf68,1224,1000,,REFERENCE_ONLY,"Visually reviewed in the complete candidate-sheet pass; not promoted because it duplicated an existing scored concept, depended on answer-revealing teaching text, functioned primarily as a reference table/diagram, or was less discriminating than the retained quiz image.",,
305,/Users/chriselwell/Desktop/Pulm/Pulm Pictures/Pulm Picture/Laboratory-Analysis-of-Lactic-Acidosis.png,Laboratory-Analysis-of-Lactic-Acidosis.png,ec737a964643d4b2f95000f699020ba63f3ed942732aadedbb3ef4b317d77cb0,700,553,,REFERENCE_ONLY,"Visually reviewed in the complete candidate-sheet pass; not promoted because it duplicated an existing scored concept, depended on answer-revealing teaching text, functioned primarily as a reference table/diagram, or was less discriminating than the retained quiz image.",,
306,/Users/chriselwell/Desktop/Pulm/Pulm Pictures/Pulm Picture/Large-Airway-Obstruction.png,Large-Airway-Obstruction.png,4be88c5ae8ac2202659f73e33e8c4c05ba4e5bf05f70cee438f5f6c9ec731950,536,573,,REFERENCE_ONLY,"Visually reviewed in the complete candidate-sheet pass; not promoted because it duplicated an existing scored concept, depended on answer-revealing teaching text, functioned primarily as a reference table/diagram, or was less discriminating than the retained quiz image.",,
307,/Users/chriselwell/Desktop/Pulm/Pulm Pictures/Pulm Picture/Large-Filling-Defect-on-Conventional-Pulmonary-Angiogram.jpg,Large-Filling-Defect-on-Conventional-Pulmonary-Angiogram.jpg,2d16fe70613447a58e73802d91632eea2a1923dadb71c5f01cd36d59d5214338,429,509,,REFERENCE_ONLY,"Visually reviewed in the complete candidate-sheet pass; not promoted because it duplicated an existing scored concept, depended on answer-revealing teaching text, functioned primarily as a reference table/diagram, or was less discriminating than the retained quiz image.",,
308,/Users/chriselwell/Desktop/Pulm/Pulm Pictures/Pulm Picture/Large-Volume-Atelectasis-with-Ipsilateral-Mediastinal-Shift-Lateral.png,Large-Volume-Atelectasis-with-Ipsilateral-Mediastinal-Shift-Lateral.png,66bc1333bcd89cd2f8f3bc202c6314fe8a64131833dab2b4b7743a6050228083,700,335,,REFERENCE_ONLY,"Visually reviewed in the complete candidate-sheet pass; not promoted because it duplicated an existing scored concept, depended on answer-revealing teaching text, functioned primarily as a reference table/diagram, or was less discriminating than the retained quiz image.",,
309,/Users/chriselwell/Desktop/Pulm/Pulm Pictures/Pulm Picture/Left Lung Mass.png,Left Lung Mass.png,3b5250caa24f0561e4036f0fc43ca63a1ffc9c289d1a9a16fcabd5320723331c,419,454,,REFERENCE_ONLY,"Visually reviewed in the complete candidate-sheet pass; not promoted because it duplicated an existing scored concept, depended on answer-revealing teaching text, functioned primarily as a reference table/diagram, or was less discriminating than the retained quiz image.",,
310,/Users/chriselwell/Desktop/Pulm/Pulm Pictures/Pulm Picture/Left-Pneumothorax.jpg,Left-Pneumothorax.jpg,cd64a8b9dc9c8b646f130aee0803d4074ab9161bcfa4ad41429e610810488af0,700,456,,REFERENCE_ONLY,"Visually reviewed in the complete candidate-sheet pass; not promoted because it duplicated an existing scored concept, depended on answer-revealing teaching text, functioned primarily as a reference table/diagram, or was less discriminating than the retained quiz image.",,
311,/Users/chriselwell/Desktop/Pulm/Pulm Pictures/Pulm Picture/Left-Sided Pleural Effusion.jpeg,Left-Sided Pleural Effusion.jpeg,4381efef6c9d963bcf0f84b071c9ee7003af06e45cec29b8556973fe3b414935,1464,1199,,REFERENCE_ONLY,"Visually reviewed in the complete candidate-sheet pass; not promoted because it duplicated an existing scored concept, depended on answer-revealing teaching text, functioned primarily as a reference table/diagram, or was less discriminating than the retained quiz image.",,
312,/Users/chriselwell/Desktop/Pulm/Pulm Pictures/Pulm Picture/Left-Sided-Congenital-Diaphragmatic-Hernia.jpg,Left-Sided-Congenital-Diaphragmatic-Hernia.jpg,f86fc326b2279ca7da13d23742d3c2ecad199c566495b89df91e052f3dfff6eb,837,999,,REFERENCE_ONLY,"Visually reviewed in the complete candidate-sheet pass; not promoted because it duplicated an existing scored concept, depended on answer-revealing teaching text, functioned primarily as a reference table/diagram, or was less discriminating than the retained quiz image.",,
313,/Users/chriselwell/Desktop/Pulm/Pulm Pictures/Pulm Picture/Left-Sided-Heart-Failure.jpg,Left-Sided-Heart-Failure.jpg,9e1fb68845e7d943a2003d7f23e39d086d065b41ec94ca36159f8be1848af495,700,391,,REFERENCE_ONLY,"Visually reviewed in the complete candidate-sheet pass; not promoted because it duplicated an existing scored concept, depended on answer-revealing teaching text, functioned primarily as a reference table/diagram, or was less discriminating than the retained quiz image.",,
314,/Users/chriselwell/Desktop/Pulm/Pulm Pictures/Pulm Picture/left-sided-pleural-effusion-in-malignant-mesothelioma-frontal-annotated.jpg,left-sided-pleural-effusion-in-malignant-mesothelioma-frontal-annotated.jpg,63c8d2ee75c995dc75dff036bd51db897ac19fa593207f1818e9c145c83c4785,1201,1000,,REFERENCE_ONLY,"Visually reviewed in the complete candidate-sheet pass; not promoted because it duplicated an existing scored concept, depended on answer-revealing teaching text, functioned primarily as a reference table/diagram, or was less discriminating than the retained quiz image.",,
315,/Users/chriselwell/Desktop/Pulm/Pulm Pictures/Pulm Picture/Left-Sided-Pleural-Effusion-in-Malignant-Mesothelioma-Frontal.jpg,Left-Sided-Pleural-Effusion-in-Malignant-Mesothelioma-Frontal.jpg,d9f196842c04fb2637afdf4458cb0ecdcf830342a24595e35229a1e9339fe52c,1201,1000,,REFERENCE_ONLY,"Visually reviewed in the complete candidate-sheet pass; not promoted because it duplicated an existing scored concept, depended on answer-revealing teaching text, functioned primarily as a reference table/diagram, or was less discriminating than the retained quiz image.",,
316,/Users/chriselwell/Desktop/Pulm/Pulm Pictures/Pulm Picture/Left-Sided-Pleural-Effusion-in-Malignant-Mesothelioma-Lateral.jpg,Left-Sided-Pleural-Effusion-in-Malignant-Mesothelioma-Lateral.jpg,8aa646f4d8e2a60c7e18543ef3c77db1cc5bc93d91bc8abadb12824a4dd6c714,990,1000,,REFERENCE_ONLY,"Visually reviewed in the complete candidate-sheet pass; not promoted because it duplicated an existing scored concept, depended on answer-revealing teaching text, functioned primarily as a reference table/diagram, or was less discriminating than the retained quiz image.",,
317,/Users/chriselwell/Desktop/Pulm/Pulm Pictures/Pulm Picture/Legionella Infection.png,Legionella Infection.png,e1c5933e8f4b8d25a4f0c32dbb0e09f9721202864bdbda9182091c8def99163c,892,898,,REFERENCE_ONLY,"Visually reviewed in the complete candidate-sheet pass; not promoted because it duplicated an existing scored concept, depended on answer-revealing teaching text, functioned primarily as a reference table/diagram, or was less discriminating than the retained quiz image.",,
318,/Users/chriselwell/Desktop/Pulm/Pulm Pictures/Pulm Picture/Legionella Pneumonia.png,Legionella Pneumonia.png,017ee707e52f938f1cc5312f7a907139cc54496b69154fcc950bd5f33dcdcec6,866,568,,REFERENCE_ONLY,"Visually reviewed in the complete candidate-sheet pass; not promoted because it duplicated an existing scored concept, depended on answer-revealing teaching text, functioned primarily as a reference table/diagram, or was less discriminating than the retained quiz image.",,
319,/Users/chriselwell/Desktop/Pulm/Pulm Pictures/Pulm Picture/Legionella.png,Legionella.png,bdebcf00114f1abcae216ddb6ce4860184520e870c41973b6c8faea94c33bd88,1448,1086,,REFERENCE_ONLY,"Visually reviewed in the complete candidate-sheet pass; not promoted because it duplicated an existing scored concept, depended on answer-revealing teaching text, functioned primarily as a reference table/diagram, or was less discriminating than the retained quiz image.",,
320,/Users/chriselwell/Desktop/Pulm/Pulm Pictures/Pulm Picture/Legionnaires' Disease Fact Sheet.jpg,Legionnaires' Disease Fact Sheet.jpg,f6e98669b5edcf16799474cd55f0ea087a1eb9ba172bc2f73fc7c7ef7b35e339,1473,1000,,REFERENCE_ONLY,"Visually reviewed in the complete candidate-sheet pass; not promoted because it duplicated an existing scored concept, depended on answer-revealing teaching text, functioned primarily as a reference table/diagram, or was less discriminating than the retained quiz image.",,
321,/Users/chriselwell/Desktop/Pulm/Pulm Pictures/Pulm Picture/Lines-of-Zahn.jpg,Lines-of-Zahn.jpg,e1929fb1c8dbb4e4f1a831f2112ec85d439dde4f71b7f4f1f5bf9f0491b9a9e8,1333,1000,,REFERENCE_ONLY,"Visually reviewed in the complete candidate-sheet pass; not promoted because it duplicated an existing scored concept, depended on answer-revealing teaching text, functioned primarily as a reference table/diagram, or was less discriminating than the retained quiz image.",,
322,/Users/chriselwell/Desktop/Pulm/Pulm Pictures/Pulm Picture/Lipodermatosclerosis.png,Lipodermatosclerosis.png,e6ec2efbc622f745e1cb78eff842ac8fb2e3dfe88da3f08aa8f591718b2c8644,513,665,,REFERENCE_ONLY,"Visually reviewed in the complete candidate-sheet pass; not promoted because it duplicated an existing scored concept, depended on answer-revealing teaching text, functioned primarily as a reference table/diagram, or was less discriminating than the retained quiz image.",,
323,/Users/chriselwell/Desktop/Pulm/Pulm Pictures/Pulm Picture/Liver-Cirrhosis-in-Alpha-1-Antitrypsin-Deficiency.jpg,Liver-Cirrhosis-in-Alpha-1-Antitrypsin-Deficiency.jpg,5abbceb98cec1ad372f0aac7852765999163021228b07d10083ec8f8632502ff,1272,1000,,REFERENCE_ONLY,"Visually reviewed in the complete candidate-sheet pass; not promoted because it duplicated an existing scored concept, depended on answer-revealing teaching text, functioned primarily as a reference table/diagram, or was less discriminating than the retained quiz image.",,
324,/Users/chriselwell/Desktop/Pulm/Pulm Pictures/Pulm Picture/Lobar Pneumonia.png,Lobar Pneumonia.png,53d535c34bb91f0b9176ed5c60cc91c819b06528a5fd74051a981bad2170b35b,542,700,,REFERENCE_ONLY,"Visually reviewed in the complete candidate-sheet pass; not promoted because it duplicated an existing scored concept, depended on answer-revealing teaching text, functioned primarily as a reference table/diagram, or was less discriminating than the retained quiz image.",,
325,/Users/chriselwell/Desktop/Pulm/Pulm Pictures/Pulm Picture/Lobar-Collapse-Atelectasis-from-Mucus-Plugging.jpg,Lobar-Collapse-Atelectasis-from-Mucus-Plugging.jpg,35b6baf71c0c80f9eaf43dd8d6c3377a6fcc45f94cea4db64357977c287757ff,700,771,,REFERENCE_ONLY,"Visually reviewed in the complete candidate-sheet pass; not promoted because it duplicated an existing scored concept, depended on answer-revealing teaching text, functioned primarily as a reference table/diagram, or was less discriminating than the retained quiz image.",,
326,/Users/chriselwell/Desktop/Pulm/Pulm Pictures/Pulm Picture/Lofgren-Syndrome.jpg,Lofgren-Syndrome.jpg,3fae53655b198db5a3e209ffee799ec53ca4f9d1311f1d588f49235b6909cbf4,644,1000,,REFERENCE_ONLY,"Visually reviewed in the complete candidate-sheet pass; not promoted because it duplicated an existing scored concept, depended on answer-revealing teaching text, functioned primarily as a reference table/diagram, or was less discriminating than the retained quiz image.",,
327,/Users/chriselwell/Desktop/Pulm/Pulm Pictures/Pulm Picture/Lung Abscess.jpeg,Lung Abscess.jpeg,5041b2bdbbb027d6db2e8e4815ead071136649eab6d020be7ec49cf6d7d01710,630,562,,REFERENCE_ONLY,"Visually reviewed in the complete candidate-sheet pass; not promoted because it duplicated an existing scored concept, depended on answer-revealing teaching text, functioned primarily as a reference table/diagram, or was less discriminating than the retained quiz image.",,
328,/Users/chriselwell/Desktop/Pulm/Pulm Pictures/Pulm Picture/Lung Cancer.png,Lung Cancer.png,f4489e938f98e513bbf871fee4b30dca8263f0ba2eb34be9e8af2d111cea2d4f,1016,528,,REFERENCE_ONLY,"Visually reviewed in the complete candidate-sheet pass; not promoted because it duplicated an existing scored concept, depended on answer-revealing teaching text, functioned primarily as a reference table/diagram, or was less discriminating than the retained quiz image.",,
329,/Users/chriselwell/Desktop/Pulm/Pulm Pictures/Pulm Picture/Lung Malignancies & Associated Paraneoplastic Syndromes.png,Lung Malignancies & Associated Paraneoplastic Syndromes.png,68c8c8cba2af93d005ef6db3402e19e7c6d72379056ad98781a22b35a4b30236,814,518,,REFERENCE_ONLY,"Visually reviewed in the complete candidate-sheet pass; not promoted because it duplicated an existing scored concept, depended on answer-revealing teaching text, functioned primarily as a reference table/diagram, or was less discriminating than the retained quiz image.",,
330,/Users/chriselwell/Desktop/Pulm/Pulm Pictures/Pulm Picture/Lung Movement During Respiration.jpg,Lung Movement During Respiration.jpg,c4934387cdfb5a40d0130e0c95e94397689641326f0f1e4d02384c74673f82c0,1022,1000,,REFERENCE_ONLY,"Visually reviewed in the complete candidate-sheet pass; not promoted because it duplicated an existing scored concept, depended on answer-revealing teaching text, functioned primarily as a reference table/diagram, or was less discriminating than the retained quiz image.",,
331,/Users/chriselwell/Desktop/Pulm/Pulm Pictures/Pulm Picture/Lung Sounds Causes and Qualities.png,Lung Sounds Causes and Qualities.png,9aabbb0a10e1faca40fa79f5d4bdab0d6d12f6c5efde3e7373b9d5e06ad8ce41,1438,1404,,REFERENCE_ONLY,"Visually reviewed in the complete candidate-sheet pass; not promoted because it duplicated an existing scored concept, depended on answer-revealing teaching text, functioned primarily as a reference table/diagram, or was less discriminating than the retained quiz image.",,
332,/Users/chriselwell/Desktop/Pulm/Pulm Pictures/Pulm Picture/Lung-Cancer-Types.jpg,Lung-Cancer-Types.jpg,1ad7a59325a3649fb58e42c0108e0789c21269e8334591bf0bee5128be5f8507,1414,1000,,REFERENCE_ONLY,"Visually reviewed in the complete candidate-sheet pass; not promoted because it duplicated an existing scored concept, depended on answer-revealing teaching text, functioned primarily as a reference table/diagram, or was less discriminating than the retained quiz image.",,
333,/Users/chriselwell/Desktop/Pulm/Pulm Pictures/Pulm Picture/Lung-Cancer.png,Lung-Cancer.png,1a32b306c3d88f8163f917c49e5a0f2c2eb1756b2cecba7cd46ed9a731215d37,1494,1836,,REFERENCE_ONLY,"Visually reviewed in the complete candidate-sheet pass; not promoted because it duplicated an existing scored concept, depended on answer-revealing teaching text, functioned primarily as a reference table/diagram, or was less discriminating than the retained quiz image.",,
334,/Users/chriselwell/Desktop/Pulm/Pulm Pictures/Pulm Picture/Lung-Cells-and-Functions-Table.png,Lung-Cells-and-Functions-Table.png,331d0d106dbcffa4078c728b4703f6d08637582c2b9f2373606fa88bccd007e1,1176,862,,REFERENCE_ONLY,"Visually reviewed in the complete candidate-sheet pass; not promoted because it duplicated an existing scored concept, depended on answer-revealing teaching text, functioned primarily as a reference table/diagram, or was less discriminating than the retained quiz image.",,
335,/Users/chriselwell/Desktop/Pulm/Pulm Pictures/Pulm Picture/Lung-Reexpansion-After-Chest-Tube-Placement.png,Lung-Reexpansion-After-Chest-Tube-Placement.png,3d229df2f7e3ea22cd84aa8a3865f9502f3adf514b8c557e7c3556f51f31c7c3,700,431,,REFERENCE_ONLY,"Visually reviewed in the complete candidate-sheet pass; not promoted because it duplicated an existing scored concept, depended on answer-revealing teaching text, functioned primarily as a reference table/diagram, or was less discriminating than the retained quiz image.",,
336,/Users/chriselwell/Desktop/Pulm/Pulm Pictures/Pulm Picture/Lung-Volume-Alveolar-Intrapleural-Pressure-2.png,Lung-Volume-Alveolar-Intrapleural-Pressure-2.png,de0ad99040502002870d32dd9d25a8f92a5316fbd1f3f7c5a07be55a2e48c5c8,320,328,,REFERENCE_ONLY,"Visually reviewed in the complete candidate-sheet pass; not promoted because it duplicated an existing scored concept, depended on answer-revealing teaching text, functioned primarily as a reference table/diagram, or was less discriminating than the retained quiz image.",,
337,/Users/chriselwell/Desktop/Pulm/Pulm Pictures/Pulm Picture/Lung-Volume-Pressure-Curves.png,Lung-Volume-Pressure-Curves.png,fab15879608b6bda45901fed0f6762f79689d015669ab64276d67a5d1a700ccf,954,770,,REFERENCE_ONLY,"Visually reviewed in the complete candidate-sheet pass; not promoted because it duplicated an existing scored concept, depended on answer-revealing teaching text, functioned primarily as a reference table/diagram, or was less discriminating than the retained quiz image.",,
338,/Users/chriselwell/Desktop/Pulm/Pulm Pictures/Pulm Picture/Lung-Volumes-and-Capacities-Diagram-2.png,Lung-Volumes-and-Capacities-Diagram-2.png,9e7d1d45129b5555447497282ce83b84bd595c8894a5c76231ee0dcdd42c9887,454,422,,REFERENCE_ONLY,"Visually reviewed in the complete candidate-sheet pass; not promoted because it duplicated an existing scored concept, depended on answer-revealing teaching text, functioned primarily as a reference table/diagram, or was less discriminating than the retained quiz image.",,
339,/Users/chriselwell/Desktop/Pulm/Pulm Pictures/Pulm Picture/Lung-Volumes-and-Capacities-Diagram.png,Lung-Volumes-and-Capacities-Diagram.png,3f6988701999423963f6bc68ebc9583b53fdab4a55973f3cff8a6ddc0ab7246d,1658,890,,REFERENCE_ONLY,"Visually reviewed in the complete candidate-sheet pass; not promoted because it duplicated an existing scored concept, depended on answer-revealing teaching text, functioned primarily as a reference table/diagram, or was less discriminating than the retained quiz image.",,
340,/Users/chriselwell/Desktop/Pulm/Pulm Pictures/Pulm Picture/Lung-Volumes-Notes-and-Graph.png,Lung-Volumes-Notes-and-Graph.png,b4d0153dff79dbc7f4d1d5da27480f13c3ca7b25f785410143b7ee3d83c75e3d,2330,786,,REFERENCE_ONLY,"Visually reviewed in the complete candidate-sheet pass; not promoted because it duplicated an existing scored concept, depended on answer-revealing teaching text, functioned primarily as a reference table/diagram, or was less discriminating than the retained quiz image.",,
341,/Users/chriselwell/Desktop/Pulm/Pulm Pictures/Pulm Picture/Lung-Volumes-Restrictive-Disease-Comparison.png,Lung-Volumes-Restrictive-Disease-Comparison.png,111d16e2ac3cbfd89c91c2dba68e3825aa0873e42b0e886c1a82d17fd3d0e2e8,1152,858,,REFERENCE_ONLY,"Visually reviewed in the complete candidate-sheet pass; not promoted because it duplicated an existing scored concept, depended on answer-revealing teaching text, functioned primarily as a reference table/diagram, or was less discriminating than the retained quiz image.",,
342,/Users/chriselwell/Desktop/Pulm/Pulm Pictures/Pulm Picture/Lungs-Lateral-View-Anatomy.png,Lungs-Lateral-View-Anatomy.png,8ebafbd371bc64dae4876b2120a72512936ca72e173e13af75b2c5a3ca8fa17b,1224,844,,REFERENCE_ONLY,"Visually reviewed in the complete candidate-sheet pass; not promoted because it duplicated an existing scored concept, depended on answer-revealing teaching text, functioned primarily as a reference table/diagram, or was less discriminating than the retained quiz image.",,
343,/Users/chriselwell/Desktop/Pulm/Pulm Pictures/Pulm Picture/Lungs-with-Asbestos-Related-Disease.png,Lungs-with-Asbestos-Related-Disease.png,5a83b1639fdd4693a0689bdcbb845f89d408cb82089b604eb9f97e2cb1db2b66,700,340,,REFERENCE_ONLY,"Visually reviewed in the complete candidate-sheet pass; not promoted because it duplicated an existing scored concept, depended on answer-revealing teaching text, functioned primarily as a reference table/diagram, or was less discriminating than the retained quiz image.",,
344,/Users/chriselwell/Desktop/Pulm/Pulm Pictures/Pulm Picture/Lupus-Pernio-Sarcoidosis.png,Lupus-Pernio-Sarcoidosis.png,6d712632583433b1c5c90cc9055fd4ede4fe419519ae81e56e2cb5e137c73aad,515,700,,REFERENCE_ONLY,"Visually reviewed in the complete candidate-sheet pass; not promoted because it duplicated an existing scored concept, depended on answer-revealing teaching text, functioned primarily as a reference table/diagram, or was less discriminating than the retained quiz image.",,
345,/Users/chriselwell/Desktop/Pulm/Pulm Pictures/Pulm Picture/Lupus-Pernio.jpg,Lupus-Pernio.jpg,7c78519507c446914c74af1dad07de02ceb101b3035d389ad154c2f6668fc40f,1524,999,,REFERENCE_ONLY,"Visually reviewed in the complete candidate-sheet pass; not promoted because it duplicated an existing scored concept, depended on answer-revealing teaching text, functioned primarily as a reference table/diagram, or was less discriminating than the retained quiz image.",,
346,/Users/chriselwell/Desktop/Pulm/Pulm Pictures/Pulm Picture/Lymphadenopathy and Miliary Lung Nodules.jpg,Lymphadenopathy and Miliary Lung Nodules.jpg,dbe52ec8982ac5ad5cbbe841013f7e46289c2877e52284858c9d6c2155f52de5,493,1000,,REFERENCE_ONLY,"Visually reviewed in the complete candidate-sheet pass; not promoted because it duplicated an existing scored concept, depended on answer-revealing teaching text, functioned primarily as a reference table/diagram, or was less discriminating than the retained quiz image.",,
347,/Users/chriselwell/Desktop/Pulm/Pulm Pictures/Pulm Picture/Lymphocytic-Infiltrate-of-Airways-Histology.png,Lymphocytic-Infiltrate-of-Airways-Histology.png,0a437b30621a774e6ef751c354d4edb567bdc322f74c5dbc8bb2dad7b1e9ee37,980,792,,REFERENCE_ONLY,"Visually reviewed in the complete candidate-sheet pass; not promoted because it duplicated an existing scored concept, depended on answer-revealing teaching text, functioned primarily as a reference table/diagram, or was less discriminating than the retained quiz image.",,
348,/Users/chriselwell/Desktop/Pulm/Pulm Pictures/Pulm Picture/Major-Gas-Related-Disorders.png,Major-Gas-Related-Disorders.png,5850d4be9f605a82dca07f3327704fcf2135fe67a7965e2226f0e641d2c927b5,1184,1204,,REFERENCE_ONLY,"Visually reviewed in the complete candidate-sheet pass; not promoted because it duplicated an existing scored concept, depended on answer-revealing teaching text, functioned primarily as a reference table/diagram, or was less discriminating than the retained quiz image.",,
349,/Users/chriselwell/Desktop/Pulm/Pulm Pictures/Pulm Picture/Malignant Central Airway Obstruction.png,Malignant Central Airway Obstruction.png,4a60ad0294dd4464a773ea1af92075de27d3ada4cb329f1c12abfde6a9263ee3,700,464,,REFERENCE_ONLY,"Visually reviewed in the complete candidate-sheet pass; not promoted because it duplicated an existing scored concept, depended on answer-revealing teaching text, functioned primarily as a reference table/diagram, or was less discriminating than the retained quiz image.",,
350,/Users/chriselwell/Desktop/Pulm/Pulm Pictures/Pulm Picture/Management of Pneumonia.jpg,Management of Pneumonia.jpg,90731cc0fe5174072e2d608e12ddaefb1cae7c6fa29d5820488e71254401036c,2274,1999,,REFERENCE_ONLY,"Visually reviewed in the complete candidate-sheet pass; not promoted because it duplicated an existing scored concept, depended on answer-revealing teaching text, functioned primarily as a reference table/diagram, or was less discriminating than the retained quiz image.",,
351,/Users/chriselwell/Desktop/Pulm/Pulm Pictures/Pulm Picture/Management-of-Drowning.png,Management-of-Drowning.png,bb68dacc80f90ad26a3d257693278f9566080841b38790b557b95b8f542c7051,700,679,,REFERENCE_ONLY,"Visually reviewed in the complete candidate-sheet pass; not promoted because it duplicated an existing scored concept, depended on answer-revealing teaching text, functioned primarily as a reference table/diagram, or was less discriminating than the retained quiz image.",,
352,/Users/chriselwell/Desktop/Pulm/Pulm Pictures/Pulm Picture/Management-of-Stable-Chronic-Obstructive-Pulmonary-Disease.png,Management-of-Stable-Chronic-Obstructive-Pulmonary-Disease.png,2561d2108cd9001dbfa678c5f9bef62172dd2382158a07771ca5c2f8387585b6,1180,588,,REFERENCE_ONLY,"Visually reviewed in the complete candidate-sheet pass; not promoted because it duplicated an existing scored concept, depended on answer-revealing teaching text, functioned primarily as a reference table/diagram, or was less discriminating than the retained quiz image.",,
353,/Users/chriselwell/Desktop/Pulm/Pulm Pictures/Pulm Picture/Mechanics-of-Expiration.png,Mechanics-of-Expiration.png,e0b738e0df0a45d3b151e0e947c2637a23900107153ffc6c120b793c25fe917b,572,854,,REFERENCE_ONLY,"Visually reviewed in the complete candidate-sheet pass; not promoted because it duplicated an existing scored concept, depended on answer-revealing teaching text, functioned primarily as a reference table/diagram, or was less discriminating than the retained quiz image.",,
354,/Users/chriselwell/Desktop/Pulm/Pulm Pictures/Pulm Picture/Mechanics-of-Inspiration.png,Mechanics-of-Inspiration.png,f59652a9d1f1f0bf01a48c8040f27420370bbfa963373bc41599013e24109958,576,864,,REFERENCE_ONLY,"Visually reviewed in the complete candidate-sheet pass; not promoted because it duplicated an existing scored concept, depended on answer-revealing teaching text, functioned primarily as a reference table/diagram, or was less discriminating than the retained quiz image.",,
355,/Users/chriselwell/Desktop/Pulm/Pulm Pictures/Pulm Picture/Mechanism of Action- Antibiotics.jpg,Mechanism of Action- Antibiotics.jpg,c6f8171a04911bfc3ee81eca4406ae6c5c01d3becfae9a138e89ff472da47773,1600,860,,REFERENCE_ONLY,"Visually reviewed in the complete candidate-sheet pass; not promoted because it duplicated an existing scored concept, depended on answer-revealing teaching text, functioned primarily as a reference table/diagram, or was less discriminating than the retained quiz image.",,
356,/Users/chriselwell/Desktop/Pulm/Pulm Pictures/Pulm Picture/Mechanism of Action- Antifungals.jpeg,Mechanism of Action- Antifungals.jpeg,3b7e5e7c2d7018e91e45d790df35dc4e30a8b9195ff956b0b892fc95a52a6f70,1567,842,,REFERENCE_ONLY,"Visually reviewed in the complete candidate-sheet pass; not promoted because it duplicated an existing scored concept, depended on answer-revealing teaching text, functioned primarily as a reference table/diagram, or was less discriminating than the retained quiz image.",,
357,/Users/chriselwell/Desktop/Pulm/Pulm Pictures/Pulm Picture/Mechanism of Action- Antimycobacterial Drugs.jpg,Mechanism of Action- Antimycobacterial Drugs.jpg,46ae8049c0ebcc0c9e7be8596e752473185048255f2c34bc89c308bbf7de84c5,1600,860,,REFERENCE_ONLY,"Visually reviewed in the complete candidate-sheet pass; not promoted because it duplicated an existing scored concept, depended on answer-revealing teaching text, functioned primarily as a reference table/diagram, or was less discriminating than the retained quiz image.",,
358,/Users/chriselwell/Desktop/Pulm/Pulm Pictures/Pulm Picture/Mechanism of Action- Inotropic Drugs.jpg,Mechanism of Action- Inotropic Drugs.jpg,15b5a869f7618039ac79056f1ac4f61db81879411fcad17d3bbd0f352bdd8ea6,1600,987,,REFERENCE_ONLY,"Visually reviewed in the complete candidate-sheet pass; not promoted because it duplicated an existing scored concept, depended on answer-revealing teaching text, functioned primarily as a reference table/diagram, or was less discriminating than the retained quiz image.",,
359,/Users/chriselwell/Desktop/Pulm/Pulm Pictures/Pulm Picture/Mechanism of Action- Nitrates and Phosphodiesterase-5 Inhibitors.jpg,Mechanism of Action- Nitrates and Phosphodiesterase-5 Inhibitors.jpg,0657b8187cfc209cc30cfdccb0d3ffe6efcbad2524d04e72b7a5a95786a96d30,1414,1000,,REFERENCE_ONLY,"Visually reviewed in the complete candidate-sheet pass; not promoted because it duplicated an existing scored concept, depended on answer-revealing teaching text, functioned primarily as a reference table/diagram, or was less discriminating than the retained quiz image.",,
360,/Users/chriselwell/Desktop/Pulm/Pulm Pictures/Pulm Picture/Mechanism-of-Sodium-Bicarbonate-for-Salicylate-Toxicity.jpg,Mechanism-of-Sodium-Bicarbonate-for-Salicylate-Toxicity.jpg,0ae61508c9db1a5d3b98624b191c4a9a0e95cfe0fa8c2b1ff9057c6a2ef25146,700,427,,REFERENCE_ONLY,"Visually reviewed in the complete candidate-sheet pass; not promoted because it duplicated an existing scored concept, depended on answer-revealing teaching text, functioned primarily as a reference table/diagram, or was less discriminating than the retained quiz image.",,
361,/Users/chriselwell/Desktop/Pulm/Pulm Pictures/Pulm Picture/Mechanisms-of-Atelectasis.png,Mechanisms-of-Atelectasis.png,83d84c46e599f3509cabe94a06726ec6c2401a64ffa36b0799a3e044a1dd3f3f,1176,494,,REFERENCE_ONLY,"Visually reviewed in the complete candidate-sheet pass; not promoted because it duplicated an existing scored concept, depended on answer-revealing teaching text, functioned primarily as a reference table/diagram, or was less discriminating than the retained quiz image.",,
362,/Users/chriselwell/Desktop/Pulm/Pulm Pictures/Pulm Picture/Meconium-Aspiration-Syndrome.jpg,Meconium-Aspiration-Syndrome.jpg,32f8810c74d4c95bef5b5df7bdfc4897b0d1992a531eef9a50a6309f9977f453,700,400,,REFERENCE_ONLY,"Visually reviewed in the complete candidate-sheet pass; not promoted because it duplicated an existing scored concept, depended on answer-revealing teaching text, functioned primarily as a reference table/diagram, or was less discriminating than the retained quiz image.",,
363,/Users/chriselwell/Desktop/Pulm/Pulm Pictures/Pulm Picture/Mesothelioma Gross.jpg,Mesothelioma Gross.jpg,5983bce5bfe7263d7d4eb66fcbdb4e65c30b5794f94207cd0d8527e569de3bc5,636,1000,,REFERENCE_ONLY,"Visually reviewed in the complete candidate-sheet pass; not promoted because it duplicated an existing scored concept, depended on answer-revealing teaching text, functioned primarily as a reference table/diagram, or was less discriminating than the retained quiz image.",,
364,/Users/chriselwell/Desktop/Pulm/Pulm Pictures/Pulm Picture/Mesothelioma.jpg,Mesothelioma.jpg,9229b8c65702eb1749964d5b7a8c5227ca1ffc9dff7a0b1e54c1a37dd940008d,1328,1000,,REFERENCE_ONLY,"Visually reviewed in the complete candidate-sheet pass; not promoted because it duplicated an existing scored concept, depended on answer-revealing teaching text, functioned primarily as a reference table/diagram, or was less discriminating than the retained quiz image.",,
365,/Users/chriselwell/Desktop/Pulm/Pulm Pictures/Pulm Picture/Metastatic Lung Carcinoma.jpg,Metastatic Lung Carcinoma.jpg,e57f847fd7e9095aafca677f576c4e97dc31ceff72de207ca38369daa8cf7b83,1244,1000,,REFERENCE_ONLY,"Visually reviewed in the complete candidate-sheet pass; not promoted because it duplicated an existing scored concept, depended on answer-revealing teaching text, functioned primarily as a reference table/diagram, or was less discriminating than the retained quiz image.",,
366,/Users/chriselwell/Desktop/Pulm/Pulm Pictures/Pulm Picture/Mismatched Perfusion Defects from Pulmonary Emboli.jpg,Mismatched Perfusion Defects from Pulmonary Emboli.jpg,16cd689933755ac97a2b2cb63be6582f51eb4c60373fe63323bc33c775226d9a,1600,764,,REFERENCE_ONLY,"Visually reviewed in the complete candidate-sheet pass; not promoted because it duplicated an existing scored concept, depended on answer-revealing teaching text, functioned primarily as a reference table/diagram, or was less discriminating than the retained quiz image.",,
367,/Users/chriselwell/Desktop/Pulm/Pulm Pictures/Pulm Picture/Mixed-Primary-Acid-Base-Disorders.png,Mixed-Primary-Acid-Base-Disorders.png,1db5dfcfd61574d95552234b54b4f82fa8c047ecf085c3fb305a2060dc8e6353,1286,720,,REFERENCE_ONLY,"Visually reviewed in the complete candidate-sheet pass; not promoted because it duplicated an existing scored concept, depended on answer-revealing teaching text, functioned primarily as a reference table/diagram, or was less discriminating than the retained quiz image.",,
368,/Users/chriselwell/Desktop/Pulm/Pulm Pictures/Pulm Picture/Mnemonic- Causes of Atypical Pneumonia.jpg,Mnemonic- Causes of Atypical Pneumonia.jpg,6a3fb1ba44e9e76ba0712b3b20b98bba7a2627225f0b1c88535402d1d38e3c3a,1600,900,,REFERENCE_ONLY,"Visually reviewed in the complete candidate-sheet pass; not promoted because it duplicated an existing scored concept, depended on answer-revealing teaching text, functioned primarily as a reference table/diagram, or was less discriminating than the retained quiz image.",,
369,/Users/chriselwell/Desktop/Pulm/Pulm Pictures/Pulm Picture/Moraxella.png,Moraxella.png,f7f78fc4bd45b3c5fe17e353853873f199af4f1cbacb5e6badee34fb7ffbf04f,1448,1086,,REFERENCE_ONLY,"Visually reviewed in the complete candidate-sheet pass; not promoted because it duplicated an existing scored concept, depended on answer-revealing teaching text, functioned primarily as a reference table/diagram, or was less discriminating than the retained quiz image.",,
370,/Users/chriselwell/Desktop/Pulm/Pulm Pictures/Pulm Picture/Most Common Routes of Metastasis with TNM Classification (2).jpg,Most Common Routes of Metastasis with TNM Classification (2).jpg,9e47762975a02077067a10628f9f747f0d111e8730910768c0e74c39ddd96cc2,1322,1000,,REFERENCE_ONLY,"Visually reviewed in the complete candidate-sheet pass; not promoted because it duplicated an existing scored concept, depended on answer-revealing teaching text, functioned primarily as a reference table/diagram, or was less discriminating than the retained quiz image.",,
371,/Users/chriselwell/Desktop/Pulm/Pulm Pictures/Pulm Picture/Multinucleated Giant Cells in Pulmonary Sarcoidosis.jpg,Multinucleated Giant Cells in Pulmonary Sarcoidosis.jpg,7c86ed95266eba9b7acc909946965c7bd6efae325487d67881d63d1d3d2ac076,1463,1000,,REFERENCE_ONLY,"Visually reviewed in the complete candidate-sheet pass; not promoted because it duplicated an existing scored concept, depended on answer-revealing teaching text, functioned primarily as a reference table/diagram, or was less discriminating than the retained quiz image.",,
372,/Users/chriselwell/Desktop/Pulm/Pulm Pictures/Pulm Picture/Multiple Cavitary Lung Lesions.jpg,Multiple Cavitary Lung Lesions.jpg,986d2a23b81a7f19c730d93fb849dc3b6252e444c6ee93c240408851453bc3e2,1461,1000,,REFERENCE_ONLY,"Visually reviewed in the complete candidate-sheet pass; not promoted because it duplicated an existing scored concept, depended on answer-revealing teaching text, functioned primarily as a reference table/diagram, or was less discriminating than the retained quiz image.",,
373,/Users/chriselwell/Desktop/Pulm/Pulm Pictures/Pulm Picture/Mycobacteria.jpg,Mycobacteria.jpg,88214b242f9d6d4281ed896b73cb457550a994f24e16ab556d2739e39e69b075,1511,999,,REFERENCE_ONLY,"Visually reviewed in the complete candidate-sheet pass; not promoted because it duplicated an existing scored concept, depended on answer-revealing teaching text, functioned primarily as a reference table/diagram, or was less discriminating than the retained quiz image.",,
374,/Users/chriselwell/Desktop/Pulm/Pulm Pictures/Pulm Picture/Mycobacterium-Avium-Complex-Mac.jpg,Mycobacterium-Avium-Complex-Mac.jpg,a1fc7f824e3597e44c4d5dad53cf0c185b3178df51fe192b871e37558fe7daa9,700,673,,REFERENCE_ONLY,"Visually reviewed in the complete candidate-sheet pass; not promoted because it duplicated an existing scored concept, depended on answer-revealing teaching text, functioned primarily as a reference table/diagram, or was less discriminating than the retained quiz image.",,
375,/Users/chriselwell/Desktop/Pulm/Pulm Pictures/Pulm Picture/Nasal-Arterial-Supply.png,Nasal-Arterial-Supply.png,3ffc9c886e810e71980a537b6c69f843968841617d96c12b9351bf1facae7e4b,948,524,,REFERENCE_ONLY,"Visually reviewed in the complete candidate-sheet pass; not promoted because it duplicated an existing scored concept, depended on answer-revealing teaching text, functioned primarily as a reference table/diagram, or was less discriminating than the retained quiz image.",,
376,/Users/chriselwell/Desktop/Pulm/Pulm Pictures/Pulm Picture/Neonatal Respiratory Distress Syndrome Frontal.jpg,Neonatal Respiratory Distress Syndrome Frontal.jpg,2dd537b8f5f41661f8742b4c6e032d5322697dcb9feb4f0b66ecf7cac745665d,917,1000,,REFERENCE_ONLY,"Visually reviewed in the complete candidate-sheet pass; not promoted because it duplicated an existing scored concept, depended on answer-revealing teaching text, functioned primarily as a reference table/diagram, or was less discriminating than the retained quiz image.",,
377,/Users/chriselwell/Desktop/Pulm/Pulm Pictures/Pulm Picture/Neonatal Respiratory Distress Syndrome.jpg,Neonatal Respiratory Distress Syndrome.jpg,27f2658b408208910394a3b41723cad486b0bc72f27f67098518211d99f209cf,971,1000,,REFERENCE_ONLY,"Visually reviewed in the complete candidate-sheet pass; not promoted because it duplicated an existing scored concept, depended on answer-revealing teaching text, functioned primarily as a reference table/diagram, or was less discriminating than the retained quiz image.",,
378,/Users/chriselwell/Desktop/Pulm/Pulm Pictures/Pulm Picture/Neonatal-Respiratory-Distress-Syndrome-Ground-Glass-Opacities.png,Neonatal-Respiratory-Distress-Syndrome-Ground-Glass-Opacities.png,576186c21b18f149c974caa617a1dedcfe7258b36e756abfc5e724d7b9659e0d,700,408,,REFERENCE_ONLY,"Visually reviewed in the complete candidate-sheet pass; not promoted because it duplicated an existing scored concept, depended on answer-revealing teaching text, functioned primarily as a reference table/diagram, or was less discriminating than the retained quiz image.",,
379,/Users/chriselwell/Desktop/Pulm/Pulm Pictures/Pulm Picture/Neonatal-Respiratory-Distress-Syndrome-Intubation.png,Neonatal-Respiratory-Distress-Syndrome-Intubation.png,ab81a0b2abb1a321f880b1c3f395d8614058463cc6244e6fd5b81b08c581d00a,700,523,,REFERENCE_ONLY,"Visually reviewed in the complete candidate-sheet pass; not promoted because it duplicated an existing scored concept, depended on answer-revealing teaching text, functioned primarily as a reference table/diagram, or was less discriminating than the retained quiz image.",,
380,/Users/chriselwell/Desktop/Pulm/Pulm Pictures/Pulm Picture/Neonatal-Respiratory-Distress-Syndrome.png,Neonatal-Respiratory-Distress-Syndrome.png,14126bb1b47b298c152b6bc1bb271a26f9b71da89b92776d8dab559e048b200f,1134,594,,REFERENCE_ONLY,"Visually reviewed in the complete candidate-sheet pass; not promoted because it duplicated an existing scored concept, depended on answer-revealing teaching text, functioned primarily as a reference table/diagram, or was less discriminating than the retained quiz image.",,
381,/Users/chriselwell/Desktop/Pulm/Pulm Pictures/Pulm Picture/Neonatal-Resuscitation-Algorithm.png,Neonatal-Resuscitation-Algorithm.png,6340e277ae99a627c5da182709dd2a86c18d20c3311ea66038340152ce6fd506,586,507,,REFERENCE_ONLY,"Visually reviewed in the complete candidate-sheet pass; not promoted because it duplicated an existing scored concept, depended on answer-revealing teaching text, functioned primarily as a reference table/diagram, or was less discriminating than the retained quiz image.",,
382,/Users/chriselwell/Desktop/Pulm/Pulm Pictures/Pulm Picture/Nippv-for-Obstructive-Lung-Disease.jpg,Nippv-for-Obstructive-Lung-Disease.jpg,1450f75cca97d7514ac1bbee2eea38cc1ae5c4e7c822956dea10086c8b35d74c,700,696,,REFERENCE_ONLY,"Visually reviewed in the complete candidate-sheet pass; not promoted because it duplicated an existing scored concept, depended on answer-revealing teaching text, functioned primarily as a reference table/diagram, or was less discriminating than the retained quiz image.",,
383,/Users/chriselwell/Desktop/Pulm/Pulm Pictures/Pulm Picture/Noncaseating Granuloma in Sarcoidosis.jpg,Noncaseating Granuloma in Sarcoidosis.jpg,34e303bcd69514fb977713da03b977d34a0d505bc3a4d23659dcf31702d3a1c3,1500,1000,,REFERENCE_ONLY,"Visually reviewed in the complete candidate-sheet pass; not promoted because it duplicated an existing scored concept, depended on answer-revealing teaching text, functioned primarily as a reference table/diagram, or was less discriminating than the retained quiz image.",,
384,/Users/chriselwell/Desktop/Pulm/Pulm Pictures/Pulm Picture/Noncaseating Granuloma.jpg,Noncaseating Granuloma.jpg,83f2bc0146e3fd669670c264e9708e33b1bc6cc8adc4fc7ccb84f6dffd52942c,1340,1000,,REFERENCE_ONLY,"Visually reviewed in the complete candidate-sheet pass; not promoted because it duplicated an existing scored concept, depended on answer-revealing teaching text, functioned primarily as a reference table/diagram, or was less discriminating than the retained quiz image.",,
385,/Users/chriselwell/Desktop/Pulm/Pulm Pictures/Pulm Picture/Nonspecific Interstitial Pneumonia (NSIP).jpg,Nonspecific Interstitial Pneumonia (NSIP).jpg,6f1d2ffa880a0be0503a9beed80f0425c27efd0ab08d2be3cb2488d0d28f69d3,1420,1000,,ADDED_SCORED,"Complete HRCT adds a distinct fibrotic pattern through symmetric ground glass, fine reticulation, traction change, and relative subpleural sparing.",q_acf504733555,public/assets/images/quiz_1512a32d601614bd.png
386,/Users/chriselwell/Desktop/Pulm/Pulm Pictures/Pulm Picture/Normal and Altered Breath and Voice Sounds.png,Normal and Altered Breath and Voice Sounds.png,7bc609f0742065fdcb9c5f4a33811fa9d1604eb110bb78275e4134f1787dc386,1978,1452,,REFERENCE_ONLY,"Visually reviewed in the complete candidate-sheet pass; not promoted because it duplicated an existing scored concept, depended on answer-revealing teaching text, functioned primarily as a reference table/diagram, or was less discriminating than the retained quiz image.",,
387,/Users/chriselwell/Desktop/Pulm/Pulm Pictures/Pulm Picture/Normal Costophrenic Angles.jpg,Normal Costophrenic Angles.jpg,763f65864c0224c2283218bc1cacde57cd8bd386d2d30906f7c9af935cff9e68,916,999,,REFERENCE_ONLY,"Visually reviewed in the complete candidate-sheet pass; not promoted because it duplicated an existing scored concept, depended on answer-revealing teaching text, functioned primarily as a reference table/diagram, or was less discriminating than the retained quiz image.",,
388,/Users/chriselwell/Desktop/Pulm/Pulm Pictures/Pulm Picture/Normal Ventilation:perfusion Ratio (Normal V:Q Ratio).jpg,Normal Ventilation:perfusion Ratio (Normal V:Q Ratio).jpg,7ce8658ac5c2f0b803d161743a54bacfb321e78d75782907e587e982c8835bf0,1000,1000,,REFERENCE_ONLY,"Visually reviewed in the complete candidate-sheet pass; not promoted because it duplicated an existing scored concept, depended on answer-revealing teaching text, functioned primarily as a reference table/diagram, or was less discriminating than the retained quiz image.",,
389,/Users/chriselwell/Desktop/Pulm/Pulm Pictures/Pulm Picture/Normal vs Airless Lungs.png,Normal vs Airless Lungs.png,3b096725c05b04abcb94541555fc202031919b8474a9c1c3276f5b7a7d62a9bc,1186,800,,REFERENCE_ONLY,"Visually reviewed in the complete candidate-sheet pass; not promoted because it duplicated an existing scored concept, depended on answer-revealing teaching text, functioned primarily as a reference table/diagram, or was less discriminating than the retained quiz image.",,
390,/Users/chriselwell/Desktop/Pulm/Pulm Pictures/Pulm Picture/Normal-Bronchial-Histology.png,Normal-Bronchial-Histology.png,78bb3ed07d8200c7cd572a8babb7676ffe3fe7a8bf1d6492a6384bb74eabb3cc,2878,1488,,REFERENCE_ONLY,"Visually reviewed in the complete candidate-sheet pass; not promoted because it duplicated an existing scored concept, depended on answer-revealing teaching text, functioned primarily as a reference table/diagram, or was less discriminating than the retained quiz image.",,
391,/Users/chriselwell/Desktop/Pulm/Pulm Pictures/Pulm Picture/Normal-Pleural-Fluid-Flow.png,Normal-Pleural-Fluid-Flow.png,5bf17cf57bd0654341ef6b9adb780a9d80cad51d8e23b60deaa1a14f82a3bc18,1092,854,,REFERENCE_ONLY,"Visually reviewed in the complete candidate-sheet pass; not promoted because it duplicated an existing scored concept, depended on answer-revealing teaching text, functioned primarily as a reference table/diagram, or was less discriminating than the retained quiz image.",,
392,/Users/chriselwell/Desktop/Pulm/Pulm Pictures/Pulm Picture/NSAID Moa.png,NSAID Moa.png,2b249bb4dd1872def74b8c57f77f3bb10a2e1398907d2cd4f03b143f83b2eae0,2400,1825,,REFERENCE_ONLY,"Visually reviewed in the complete candidate-sheet pass; not promoted because it duplicated an existing scored concept, depended on answer-revealing teaching text, functioned primarily as a reference table/diagram, or was less discriminating than the retained quiz image.",,
393,/Users/chriselwell/Desktop/Pulm/Pulm Pictures/Pulm Picture/Nuclear-Vq-Scan-Ventilation-Perfusion.png,Nuclear-Vq-Scan-Ventilation-Perfusion.png,1a26330b120f83ec3bd2c5debb4820946792bb5c7840c5ac417b207f46fef2bb,990,700,,REFERENCE_ONLY,"Visually reviewed in the complete candidate-sheet pass; not promoted because it duplicated an existing scored concept, depended on answer-revealing teaching text, functioned primarily as a reference table/diagram, or was less discriminating than the retained quiz image.",,
394,/Users/chriselwell/Desktop/Pulm/Pulm Pictures/Pulm Picture/O2-Co2-Curve-Across-Lung-Zones.png,O2-Co2-Curve-Across-Lung-Zones.png,7535edf014e114384bbab5e338cb3f56fc53575946b7dba7deb9ec3ab76ba857,1370,788,,REFERENCE_ONLY,"Visually reviewed in the complete candidate-sheet pass; not promoted because it duplicated an existing scored concept, depended on answer-revealing teaching text, functioned primarily as a reference table/diagram, or was less discriminating than the retained quiz image.",,
395,/Users/chriselwell/Desktop/Pulm/Pulm Pictures/Pulm Picture/O2-Content-Formula.png,O2-Content-Formula.png,b1da21a21f3b8ca8320445a698c4b04485fb03ec38e9503fb0e7423c0035c3dc,1736,780,,REFERENCE_ONLY,"Visually reviewed in the complete candidate-sheet pass; not promoted because it duplicated an existing scored concept, depended on answer-revealing teaching text, functioned primarily as a reference table/diagram, or was less discriminating than the retained quiz image.",,
396,/Users/chriselwell/Desktop/Pulm/Pulm Pictures/Pulm Picture/Obstructive-Lung-Diseases-Asthma-Bronchiectasis-Notes-2.png,Obstructive-Lung-Diseases-Asthma-Bronchiectasis-Notes-2.png,f8e4f34a90f9336926f0fe59280df79a3db09117cc5271b779b62446a88e5c28,1164,1376,,REFERENCE_ONLY,"Visually reviewed in the complete candidate-sheet pass; not promoted because it duplicated an existing scored concept, depended on answer-revealing teaching text, functioned primarily as a reference table/diagram, or was less discriminating than the retained quiz image.",,
397,/Users/chriselwell/Desktop/Pulm/Pulm Pictures/Pulm Picture/Obstructive-Lung-Diseases-Copd-Notes-1.png,Obstructive-Lung-Diseases-Copd-Notes-1.png,3955a5f25e6c5e2cbbcb0366b665e5963043d386c90e2d428407ae85909b7289,1190,732,,REFERENCE_ONLY,"Visually reviewed in the complete candidate-sheet pass; not promoted because it duplicated an existing scored concept, depended on answer-revealing teaching text, functioned primarily as a reference table/diagram, or was less discriminating than the retained quiz image.",,
398,/Users/chriselwell/Desktop/Pulm/Pulm Pictures/Pulm Picture/Obstructive-Lung-Diseases-Notes.png,Obstructive-Lung-Diseases-Notes.png,4a45851073c11ef24c5ce749d8e0873d706b33317ff123de33314fb815b2684e,2440,1114,,REFERENCE_ONLY,"Visually reviewed in the complete candidate-sheet pass; not promoted because it duplicated an existing scored concept, depended on answer-revealing teaching text, functioned primarily as a reference table/diagram, or was less discriminating than the retained quiz image.",,
399,/Users/chriselwell/Desktop/Pulm/Pulm Pictures/Pulm Picture/Occlusive Pulmonary Embolism.jpg,Occlusive Pulmonary Embolism.jpg,f2bfa65042297fccc9318a635bb2034be2ce12462e84ba04547b9945d2aa8efe,1338,1000,,REFERENCE_ONLY,"Visually reviewed in the complete candidate-sheet pass; not promoted because it duplicated an existing scored concept, depended on answer-revealing teaching text, functioned primarily as a reference table/diagram, or was less discriminating than the retained quiz image.",,
400,/Users/chriselwell/Desktop/Pulm/Pulm Pictures/Pulm Picture/Organ Fact Sheet- Lungs.jpg,Organ Fact Sheet- Lungs.jpg,45c20b5086891e3969b5f80875f3b4813ee2f1dae3508c0be2083ba41ffbccc0,1600,849,,REFERENCE_ONLY,"Visually reviewed in the complete candidate-sheet pass; not promoted because it duplicated an existing scored concept, depended on answer-revealing teaching text, functioned primarily as a reference table/diagram, or was less discriminating than the retained quiz image.",,
401,/Users/chriselwell/Desktop/Pulm/Pulm Pictures/Pulm Picture/Orthomyxovirus Overview Table.png,Orthomyxovirus Overview Table.png,599dd89900699251c1913125f909a3ed83a3a318023417f28900857f4742be5c,1292,90,,REFERENCE_ONLY,"Visually reviewed in the complete candidate-sheet pass; not promoted because it duplicated an existing scored concept, depended on answer-revealing teaching text, functioned primarily as a reference table/diagram, or was less discriminating than the retained quiz image.",,
402,/Users/chriselwell/Desktop/Pulm/Pulm Pictures/Pulm Picture/OSA Clinical Manifestations.png,OSA Clinical Manifestations.png,93b9eb240d0de37b8cce0f5604927ebcb03b1fb1546c1ba34fd05921528756f5,2401,2152,,REFERENCE_ONLY,"Visually reviewed in the complete candidate-sheet pass; not promoted because it duplicated an existing scored concept, depended on answer-revealing teaching text, functioned primarily as a reference table/diagram, or was less discriminating than the retained quiz image.",,
403,/Users/chriselwell/Desktop/Pulm/Pulm Pictures/Pulm Picture/Overview-of-Flow-Volume-Loops-Text.png,Overview-of-Flow-Volume-Loops-Text.png,c5582e363de1b6e5588f38bb1cfd51241623a64b9370e67319ba7b0b2cc351c7,300,1424,,REFERENCE_ONLY,"Visually reviewed in the complete candidate-sheet pass; not promoted because it duplicated an existing scored concept, depended on answer-revealing teaching text, functioned primarily as a reference table/diagram, or was less discriminating than the retained quiz image.",,
404,/Users/chriselwell/Desktop/Pulm/Pulm Pictures/Pulm Picture/Oxygen Dissociation Curve for Carbon Monoxide Poisoning.jpg,Oxygen Dissociation Curve for Carbon Monoxide Poisoning.jpg,ca493369df8bb2b629e1605678b725fc96748757af372afbdc5b4fdae11cbb7e,1414,1000,,REFERENCE_ONLY,"Visually reviewed in the complete candidate-sheet pass; not promoted because it duplicated an existing scored concept, depended on answer-revealing teaching text, functioned primarily as a reference table/diagram, or was less discriminating than the retained quiz image.",,
405,/Users/chriselwell/Desktop/Pulm/Pulm Pictures/Pulm Picture/Oxygen Dissociation Curves for Hemoglobin and Myoglobin.jpg,Oxygen Dissociation Curves for Hemoglobin and Myoglobin.jpg,62ef261eea493672950aeafc5e3bfc88af3cf64f4957daf6b1268db218da0b12,1313,999,,REFERENCE_ONLY,"Visually reviewed in the complete candidate-sheet pass; not promoted because it duplicated an existing scored concept, depended on answer-revealing teaching text, functioned primarily as a reference table/diagram, or was less discriminating than the retained quiz image.",,
406,/Users/chriselwell/Desktop/Pulm/Pulm Pictures/Pulm Picture/Oxygen-Hemoglobin Dissociation Curve.jpg,Oxygen-Hemoglobin Dissociation Curve.jpg,eca8dc4d79912282efebd394f1cadfe9e08af514e910adae452b09e0b51c56e6,1479,1000,,REFERENCE_ONLY,"Visually reviewed in the complete candidate-sheet pass; not promoted because it duplicated an existing scored concept, depended on answer-revealing teaching text, functioned primarily as a reference table/diagram, or was less discriminating than the retained quiz image.",,
407,/Users/chriselwell/Desktop/Pulm/Pulm Pictures/Pulm Picture/Oxygen-Induced-Hypercapnia.jpg,Oxygen-Induced-Hypercapnia.jpg,3013b09fde411f9f6c391fecec135e67ee3ce9d69d6a1b28d6b277f6a4769ad5,700,568,,REFERENCE_ONLY,"Visually reviewed in the complete candidate-sheet pass; not promoted because it duplicated an existing scored concept, depended on answer-revealing teaching text, functioned primarily as a reference table/diagram, or was less discriminating than the retained quiz image.",,
408,/Users/chriselwell/Desktop/Pulm/Pulm Pictures/Pulm Picture/Oxygen-Induced-Hypercapnia.png,Oxygen-Induced-Hypercapnia.png,7eedb5f7c0d2699f5b0d377834b1444847c27d4a3fe234b406353599f2420b9e,1120,854,,REFERENCE_ONLY,"Visually reviewed in the complete candidate-sheet pass; not promoted because it duplicated an existing scored concept, depended on answer-revealing teaching text, functioned primarily as a reference table/diagram, or was less discriminating than the retained quiz image.",,
409,/Users/chriselwell/Desktop/Pulm/Pulm Pictures/Pulm Picture/P002 Acute Epiglottitis.png,P002 Acute Epiglottitis.png,a0eaa0d830a7a5f3cff8fe2a6c1cf6df0561db92937a959ff72762d635d250ec,399,316,,REFERENCE_ONLY,"Visually reviewed in the complete candidate-sheet pass; not promoted because it duplicated an existing scored concept, depended on answer-revealing teaching text, functioned primarily as a reference table/diagram, or was less discriminating than the retained quiz image.",,
410,/Users/chriselwell/Desktop/Pulm/Pulm Pictures/Pulm Picture/P002 Vocal Cord Nodules Histology.png,P002 Vocal Cord Nodules Histology.png,01e3d1e4254a58c755ae0021ba6e9d29d7c641c7b9171400bcec2f84a4f31921,400,316,,REFERENCE_ONLY,"Visually reviewed in the complete candidate-sheet pass; not promoted because it duplicated an existing scored concept, depended on answer-revealing teaching text, functioned primarily as a reference table/diagram, or was less discriminating than the retained quiz image.",,
411,/Users/chriselwell/Desktop/Pulm/Pulm Pictures/Pulm Picture/P003 Interstitial Pneumonia CXR.png,P003 Interstitial Pneumonia CXR.png,adc2f6d0faf730b42c72e99fc0325e0a1d2979858598e8c4529b22c724e2b030,398,304,,REFERENCE_ONLY,"Visually reviewed in the complete candidate-sheet pass; not promoted because it duplicated an existing scored concept, depended on answer-revealing teaching text, functioned primarily as a reference table/diagram, or was less discriminating than the retained quiz image.",,
412,/Users/chriselwell/Desktop/Pulm/Pulm Pictures/Pulm Picture/P003 Lung Anatomy.png,P003 Lung Anatomy.png,7ce0592d96fc366ea235f91eea03aed0bd346109c4326e00167bdc27de02ef48,840,705,,REFERENCE_ONLY,"Visually reviewed in the complete candidate-sheet pass; not promoted because it duplicated an existing scored concept, depended on answer-revealing teaching text, functioned primarily as a reference table/diagram, or was less discriminating than the retained quiz image.",,
413,/Users/chriselwell/Desktop/Pulm/Pulm Pictures/Pulm Picture/P003 Respiratory System Function 01.jpeg,P003 Respiratory System Function 01.jpeg,f1a28adc7c41d92ad7e4511bffcb059a432f653cf1165cb16445cbb937dcbb35,392,700,,REFERENCE_ONLY,"Visually reviewed in the complete candidate-sheet pass; not promoted because it duplicated an existing scored concept, depended on answer-revealing teaching text, functioned primarily as a reference table/diagram, or was less discriminating than the retained quiz image.",,
414,/Users/chriselwell/Desktop/Pulm/Pulm Pictures/Pulm Picture/P003 Respiratory System Function 02.jpeg,P003 Respiratory System Function 02.jpeg,43f490a32ca11a0ae3c58e394c8fabadc3216acd2a7b963d9b73a42da30fb619,420,528,,REFERENCE_ONLY,"Visually reviewed in the complete candidate-sheet pass; not promoted because it duplicated an existing scored concept, depended on answer-revealing teaching text, functioned primarily as a reference table/diagram, or was less discriminating than the retained quiz image.",,
415,/Users/chriselwell/Desktop/Pulm/Pulm Pictures/Pulm Picture/P003 Respiratory System Function 03.jpeg,P003 Respiratory System Function 03.jpeg,5e50b150d7a8b16c88ab03402bf3a17dd1b21a3aebb3ad53cf73fedddee10524,290,228,,REFERENCE_ONLY,"Visually reviewed in the complete candidate-sheet pass; not promoted because it duplicated an existing scored concept, depended on answer-revealing teaching text, functioned primarily as a reference table/diagram, or was less discriminating than the retained quiz image.",,
416,/Users/chriselwell/Desktop/Pulm/Pulm Pictures/Pulm Picture/P004 Respiratory Anatomy Overview 01.jpeg,P004 Respiratory Anatomy Overview 01.jpeg,dcd74503ea1de4e34f3fdc320b665499571580337ddaba2cbbc9352e4aa696f7,392,592,,REFERENCE_ONLY,"Visually reviewed in the complete candidate-sheet pass; not promoted because it duplicated an existing scored concept, depended on answer-revealing teaching text, functioned primarily as a reference table/diagram, or was less discriminating than the retained quiz image.",,
417,/Users/chriselwell/Desktop/Pulm/Pulm Pictures/Pulm Picture/P004 Respiratory Anatomy Overview 02.jpeg,P004 Respiratory Anatomy Overview 02.jpeg,cb3ffe8ebdf9be4ce2165918241f37acff58ca39b5e2be6c706ef2ae89517c92,492,500,,REFERENCE_ONLY,"Visually reviewed in the complete candidate-sheet pass; not promoted because it duplicated an existing scored concept, depended on answer-revealing teaching text, functioned primarily as a reference table/diagram, or was less discriminating than the retained quiz image.",,
418,/Users/chriselwell/Desktop/Pulm/Pulm Pictures/Pulm Picture/P004 Respiratory Anatomy Overview 03.jpeg,P004 Respiratory Anatomy Overview 03.jpeg,24bf356edc26a8180a2870811ef7e42ccdea44758eeb191f68cb740f59a8f13a,496,716,,REFERENCE_ONLY,"Visually reviewed in the complete candidate-sheet pass; not promoted because it duplicated an existing scored concept, depended on answer-revealing teaching text, functioned primarily as a reference table/diagram, or was less discriminating than the retained quiz image.",,
419,/Users/chriselwell/Desktop/Pulm/Pulm Pictures/Pulm Picture/P004 Respiratory Tract Zones.png,P004 Respiratory Tract Zones.png,be97dbc247ad9137f761a37e2267a7b2f6dd24237ec235163e0fe614c71b47c5,1091,858,,REFERENCE_ONLY,"Visually reviewed in the complete candidate-sheet pass; not promoted because it duplicated an existing scored concept, depended on answer-revealing teaching text, functioned primarily as a reference table/diagram, or was less discriminating than the retained quiz image.",,
420,/Users/chriselwell/Desktop/Pulm/Pulm Pictures/Pulm Picture/P005 Lung Embryology.png,P005 Lung Embryology.png,074eb0bb2a0684677daa09f753e615cba71c076a76bc92911ada9043814ec4de,1098,907,,REFERENCE_ONLY,"Visually reviewed in the complete candidate-sheet pass; not promoted because it duplicated an existing scored concept, depended on answer-revealing teaching text, functioned primarily as a reference table/diagram, or was less discriminating than the retained quiz image.",,
421,/Users/chriselwell/Desktop/Pulm/Pulm Pictures/Pulm Picture/P005 Respiratory Histology Overview 01.jpeg,P005 Respiratory Histology Overview 01.jpeg,ac75fb64faae46620a5e071c8ecf88a353044dd670c06e9f075cb35e126cda57,514,234,,REFERENCE_ONLY,"Visually reviewed in the complete candidate-sheet pass; not promoted because it duplicated an existing scored concept, depended on answer-revealing teaching text, functioned primarily as a reference table/diagram, or was less discriminating than the retained quiz image.",,
422,/Users/chriselwell/Desktop/Pulm/Pulm Pictures/Pulm Picture/P005 Respiratory Histology Overview 02.jpeg,P005 Respiratory Histology Overview 02.jpeg,57dc53be96a039068f516de4448265ba5fc87573464ebc4182aa471f07f1ccbf,458,250,,REFERENCE_ONLY,"Visually reviewed in the complete candidate-sheet pass; not promoted because it duplicated an existing scored concept, depended on answer-revealing teaching text, functioned primarily as a reference table/diagram, or was less discriminating than the retained quiz image.",,
423,/Users/chriselwell/Desktop/Pulm/Pulm Pictures/Pulm Picture/P005 Respiratory Histology Overview 03.jpeg,P005 Respiratory Histology Overview 03.jpeg,e77c385adffcea7b211992bcd63b81291a2d6056436bb18b37d63a1b279ffad8,144,152,,REFERENCE_ONLY,"Visually reviewed in the complete candidate-sheet pass; not promoted because it duplicated an existing scored concept, depended on answer-revealing teaching text, functioned primarily as a reference table/diagram, or was less discriminating than the retained quiz image.",,
424,/Users/chriselwell/Desktop/Pulm/Pulm Pictures/Pulm Picture/P005 Respiratory Histology Overview 04.jpeg,P005 Respiratory Histology Overview 04.jpeg,5ae0e0038a863056d8cc16311cd22593cc947bff2e25e3db7906ad6bba60c49f,318,410,,REFERENCE_ONLY,"Visually reviewed in the complete candidate-sheet pass; not promoted because it duplicated an existing scored concept, depended on answer-revealing teaching text, functioned primarily as a reference table/diagram, or was less discriminating than the retained quiz image.",,
425,/Users/chriselwell/Desktop/Pulm/Pulm Pictures/Pulm Picture/P005 Respiratory Histology Overview 05.jpeg,P005 Respiratory Histology Overview 05.jpeg,654fbed187704214ef858150fe059a9dc352e72283846bc7aea849b7ce9f851d,692,720,,REFERENCE_ONLY,"Visually reviewed in the complete candidate-sheet pass; not promoted because it duplicated an existing scored concept, depended on answer-revealing teaching text, functioned primarily as a reference table/diagram, or was less discriminating than the retained quiz image.",,
426,/Users/chriselwell/Desktop/Pulm/Pulm Pictures/Pulm Picture/P005 Tuberculosis AFB Stain.png,P005 Tuberculosis AFB Stain.png,181dfb28b3a9bffcc4179c041d6e92defd2ab045571f4ca1b48c716158378a69,400,306,,REFERENCE_ONLY,"Visually reviewed in the complete candidate-sheet pass; not promoted because it duplicated an existing scored concept, depended on answer-revealing teaching text, functioned primarily as a reference table/diagram, or was less discriminating than the retained quiz image.",,
427,/Users/chriselwell/Desktop/Pulm/Pulm Pictures/Pulm Picture/P006 Emphysema Gross.png,P006 Emphysema Gross.png,66cb1ff002cf93649cce4ea33fd95986e624bbc09fc5945ce2f36d36fa742156,401,310,,REFERENCE_ONLY,"Visually reviewed in the complete candidate-sheet pass; not promoted because it duplicated an existing scored concept, depended on answer-revealing teaching text, functioned primarily as a reference table/diagram, or was less discriminating than the retained quiz image.",,
428,/Users/chriselwell/Desktop/Pulm/Pulm Pictures/Pulm Picture/P006 Lung Embryology Development 01.jpeg,P006 Lung Embryology Development 01.jpeg,d1eba9896a3fc8c30825874634f447555265200399b5bfa4cfe938ebb9eb6125,236,250,,REFERENCE_ONLY,"Visually reviewed in the complete candidate-sheet pass; not promoted because it duplicated an existing scored concept, depended on answer-revealing teaching text, functioned primarily as a reference table/diagram, or was less discriminating than the retained quiz image.",,
429,/Users/chriselwell/Desktop/Pulm/Pulm Pictures/Pulm Picture/P006 Lung Embryology Development 02.jpeg,P006 Lung Embryology Development 02.jpeg,46e30788d7a3d82e638ad36547b804e7e6c2581b07be0bb0f5c8bd8af06199d1,260,238,,REFERENCE_ONLY,"Visually reviewed in the complete candidate-sheet pass; not promoted because it duplicated an existing scored concept, depended on answer-revealing teaching text, functioned primarily as a reference table/diagram, or was less discriminating than the retained quiz image.",,
430,/Users/chriselwell/Desktop/Pulm/Pulm Pictures/Pulm Picture/P006 Lung Embryology Development 03.jpeg,P006 Lung Embryology Development 03.jpeg,2488702f04063a7e42efa5eceb25b314c63f789cea673bae1ed68d1d335d73ca,224,212,,REFERENCE_ONLY,"Visually reviewed in the complete candidate-sheet pass; not promoted because it duplicated an existing scored concept, depended on answer-revealing teaching text, functioned primarily as a reference table/diagram, or was less discriminating than the retained quiz image.",,
431,/Users/chriselwell/Desktop/Pulm/Pulm Pictures/Pulm Picture/P006 Lung Embryology Development 04.jpeg,P006 Lung Embryology Development 04.jpeg,51d6654d6bc7c732b714ceb4e124482bed2ef78bc8531e6d8d4271b210f2cf1e,362,430,,REFERENCE_ONLY,"Visually reviewed in the complete candidate-sheet pass; not promoted because it duplicated an existing scored concept, depended on answer-revealing teaching text, functioned primarily as a reference table/diagram, or was less discriminating than the retained quiz image.",,
432,/Users/chriselwell/Desktop/Pulm/Pulm Pictures/Pulm Picture/P006 Lung Embryology Development 05.jpeg,P006 Lung Embryology Development 05.jpeg,2c309017b476e85fd6a70b373f6ec933a1c609e6bba99d0aa9a26ade55c7ae50,720,456,,REFERENCE_ONLY,"Visually reviewed in the complete candidate-sheet pass; not promoted because it duplicated an existing scored concept, depended on answer-revealing teaching text, functioned primarily as a reference table/diagram, or was less discriminating than the retained quiz image.",,
433,/Users/chriselwell/Desktop/Pulm/Pulm Pictures/Pulm Picture/P007 Alpha1 Antitrypsin Accumulation Hepatocytes.png,P007 Alpha1 Antitrypsin Accumulation Hepatocytes.png,364455d072cce8dbcf26e752d11134144ff58a079b0573ae6cc4befe5565cd52,402,308,,REFERENCE_ONLY,"Visually reviewed in the complete candidate-sheet pass; not promoted because it duplicated an existing scored concept, depended on answer-revealing teaching text, functioned primarily as a reference table/diagram, or was less discriminating than the retained quiz image.",,
434,/Users/chriselwell/Desktop/Pulm/Pulm Pictures/Pulm Picture/P007 Asthma Charcot Leyden Crystals.png,P007 Asthma Charcot Leyden Crystals.png,415b784a045860e9347abb352eaf69f0dcd129486908ca26eb19b14cc56c474f,401,308,,REFERENCE_ONLY,"Visually reviewed in the complete candidate-sheet pass; not promoted because it duplicated an existing scored concept, depended on answer-revealing teaching text, functioned primarily as a reference table/diagram, or was less discriminating than the retained quiz image.",,
435,/Users/chriselwell/Desktop/Pulm/Pulm Pictures/Pulm Picture/P007 Lung Embryology Defects 01.jpeg,P007 Lung Embryology Defects 01.jpeg,f5c62c952558778b80d32e95877dfb89df8ad6a9a08908d6bd678c78d9e8f207,607,250,,REFERENCE_ONLY,"Visually reviewed in the complete candidate-sheet pass; not promoted because it duplicated an existing scored concept, depended on answer-revealing teaching text, functioned primarily as a reference table/diagram, or was less discriminating than the retained quiz image.",,
436,/Users/chriselwell/Desktop/Pulm/Pulm Pictures/Pulm Picture/P007 Lung Embryology Defects 02.jpeg,P007 Lung Embryology Defects 02.jpeg,8b4d9cf31c1ce379c1cceb862b7db90540efe53a793c19f2e43b210cf9fc31a4,220,440,,REFERENCE_ONLY,"Visually reviewed in the complete candidate-sheet pass; not promoted because it duplicated an existing scored concept, depended on answer-revealing teaching text, functioned primarily as a reference table/diagram, or was less discriminating than the retained quiz image.",,
437,/Users/chriselwell/Desktop/Pulm/Pulm Pictures/Pulm Picture/P007 Lung Embryology Defects 03.jpeg,P007 Lung Embryology Defects 03.jpeg,bd10489dbaa7a920f06e2cc17e6ccae1ee034b3806ec627edfa71700904f6d1f,908,1650,,REFERENCE_ONLY,"Visually reviewed in the complete candidate-sheet pass; not promoted because it duplicated an existing scored concept, depended on answer-revealing teaching text, functioned primarily as a reference table/diagram, or was less discriminating than the retained quiz image.",,
438,/Users/chriselwell/Desktop/Pulm/Pulm Pictures/Pulm Picture/P008 Bronchiectasis Gross.png,P008 Bronchiectasis Gross.png,822ec10fc2212455f3b87efe423b2010d2cff4a4ca8a5f9d61f491985710c559,404,320,,REFERENCE_ONLY,"Visually reviewed in the complete candidate-sheet pass; not promoted because it duplicated an existing scored concept, depended on answer-revealing teaching text, functioned primarily as a reference table/diagram, or was less discriminating than the retained quiz image.",,
439,/Users/chriselwell/Desktop/Pulm/Pulm Pictures/Pulm Picture/P008 Muscles of Respiration 01.jpeg,P008 Muscles of Respiration 01.jpeg,76a2633fb608a0b8fac4847ef13d83921a964aefb6565c78ff4c530ef09afe3a,900,900,,REFERENCE_ONLY,"Visually reviewed in the complete candidate-sheet pass; not promoted because it duplicated an existing scored concept, depended on answer-revealing teaching text, functioned primarily as a reference table/diagram, or was less discriminating than the retained quiz image.",,
440,/Users/chriselwell/Desktop/Pulm/Pulm Pictures/Pulm Picture/P008 Muscles of Respiration 02.jpeg,P008 Muscles of Respiration 02.jpeg,a3f143207ebf53e9b1a5986e06e71033b1420dd43971d6bc810b40e2e2897924,600,600,,REFERENCE_ONLY,"Visually reviewed in the complete candidate-sheet pass; not promoted because it duplicated an existing scored concept, depended on answer-revealing teaching text, functioned primarily as a reference table/diagram, or was less discriminating than the retained quiz image.",,
441,/Users/chriselwell/Desktop/Pulm/Pulm Pictures/Pulm Picture/P008 Tracheoesophageal Fistula.png,P008 Tracheoesophageal Fistula.png,9d2166e620dc45003bed5e275a701344f4b828e1381bcc5228f7b0302a4013cf,128,209,,REFERENCE_ONLY,"Visually reviewed in the complete candidate-sheet pass; not promoted because it duplicated an existing scored concept, depended on answer-revealing teaching text, functioned primarily as a reference table/diagram, or was less discriminating than the retained quiz image.",,
442,/Users/chriselwell/Desktop/Pulm/Pulm Pictures/Pulm Picture/P009 Sarcoidosis Asteroid Body.png,P009 Sarcoidosis Asteroid Body.png,a3bb45566f272578b7414b7e953fae256ac65d1f50ab5eaeab502407f7f3ea45,406,318,,REFERENCE_ONLY,"Visually reviewed in the complete candidate-sheet pass; not promoted because it duplicated an existing scored concept, depended on answer-revealing teaching text, functioned primarily as a reference table/diagram, or was less discriminating than the retained quiz image.",,
443,/Users/chriselwell/Desktop/Pulm/Pulm Pictures/Pulm Picture/P009 Sarcoidosis Noncaseating Granuloma Histology.png,P009 Sarcoidosis Noncaseating Granuloma Histology.png,3c2f82548a4c58201dac72a4e565b960d1bfd0e78dc0bbfca4fcf87c85cb4ab9,402,318,,REFERENCE_ONLY,"Visually reviewed in the complete candidate-sheet pass; not promoted because it duplicated an existing scored concept, depended on answer-revealing teaching text, functioned primarily as a reference table/diagram, or was less discriminating than the retained quiz image.",,
444,/Users/chriselwell/Desktop/Pulm/Pulm Pictures/Pulm Picture/P010 ARDS Whiteout CXR.png,P010 ARDS Whiteout CXR.png,7fbe7a325ebcfa93eb1bfdf1a2d7c429640523ec1c626d268b9987d1ec2abaae,405,305,,REFERENCE_ONLY,"Visually reviewed in the complete candidate-sheet pass; not promoted because it duplicated an existing scored concept, depended on answer-revealing teaching text, functioned primarily as a reference table/diagram, or was less discriminating than the retained quiz image.",,
445,/Users/chriselwell/Desktop/Pulm/Pulm Pictures/Pulm Picture/P010 Canalicular Period - 16-26 Weeks.png,P010 Canalicular Period - 16-26 Weeks.png,eabd777eec3ae0096fa9c586e104526b6ab82b41c4ca84bc8f46d18e46ba6542,757,774,,REFERENCE_ONLY,"Visually reviewed in the complete candidate-sheet pass; not promoted because it duplicated an existing scored concept, depended on answer-revealing teaching text, functioned primarily as a reference table/diagram, or was less discriminating than the retained quiz image.",,
446,/Users/chriselwell/Desktop/Pulm/Pulm Pictures/Pulm Picture/P010 Lung Physiology Basics 01.jpeg,P010 Lung Physiology Basics 01.jpeg,114f40f31d17268283e89ef9e4f69c1123e0906e2023dcc8c64da4a80c9ab9ef,420,386,,REFERENCE_ONLY,"Visually reviewed in the complete candidate-sheet pass; not promoted because it duplicated an existing scored concept, depended on answer-revealing teaching text, functioned primarily as a reference table/diagram, or was less discriminating than the retained quiz image.",,
447,/Users/chriselwell/Desktop/Pulm/Pulm Pictures/Pulm Picture/P010 Lung Physiology Basics 02.jpeg,P010 Lung Physiology Basics 02.jpeg,3d283aab7ff39fa7a6a3792a727d79b5d774b407f680b786f8f7a5b0384ba764,548,502,,REFERENCE_ONLY,"Visually reviewed in the complete candidate-sheet pass; not promoted because it duplicated an existing scored concept, depended on answer-revealing teaching text, functioned primarily as a reference table/diagram, or was less discriminating than the retained quiz image.",,
448,/Users/chriselwell/Desktop/Pulm/Pulm Pictures/Pulm Picture/P010 Lung Physiology Basics 03.jpeg,P010 Lung Physiology Basics 03.jpeg,e0ff52c5715e569fd5202462984bd4d61ca0b68f00c00875489e12479c03b9d5,690,620,,REFERENCE_ONLY,"Visually reviewed in the complete candidate-sheet pass; not promoted because it duplicated an existing scored concept, depended on answer-revealing teaching text, functioned primarily as a reference table/diagram, or was less discriminating than the retained quiz image.",,
449,/Users/chriselwell/Desktop/Pulm/Pulm Pictures/Pulm Picture/P010 Lung Physiology Basics 04.jpeg,P010 Lung Physiology Basics 04.jpeg,8c7289a48b08e640c26e32221362e9ff8add21d425f501975807e7328d3f8b36,398,160,,REFERENCE_ONLY,"Visually reviewed in the complete candidate-sheet pass; not promoted because it duplicated an existing scored concept, depended on answer-revealing teaching text, functioned primarily as a reference table/diagram, or was less discriminating than the retained quiz image.",,
450,/Users/chriselwell/Desktop/Pulm/Pulm Pictures/Pulm Picture/P010 Lung Physiology Basics 05.jpeg,P010 Lung Physiology Basics 05.jpeg,a255e36b48532e8d2ea5df0b787e725a03dff80f6a98e67d2f7ed98ca2fb72e8,620,612,,REFERENCE_ONLY,"Visually reviewed in the complete candidate-sheet pass; not promoted because it duplicated an existing scored concept, depended on answer-revealing teaching text, functioned primarily as a reference table/diagram, or was less discriminating than the retained quiz image.",,
451,/Users/chriselwell/Desktop/Pulm/Pulm Pictures/Pulm Picture/P013 Adenocarcinoma Gland Formation and Mucin Histology.png,P013 Adenocarcinoma Gland Formation and Mucin Histology.png,2983502a6257eeb05ed5fba6ce7a41219332d5d04275492836678f0f5feccbb2,397,306,,REFERENCE_ONLY,"Visually reviewed in the complete candidate-sheet pass; not promoted because it duplicated an existing scored concept, depended on answer-revealing teaching text, functioned primarily as a reference table/diagram, or was less discriminating than the retained quiz image.",,
452,/Users/chriselwell/Desktop/Pulm/Pulm Pictures/Pulm Picture/P013 Bronchioloalveolar Carcinoma Histology.png,P013 Bronchioloalveolar Carcinoma Histology.png,3cffeb3fd6bf3305f5978c9c8f3e8c3a30569fc77db9c9d13549f76f733edc86,397,306,,REFERENCE_ONLY,"Visually reviewed in the complete candidate-sheet pass; not promoted because it duplicated an existing scored concept, depended on answer-revealing teaching text, functioned primarily as a reference table/diagram, or was less discriminating than the retained quiz image.",,
453,/Users/chriselwell/Desktop/Pulm/Pulm Pictures/Pulm Picture/P013 Carcinoid Tumor Chromogranin IHC.png,P013 Carcinoid Tumor Chromogranin IHC.png,7a7aec16ac8cc553b5b28744a1a953ad181184f35decc9499dd5686c014849cc,399,303,,REFERENCE_ONLY,"Visually reviewed in the complete candidate-sheet pass; not promoted because it duplicated an existing scored concept, depended on answer-revealing teaching text, functioned primarily as a reference table/diagram, or was less discriminating than the retained quiz image.",,
454,/Users/chriselwell/Desktop/Pulm/Pulm Pictures/Pulm Picture/P013 Carcinoid Tumor Histology.png,P013 Carcinoid Tumor Histology.png,2c6be63eb57535eace39b2878fe943fec98de65bf179c22d1d758d4689b7e79c,397,303,,REFERENCE_ONLY,"Visually reviewed in the complete candidate-sheet pass; not promoted because it duplicated an existing scored concept, depended on answer-revealing teaching text, functioned primarily as a reference table/diagram, or was less discriminating than the retained quiz image.",,
455,/Users/chriselwell/Desktop/Pulm/Pulm Pictures/Pulm Picture/P013 Lung Volumes.jpeg,P013 Lung Volumes.jpeg,4b5dfb1a78b70a5a76940383c62c6f5ece2f79fdc6fa23e2e833ed54a1756328,1395,865,,REFERENCE_ONLY,"Visually reviewed in the complete candidate-sheet pass; not promoted because it duplicated an existing scored concept, depended on answer-revealing teaching text, functioned primarily as a reference table/diagram, or was less discriminating than the retained quiz image.",,
456,/Users/chriselwell/Desktop/Pulm/Pulm Pictures/Pulm Picture/P013 Squamous Cell Carcinoma Intercellular Bridges Histology.png,P013 Squamous Cell Carcinoma Intercellular Bridges Histology.png,a8db47390cd141bc677f7a1aa9f36aaa247a2d7fb201d27e1f0d35b18e12aa84,399,308,,REFERENCE_ONLY,"Visually reviewed in the complete candidate-sheet pass; not promoted because it duplicated an existing scored concept, depended on answer-revealing teaching text, functioned primarily as a reference table/diagram, or was less discriminating than the retained quiz image.",,
457,/Users/chriselwell/Desktop/Pulm/Pulm Pictures/Pulm Picture/P013 Squamous Cell Carcinoma Keratin Pearls Histology.png,P013 Squamous Cell Carcinoma Keratin Pearls Histology.png,edeef3a6f7067e540ded6018515858bd8bbd635fbe42987495ca4739e053f80c,397,308,,REFERENCE_ONLY,"Visually reviewed in the complete candidate-sheet pass; not promoted because it duplicated an existing scored concept, depended on answer-revealing teaching text, functioned primarily as a reference table/diagram, or was less discriminating than the retained quiz image.",,
458,/Users/chriselwell/Desktop/Pulm/Pulm Pictures/Pulm Picture/P014 Alveolarization.png,P014 Alveolarization.png,b0ec26d32b9248a9fde9512d934c993d4b1f94cf033a877530a3f7d36ad7ad06,1078,687,,REFERENCE_ONLY,"Visually reviewed in the complete candidate-sheet pass; not promoted because it duplicated an existing scored concept, depended on answer-revealing teaching text, functioned primarily as a reference table/diagram, or was less discriminating than the retained quiz image.",,
459,/Users/chriselwell/Desktop/Pulm/Pulm Pictures/Pulm Picture/P014 Spontaneous Pneumothorax CXR.png,P014 Spontaneous Pneumothorax CXR.png,d6782633206e5383fe3abda7d1c77b40abe03d6f9a0a6ea9e6fb1191bf23ecc7,402,306,,REFERENCE_ONLY,"Visually reviewed in the complete candidate-sheet pass; not promoted because it duplicated an existing scored concept, depended on answer-revealing teaching text, functioned primarily as a reference table/diagram, or was less discriminating than the retained quiz image.",,
460,/Users/chriselwell/Desktop/Pulm/Pulm Pictures/Pulm Picture/P015 Page 15.png,P015 Page 15.png,9135ee3bccfa17daf510c27cd4dd4a316202302eefc14055a2bc14f3fb833be2,976,788,,REFERENCE_ONLY,"Visually reviewed in the complete candidate-sheet pass; not promoted because it duplicated an existing scored concept, depended on answer-revealing teaching text, functioned primarily as a reference table/diagram, or was less discriminating than the retained quiz image.",,
461,/Users/chriselwell/Desktop/Pulm/Pulm Pictures/Pulm Picture/P019 Airflow and Airway Resistance 02.jpeg,P019 Airflow and Airway Resistance 02.jpeg,c8d27edb6c7a7c4c033c331f158d0526f4543ae06c00b01ee6f500da3ee85312,848,848,,REFERENCE_ONLY,"Visually reviewed in the complete candidate-sheet pass; not promoted because it duplicated an existing scored concept, depended on answer-revealing teaching text, functioned primarily as a reference table/diagram, or was less discriminating than the retained quiz image.",,
462,/Users/chriselwell/Desktop/Pulm/Pulm Pictures/Pulm Picture/P020 Fetal Respiration.png,P020 Fetal Respiration.png,076aac71a9d9d8a38e0d1ad867236b8cf9e94e01ca134bfc37c99e9e8406da16,877,711,,REFERENCE_ONLY,"Visually reviewed in the complete candidate-sheet pass; not promoted because it duplicated an existing scored concept, depended on answer-revealing teaching text, functioned primarily as a reference table/diagram, or was less discriminating than the retained quiz image.",,
463,/Users/chriselwell/Desktop/Pulm/Pulm Pictures/Pulm Picture/P023 Blood and Respiration Basics.jpeg,P023 Blood and Respiration Basics.jpeg,d9fb9ee2e0faf1dbecffb7191dce0e3d742d1dd6b53c15372fe1f6e5162bf103,672,1244,,REFERENCE_ONLY,"Visually reviewed in the complete candidate-sheet pass; not promoted because it duplicated an existing scored concept, depended on answer-revealing teaching text, functioned primarily as a reference table/diagram, or was less discriminating than the retained quiz image.",,
464,/Users/chriselwell/Desktop/Pulm/Pulm Pictures/Pulm Picture/P024 Pulmonary Vascular Resistance Fetal Circulation.jpeg,P024 Pulmonary Vascular Resistance Fetal Circulation.jpeg,b70bfabfd9453fb9dc3e6b1161c82ed7dd69f8a412952983b6d5d60b3f81384f,800,473,,REFERENCE_ONLY,"Visually reviewed in the complete candidate-sheet pass; not promoted because it duplicated an existing scored concept, depended on answer-revealing teaching text, functioned primarily as a reference table/diagram, or was less discriminating than the retained quiz image.",,
465,/Users/chriselwell/Desktop/Pulm/Pulm Pictures/Pulm Picture/P025 Ventilation and Perfusion 01.jpeg,P025 Ventilation and Perfusion 01.jpeg,4fdbac2e315f5ccaf5ce387792e341e00df44861babbb6988f3116556524e330,1096,730,,REFERENCE_ONLY,"Visually reviewed in the complete candidate-sheet pass; not promoted because it duplicated an existing scored concept, depended on answer-revealing teaching text, functioned primarily as a reference table/diagram, or was less discriminating than the retained quiz image.",,
466,/Users/chriselwell/Desktop/Pulm/Pulm Pictures/Pulm Picture/P025 Ventilation and Perfusion 02.jpeg,P025 Ventilation and Perfusion 02.jpeg,6a03a2b1f5d1f4f049ccfaaf74d4ee25a1da013f034c1778b4b13b35174df86b,212,518,,REFERENCE_ONLY,"Visually reviewed in the complete candidate-sheet pass; not promoted because it duplicated an existing scored concept, depended on answer-revealing teaching text, functioned primarily as a reference table/diagram, or was less discriminating than the retained quiz image.",,
467,/Users/chriselwell/Desktop/Pulm/Pulm Pictures/Pulm Picture/P026 MHE.png,P026 MHE.png,8691bf0ec94164fff4e2ce54d3be0b71fe89ca92676b52434d387df65795a226,1126,894,,REFERENCE_ONLY,"Visually reviewed in the complete candidate-sheet pass; not promoted because it duplicated an existing scored concept, depended on answer-revealing teaching text, functioned primarily as a reference table/diagram, or was less discriminating than the retained quiz image.",,
468,/Users/chriselwell/Desktop/Pulm/Pulm Pictures/Pulm Picture/P026 Pathological VQ Mismatch 01.jpeg,P026 Pathological VQ Mismatch 01.jpeg,66602174ba1fc380cc72fc24be96904ac9787d4e04402483ab1360859b82c135,574,426,,REFERENCE_ONLY,"Visually reviewed in the complete candidate-sheet pass; not promoted because it duplicated an existing scored concept, depended on answer-revealing teaching text, functioned primarily as a reference table/diagram, or was less discriminating than the retained quiz image.",,
469,/Users/chriselwell/Desktop/Pulm/Pulm Pictures/Pulm Picture/P026 Pathological VQ Mismatch 02.jpeg,P026 Pathological VQ Mismatch 02.jpeg,460de040132898b0616594e0fca9406e2f929118a5eb934fba9492aaa236a383,348,864,,REFERENCE_ONLY,"Visually reviewed in the complete candidate-sheet pass; not promoted because it duplicated an existing scored concept, depended on answer-revealing teaching text, functioned primarily as a reference table/diagram, or was less discriminating than the retained quiz image.",,
470,/Users/chriselwell/Desktop/Pulm/Pulm Pictures/Pulm Picture/P027 Pathological VQ Mismatch VQ Scan.jpeg,P027 Pathological VQ Mismatch VQ Scan.jpeg,81ddd40fd7348e91db46890cbe10837fb50d3c41f99dccd5e4308d831f6062de,952,744,,REFERENCE_ONLY,"Visually reviewed in the complete candidate-sheet pass; not promoted because it duplicated an existing scored concept, depended on answer-revealing teaching text, functioned primarily as a reference table/diagram, or was less discriminating than the retained quiz image.",,
471,/Users/chriselwell/Desktop/Pulm/Pulm Pictures/Pulm Picture/P029 Hemoglobin Bohr and Haldane Effects.jpeg,P029 Hemoglobin Bohr and Haldane Effects.jpeg,735d1c4b432474842cb34ecb83af3e8531292b0c8f3e73b89a9c8698ed563844,1852,1108,,REFERENCE_ONLY,"Visually reviewed in the complete candidate-sheet pass; not promoted because it duplicated an existing scored concept, depended on answer-revealing teaching text, functioned primarily as a reference table/diagram, or was less discriminating than the retained quiz image.",,
472,/Users/chriselwell/Desktop/Pulm/Pulm Pictures/Pulm Picture/P032 Lung Anatomy.png,P032 Lung Anatomy.png,02667029028af1781877074d241aa7eaec3cb8d9e7318aea438dce3c5043719c,1284,960,,REFERENCE_ONLY,"Visually reviewed in the complete candidate-sheet pass; not promoted because it duplicated an existing scored concept, depended on answer-revealing teaching text, functioned primarily as a reference table/diagram, or was less discriminating than the retained quiz image.",,
473,/Users/chriselwell/Desktop/Pulm/Pulm Pictures/Pulm Picture/P033 Right Upper Lobe.png,P033 Right Upper Lobe.png,dec7bf3d00fd6ed954c9c5991db150eb8909c02e0891ac9bb27fe008b8b4b640,600,550,,REFERENCE_ONLY,"Visually reviewed in the complete candidate-sheet pass; not promoted because it duplicated an existing scored concept, depended on answer-revealing teaching text, functioned primarily as a reference table/diagram, or was less discriminating than the retained quiz image.",,
474,/Users/chriselwell/Desktop/Pulm/Pulm Pictures/Pulm Picture/P034 Perfusion vs Diffusion 01.jpeg,P034 Perfusion vs Diffusion 01.jpeg,30f7e65f0e04bc61a182da4b452738d80d778961397edc53f4c3d7861e655c00,578,426,,REFERENCE_ONLY,"Visually reviewed in the complete candidate-sheet pass; not promoted because it duplicated an existing scored concept, depended on answer-revealing teaching text, functioned primarily as a reference table/diagram, or was less discriminating than the retained quiz image.",,
475,/Users/chriselwell/Desktop/Pulm/Pulm Pictures/Pulm Picture/P034 Perfusion vs Diffusion 02.jpeg,P034 Perfusion vs Diffusion 02.jpeg,a061394d43ac45669ab3a4771d1ed1a7058948000b484939d7a48deed15684a0,1543,1053,,REFERENCE_ONLY,"Visually reviewed in the complete candidate-sheet pass; not promoted because it duplicated an existing scored concept, depended on answer-revealing teaching text, functioned primarily as a reference table/diagram, or was less discriminating than the retained quiz image.",,
476,/Users/chriselwell/Desktop/Pulm/Pulm Pictures/Pulm Picture/P034 Right Middle Lobe 01.png,P034 Right Middle Lobe 01.png,115392d089481457c0dc453a0c3a407bfa5580ca0b21ba1b9ec42b8d347e5cf2,507,630,,REFERENCE_ONLY,"Visually reviewed in the complete candidate-sheet pass; not promoted because it duplicated an existing scored concept, depended on answer-revealing teaching text, functioned primarily as a reference table/diagram, or was less discriminating than the retained quiz image.",,
477,/Users/chriselwell/Desktop/Pulm/Pulm Pictures/Pulm Picture/P034 Right Middle Lobe 02.png,P034 Right Middle Lobe 02.png,72bcbb668d33370cc7cda86c9c569d0149208e659d00a199c2e76393c4963ef8,399,630,,REFERENCE_ONLY,"Visually reviewed in the complete candidate-sheet pass; not promoted because it duplicated an existing scored concept, depended on answer-revealing teaching text, functioned primarily as a reference table/diagram, or was less discriminating than the retained quiz image.",,
478,/Users/chriselwell/Desktop/Pulm/Pulm Pictures/Pulm Picture/P035 Right Lower Lobe.png,P035 Right Lower Lobe.png,14a55f0629aeace4ef8d9027790b6ce043829960397a0ca894f914602a3098c6,838,819,,REFERENCE_ONLY,"Visually reviewed in the complete candidate-sheet pass; not promoted because it duplicated an existing scored concept, depended on answer-revealing teaching text, functioned primarily as a reference table/diagram, or was less discriminating than the retained quiz image.",,
479,/Users/chriselwell/Desktop/Pulm/Pulm Pictures/Pulm Picture/P036 Left Upper Lobe.png,P036 Left Upper Lobe.png,f48fca83fcc0a8dd1bf169935fd3666c64172eb856ebcc4464da24f8bf623de2,1024,950,,REFERENCE_ONLY,"Visually reviewed in the complete candidate-sheet pass; not promoted because it duplicated an existing scored concept, depended on answer-revealing teaching text, functioned primarily as a reference table/diagram, or was less discriminating than the retained quiz image.",,
480,/Users/chriselwell/Desktop/Pulm/Pulm Pictures/Pulm Picture/P037 Left Lower Lobe.png,P037 Left Lower Lobe.png,017fa5e4e050d69a2e5621525ec3f5ad48dd465bed633f5d8e637581815ef33b,430,462,,REFERENCE_ONLY,"Visually reviewed in the complete candidate-sheet pass; not promoted because it duplicated an existing scored concept, depended on answer-revealing teaching text, functioned primarily as a reference table/diagram, or was less discriminating than the retained quiz image.",,
481,/Users/chriselwell/Desktop/Pulm/Pulm Pictures/Pulm Picture/P040 Respiratory Infections Epiglottitis Croup Bronchiolitis 01.jpeg,P040 Respiratory Infections Epiglottitis Croup Bronchiolitis 01.jpeg,ee2a203df66069c4161d13a2d17e13ce30350c15a06c51f12326849e803d9a56,1382,1328,,REFERENCE_ONLY,"Visually reviewed in the complete candidate-sheet pass; not promoted because it duplicated an existing scored concept, depended on answer-revealing teaching text, functioned primarily as a reference table/diagram, or was less discriminating than the retained quiz image.",,
482,/Users/chriselwell/Desktop/Pulm/Pulm Pictures/Pulm Picture/P040 Respiratory Infections Epiglottitis Croup Bronchiolitis 02.jpeg,P040 Respiratory Infections Epiglottitis Croup Bronchiolitis 02.jpeg,b119e4268291d17a8db71c98c72bc47fa158a33cf6fa53195344c861953e34e8,500,578,,REFERENCE_ONLY,"Visually reviewed in the complete candidate-sheet pass; not promoted because it duplicated an existing scored concept, depended on answer-revealing teaching text, functioned primarily as a reference table/diagram, or was less discriminating than the retained quiz image.",,
483,/Users/chriselwell/Desktop/Pulm/Pulm Pictures/Pulm Picture/P041 Respiratory Infections Pneumonia 02.jpeg,P041 Respiratory Infections Pneumonia 02.jpeg,03041daa4079afac5aa9f5afb5b40719435f0ed5c786e83aea7e314b90f1cc09,2500,1988,,REFERENCE_ONLY,"Visually reviewed in the complete candidate-sheet pass; not promoted because it duplicated an existing scored concept, depended on answer-revealing teaching text, functioned primarily as a reference table/diagram, or was less discriminating than the retained quiz image.",,
484,/Users/chriselwell/Desktop/Pulm/Pulm Pictures/Pulm Picture/P041 Respiratory Infections Pneumonia 03.jpeg,P041 Respiratory Infections Pneumonia 03.jpeg,b6449dbdaa9cfade6ac2602e1cfed7dba2f74240301c2b032d0e6242013d65b8,500,498,,REFERENCE_ONLY,"Visually reviewed in the complete candidate-sheet pass; not promoted because it duplicated an existing scored concept, depended on answer-revealing teaching text, functioned primarily as a reference table/diagram, or was less discriminating than the retained quiz image.",,
485,/Users/chriselwell/Desktop/Pulm/Pulm Pictures/Pulm Picture/P041 Respiratory Infections Pneumonia 04.jpeg,P041 Respiratory Infections Pneumonia 04.jpeg,b5f6e95819d348deb91d67fe49e8fd1c6aeeeb46e996e172243aa144e5834634,1024,768,,REFERENCE_ONLY,"Visually reviewed in the complete candidate-sheet pass; not promoted because it duplicated an existing scored concept, depended on answer-revealing teaching text, functioned primarily as a reference table/diagram, or was less discriminating than the retained quiz image.",,
486,/Users/chriselwell/Desktop/Pulm/Pulm Pictures/Pulm Picture/P041 Respiratory Infections Pneumonia 05.jpeg,P041 Respiratory Infections Pneumonia 05.jpeg,9f38e6552ddc099ebd6f3f12ad63043db19aa96eb142583688299683caaf61e2,1436,1332,,REFERENCE_ONLY,"Visually reviewed in the complete candidate-sheet pass; not promoted because it duplicated an existing scored concept, depended on answer-revealing teaching text, functioned primarily as a reference table/diagram, or was less discriminating than the retained quiz image.",,
487,/Users/chriselwell/Desktop/Pulm/Pulm Pictures/Pulm Picture/P041 Respiratory Infections Pneumonia 06.jpeg,P041 Respiratory Infections Pneumonia 06.jpeg,36ef89a50a6f3e4381cebc3b88d60a5d0d1b73ea0876f3612901294c1153d953,244,314,,REFERENCE_ONLY,"Visually reviewed in the complete candidate-sheet pass; not promoted because it duplicated an existing scored concept, depended on answer-revealing teaching text, functioned primarily as a reference table/diagram, or was less discriminating than the retained quiz image.",,
488,/Users/chriselwell/Desktop/Pulm/Pulm Pictures/Pulm Picture/P043 Obstructive Lung Disease Basics.jpeg,P043 Obstructive Lung Disease Basics.jpeg,5ea3454d4e7223575c8cdf119b0e307bcff7cdf5bf54185b5f8e265eddea31bf,1026,476,,REFERENCE_ONLY,"Visually reviewed in the complete candidate-sheet pass; not promoted because it duplicated an existing scored concept, depended on answer-revealing teaching text, functioned primarily as a reference table/diagram, or was less discriminating than the retained quiz image.",,
489,/Users/chriselwell/Desktop/Pulm/Pulm Pictures/Pulm Picture/P043 Smooth Muscle.png,P043 Smooth Muscle.png,aebd29c2e2df9f931842d6477193224d91388287e41821a64b662e4526adafbf,1007,754,,REFERENCE_ONLY,"Visually reviewed in the complete candidate-sheet pass; not promoted because it duplicated an existing scored concept, depended on answer-revealing teaching text, functioned primarily as a reference table/diagram, or was less discriminating than the retained quiz image.",,
490,/Users/chriselwell/Desktop/Pulm/Pulm Pictures/Pulm Picture/P044 Airway Cells - Ciliated Epithelial Cells.png,P044 Airway Cells - Ciliated Epithelial Cells.png,72f7bbd97bbee4331fa7e1b04fa195f5a8cbf479756e933d6947a0bc0648b7d4,791,501,,REFERENCE_ONLY,"Visually reviewed in the complete candidate-sheet pass; not promoted because it duplicated an existing scored concept, depended on answer-revealing teaching text, functioned primarily as a reference table/diagram, or was less discriminating than the retained quiz image.",,
491,/Users/chriselwell/Desktop/Pulm/Pulm Pictures/Pulm Picture/P046 Asthma Pathophysiology 01.jpeg,P046 Asthma Pathophysiology 01.jpeg,85c328b506b29f3c48637313172547e65e01e61285e82fd6bb674e0165bc5bed,638,840,,REFERENCE_ONLY,"Visually reviewed in the complete candidate-sheet pass; not promoted because it duplicated an existing scored concept, depended on answer-revealing teaching text, functioned primarily as a reference table/diagram, or was less discriminating than the retained quiz image.",,
492,/Users/chriselwell/Desktop/Pulm/Pulm Pictures/Pulm Picture/P046 Asthma Pathophysiology 02.jpeg,P046 Asthma Pathophysiology 02.jpeg,e2249ca3e06eaae63cc0a3b50a7121c8c63afc8f301d759ea1985b0c7630d8cb,220,206,,REFERENCE_ONLY,"Visually reviewed in the complete candidate-sheet pass; not promoted because it duplicated an existing scored concept, depended on answer-revealing teaching text, functioned primarily as a reference table/diagram, or was less discriminating than the retained quiz image.",,
493,/Users/chriselwell/Desktop/Pulm/Pulm Pictures/Pulm Picture/P046 Asthma Pathophysiology 03.jpeg,P046 Asthma Pathophysiology 03.jpeg,475e51c2792042d6f4333e71f3e1ce91fdcf2393cb455ea259fc8074a1bee480,312,208,,REFERENCE_ONLY,"Visually reviewed in the complete candidate-sheet pass; not promoted because it duplicated an existing scored concept, depended on answer-revealing teaching text, functioned primarily as a reference table/diagram, or was less discriminating than the retained quiz image.",,
494,/Users/chriselwell/Desktop/Pulm/Pulm Pictures/Pulm Picture/P046 Asthma Pathophysiology 04.jpeg,P046 Asthma Pathophysiology 04.jpeg,62fc4234a0df7b006f361d2ae79c2d3ed8a8142b1f4c387b1935e90ea0e71079,300,274,,REFERENCE_ONLY,"Visually reviewed in the complete candidate-sheet pass; not promoted because it duplicated an existing scored concept, depended on answer-revealing teaching text, functioned primarily as a reference table/diagram, or was less discriminating than the retained quiz image.",,
495,/Users/chriselwell/Desktop/Pulm/Pulm Pictures/Pulm Picture/P046 Asthma Pathophysiology 05.jpeg,P046 Asthma Pathophysiology 05.jpeg,b498a9cec7e620ce1ba4c57ac7f6d774f8f95f43ab38c9f869ed28803018894a,334,132,,REFERENCE_ONLY,"Visually reviewed in the complete candidate-sheet pass; not promoted because it duplicated an existing scored concept, depended on answer-revealing teaching text, functioned primarily as a reference table/diagram, or was less discriminating than the retained quiz image.",,
496,/Users/chriselwell/Desktop/Pulm/Pulm Pictures/Pulm Picture/P046 Asthma Pathophysiology 06.jpeg,P046 Asthma Pathophysiology 06.jpeg,1a5527820967972df6c0d0a9a64eaef652bb1d557ba399006f510ac0b82bd462,232,226,,REFERENCE_ONLY,"Visually reviewed in the complete candidate-sheet pass; not promoted because it duplicated an existing scored concept, depended on answer-revealing teaching text, functioned primarily as a reference table/diagram, or was less discriminating than the retained quiz image.",,
497,/Users/chriselwell/Desktop/Pulm/Pulm Pictures/Pulm Picture/P046 Asthma Pathophysiology 07.jpeg,P046 Asthma Pathophysiology 07.jpeg,0463b493a6ea39c692aa52fadd463328bf52388a6eaa9da72e43b91cab6c8f05,200,236,,REFERENCE_ONLY,"Visually reviewed in the complete candidate-sheet pass; not promoted because it duplicated an existing scored concept, depended on answer-revealing teaching text, functioned primarily as a reference table/diagram, or was less discriminating than the retained quiz image.",,
498,/Users/chriselwell/Desktop/Pulm/Pulm Pictures/Pulm Picture/P046 Asthma Pathophysiology 08.jpeg,P046 Asthma Pathophysiology 08.jpeg,c71fb0db417cfbead2558e94d3925b3926941d3500490d68789314a7419c24df,390,518,,REFERENCE_ONLY,"Visually reviewed in the complete candidate-sheet pass; not promoted because it duplicated an existing scored concept, depended on answer-revealing teaching text, functioned primarily as a reference table/diagram, or was less discriminating than the retained quiz image.",,
499,/Users/chriselwell/Desktop/Pulm/Pulm Pictures/Pulm Picture/P046 Asthma Pathophysiology 09.jpeg,P046 Asthma Pathophysiology 09.jpeg,2f070bdf0e7e30c6e2cce931253fef999f71444bf65917396972bdbdd1b5c426,84,94,,REFERENCE_ONLY,"Visually reviewed in the complete candidate-sheet pass; not promoted because it duplicated an existing scored concept, depended on answer-revealing teaching text, functioned primarily as a reference table/diagram, or was less discriminating than the retained quiz image.",,
500,/Users/chriselwell/Desktop/Pulm/Pulm Pictures/Pulm Picture/P046 Inspiring.team Shutterstock.png,P046 Inspiring.team Shutterstock.png,feed66645c23ba3e1eec6b26314bf3fbec34e989c54d80d43e2be83ebbf7f145,1321,1176,,REFERENCE_ONLY,"Visually reviewed in the complete candidate-sheet pass; not promoted because it duplicated an existing scored concept, depended on answer-revealing teaching text, functioned primarily as a reference table/diagram, or was less discriminating than the retained quiz image.",,
501,/Users/chriselwell/Desktop/Pulm/Pulm Pictures/Pulm Picture/P047 Asthma Diagnosis and Associations 01.jpeg,P047 Asthma Diagnosis and Associations 01.jpeg,9505a0f96ea9e4229526a23010cf82b32dab7659bc6774f51ce2919c7b3b88d7,1920,1280,,REFERENCE_ONLY,"Visually reviewed in the complete candidate-sheet pass; not promoted because it duplicated an existing scored concept, depended on answer-revealing teaching text, functioned primarily as a reference table/diagram, or was less discriminating than the retained quiz image.",,
502,/Users/chriselwell/Desktop/Pulm/Pulm Pictures/Pulm Picture/P047 Asthma Diagnosis and Associations 02.jpeg,P047 Asthma Diagnosis and Associations 02.jpeg,378dcd38e31322ce8aed731af4ec8b5edb45dd236682124403cdd5e869f91fd3,1590,1192,,REFERENCE_ONLY,"Visually reviewed in the complete candidate-sheet pass; not promoted because it duplicated an existing scored concept, depended on answer-revealing teaching text, functioned primarily as a reference table/diagram, or was less discriminating than the retained quiz image.",,
503,/Users/chriselwell/Desktop/Pulm/Pulm Pictures/Pulm Picture/P051 Alveoli.png,P051 Alveoli.png,dc281a1f0224df059b2c02760d2ea2fb97996d0439288aa78309998e633dad02,1082,726,,REFERENCE_ONLY,"Visually reviewed in the complete candidate-sheet pass; not promoted because it duplicated an existing scored concept, depended on answer-revealing teaching text, functioned primarily as a reference table/diagram, or was less discriminating than the retained quiz image.",,
504,/Users/chriselwell/Desktop/Pulm/Pulm Pictures/Pulm Picture/P051 Asthma Treatments.jpeg,P051 Asthma Treatments.jpeg,c682d461258da7f2f9dda9199ba4f0d41d702cba15872097cd4651980e11e9fd,1368,514,,REFERENCE_ONLY,"Visually reviewed in the complete candidate-sheet pass; not promoted because it duplicated an existing scored concept, depended on answer-revealing teaching text, functioned primarily as a reference table/diagram, or was less discriminating than the retained quiz image.",,
505,/Users/chriselwell/Desktop/Pulm/Pulm Pictures/Pulm Picture/P052 COPD Chronic Bronchitis 01.jpeg,P052 COPD Chronic Bronchitis 01.jpeg,b7f8a9871ca391a3caaced99c4b11791dbf3e501b92c21bfa51a9fad2ee29c1b,1146,1170,,REFERENCE_ONLY,"Visually reviewed in the complete candidate-sheet pass; not promoted because it duplicated an existing scored concept, depended on answer-revealing teaching text, functioned primarily as a reference table/diagram, or was less discriminating than the retained quiz image.",,
506,/Users/chriselwell/Desktop/Pulm/Pulm Pictures/Pulm Picture/P052 COPD Chronic Bronchitis 02.jpeg,P052 COPD Chronic Bronchitis 02.jpeg,9e4713cf5147ee033b67139d4159c58bb4bf2da0c94407f34a9cdb438185072f,288,574,,REFERENCE_ONLY,"Visually reviewed in the complete candidate-sheet pass; not promoted because it duplicated an existing scored concept, depended on answer-revealing teaching text, functioned primarily as a reference table/diagram, or was less discriminating than the retained quiz image.",,
507,/Users/chriselwell/Desktop/Pulm/Pulm Pictures/Pulm Picture/P052 COPD Chronic Bronchitis 03.jpeg,P052 COPD Chronic Bronchitis 03.jpeg,c2991d5361a068c5d0f0d58b84adf7921133f148f0afaa65aaf18678126020e7,580,158,,REFERENCE_ONLY,"Visually reviewed in the complete candidate-sheet pass; not promoted because it duplicated an existing scored concept, depended on answer-revealing teaching text, functioned primarily as a reference table/diagram, or was less discriminating than the retained quiz image.",,
508,/Users/chriselwell/Desktop/Pulm/Pulm Pictures/Pulm Picture/P052 COPD Chronic Bronchitis 04.jpeg,P052 COPD Chronic Bronchitis 04.jpeg,bc245e2e7ea1d8ce96b7dfab87562ede690e1d1bb7c3be62fc28bf4ca2eedac4,578,192,,REFERENCE_ONLY,"Visually reviewed in the complete candidate-sheet pass; not promoted because it duplicated an existing scored concept, depended on answer-revealing teaching text, functioned primarily as a reference table/diagram, or was less discriminating than the retained quiz image.",,
509,/Users/chriselwell/Desktop/Pulm/Pulm Pictures/Pulm Picture/P052 COPD Chronic Bronchitis 05.jpeg,P052 COPD Chronic Bronchitis 05.jpeg,10f3961584ac86719b75c12a11bd944b187a6768e93b4427db5872378851b5b7,444,162,,REFERENCE_ONLY,"Visually reviewed in the complete candidate-sheet pass; not promoted because it duplicated an existing scored concept, depended on answer-revealing teaching text, functioned primarily as a reference table/diagram, or was less discriminating than the retained quiz image.",,
510,/Users/chriselwell/Desktop/Pulm/Pulm Pictures/Pulm Picture/P052 COPD Chronic Bronchitis 06.jpeg,P052 COPD Chronic Bronchitis 06.jpeg,3bba27e16f263769149c9ee1b30a3953ab34824f03e9554e2b6b5fda9bfd4e02,358,894,,REFERENCE_ONLY,"Visually reviewed in the complete candidate-sheet pass; not promoted because it duplicated an existing scored concept, depended on answer-revealing teaching text, functioned primarily as a reference table/diagram, or was less discriminating than the retained quiz image.",,
511,/Users/chriselwell/Desktop/Pulm/Pulm Pictures/Pulm Picture/P052 COPD Chronic Bronchitis 07.jpeg,P052 COPD Chronic Bronchitis 07.jpeg,a17c16ffc93e03ef8f9aa591efd7a5493ba69dd32dd535f74fac3b98b80ef9f8,940,862,,REFERENCE_ONLY,"Visually reviewed in the complete candidate-sheet pass; not promoted because it duplicated an existing scored concept, depended on answer-revealing teaching text, functioned primarily as a reference table/diagram, or was less discriminating than the retained quiz image.",,
512,/Users/chriselwell/Desktop/Pulm/Pulm Pictures/Pulm Picture/P052 Pneumocytes - Alveolar Epithelial Cells.png,P052 Pneumocytes - Alveolar Epithelial Cells.png,a41f877f98480439c5038f5d3d9da81895a3feb34682c25c42eac83e72ac0ff4,1082,810,,REFERENCE_ONLY,"Visually reviewed in the complete candidate-sheet pass; not promoted because it duplicated an existing scored concept, depended on answer-revealing teaching text, functioned primarily as a reference table/diagram, or was less discriminating than the retained quiz image.",,
513,/Users/chriselwell/Desktop/Pulm/Pulm Pictures/Pulm Picture/P053 COPD Emphysema 01.jpeg,P053 COPD Emphysema 01.jpeg,ac3f055dd5e796a5cd89fa86f6625b477f5c1f7912732a8c66a4504b61e1d420,476,854,,REFERENCE_ONLY,"Visually reviewed in the complete candidate-sheet pass; not promoted because it duplicated an existing scored concept, depended on answer-revealing teaching text, functioned primarily as a reference table/diagram, or was less discriminating than the retained quiz image.",,
514,/Users/chriselwell/Desktop/Pulm/Pulm Pictures/Pulm Picture/P053 COPD Emphysema 02.jpeg,P053 COPD Emphysema 02.jpeg,59fc010885585fdb71690d296806bef9e1c24a2daeed11ad2879191f3c2ae73d,946,564,,REFERENCE_ONLY,"Visually reviewed in the complete candidate-sheet pass; not promoted because it duplicated an existing scored concept, depended on answer-revealing teaching text, functioned primarily as a reference table/diagram, or was less discriminating than the retained quiz image.",,
515,/Users/chriselwell/Desktop/Pulm/Pulm Pictures/Pulm Picture/P053 COPD Emphysema 03.jpeg,P053 COPD Emphysema 03.jpeg,8470dd7b8b8035d93e021cf332dacf2c2ff75a4a2d1c93244b59f2350eb0746e,196,120,,REFERENCE_ONLY,"Visually reviewed in the complete candidate-sheet pass; not promoted because it duplicated an existing scored concept, depended on answer-revealing teaching text, functioned primarily as a reference table/diagram, or was less discriminating than the retained quiz image.",,
516,/Users/chriselwell/Desktop/Pulm/Pulm Pictures/Pulm Picture/P054 Cystic Fibrosis Pathophysiology 02.jpeg,P054 Cystic Fibrosis Pathophysiology 02.jpeg,4591b57326194c6538d78c22ec981cc3c215ac8ed2cacb4eb1c814d5acb3eee6,1152,798,,REFERENCE_ONLY,"Visually reviewed in the complete candidate-sheet pass; not promoted because it duplicated an existing scored concept, depended on answer-revealing teaching text, functioned primarily as a reference table/diagram, or was less discriminating than the retained quiz image.",,
517,/Users/chriselwell/Desktop/Pulm/Pulm Pictures/Pulm Picture/P055 Cystic Fibrosis Clinical Features 01.jpeg,P055 Cystic Fibrosis Clinical Features 01.jpeg,c1a8229ea9db2d27fd89d52e87aa14abee8eb5b5ae34c0a1a15cec8fb44970bb,146,314,,REFERENCE_ONLY,"Visually reviewed in the complete candidate-sheet pass; not promoted because it duplicated an existing scored concept, depended on answer-revealing teaching text, functioned primarily as a reference table/diagram, or was less discriminating than the retained quiz image.",,
518,/Users/chriselwell/Desktop/Pulm/Pulm Pictures/Pulm Picture/P055 Cystic Fibrosis Clinical Features 02.jpeg,P055 Cystic Fibrosis Clinical Features 02.jpeg,aebbfa96cf50c49f45260e016e4ff8d753fd9051694253022bad974bce365752,830,642,,REFERENCE_ONLY,"Visually reviewed in the complete candidate-sheet pass; not promoted because it duplicated an existing scored concept, depended on answer-revealing teaching text, functioned primarily as a reference table/diagram, or was less discriminating than the retained quiz image.",,
519,/Users/chriselwell/Desktop/Pulm/Pulm Pictures/Pulm Picture/P055 Cystic Fibrosis Clinical Features 03.jpeg,P055 Cystic Fibrosis Clinical Features 03.jpeg,6f2a15c9f1ed09ed6a9114751405caf69ab4021d718dd2f7354b4f412e0fbcb1,894,600,,REFERENCE_ONLY,"Visually reviewed in the complete candidate-sheet pass; not promoted because it duplicated an existing scored concept, depended on answer-revealing teaching text, functioned primarily as a reference table/diagram, or was less discriminating than the retained quiz image.",,
520,/Users/chriselwell/Desktop/Pulm/Pulm Pictures/Pulm Picture/P055 Cystic Fibrosis Clinical Features 04.jpeg,P055 Cystic Fibrosis Clinical Features 04.jpeg,e26534c3775448081acd935a89191c27f4a59efe57c7b36980d630afebe1fb35,906,606,,REFERENCE_ONLY,"Visually reviewed in the complete candidate-sheet pass; not promoted because it duplicated an existing scored concept, depended on answer-revealing teaching text, functioned primarily as a reference table/diagram, or was less discriminating than the retained quiz image.",,
521,/Users/chriselwell/Desktop/Pulm/Pulm Pictures/Pulm Picture/P056 Surface Tension.png,P056 Surface Tension.png,fce10ecc9f2bfd47167cdfa1ed4ef4362292d8c2090ef507c4c23dbc7ee98baa,407,459,,REFERENCE_ONLY,"Visually reviewed in the complete candidate-sheet pass; not promoted because it duplicated an existing scored concept, depended on answer-revealing teaching text, functioned primarily as a reference table/diagram, or was less discriminating than the retained quiz image.",,
522,/Users/chriselwell/Desktop/Pulm/Pulm Pictures/Pulm Picture/P057 Restrictive Lung Disease Basics.jpeg,P057 Restrictive Lung Disease Basics.jpeg,7e20d7c06fd38e32f605be3aae3c79a191f4e56e5c4dac577ed8a4b04bfb6a4c,480,434,,REFERENCE_ONLY,"Visually reviewed in the complete candidate-sheet pass; not promoted because it duplicated an existing scored concept, depended on answer-revealing teaching text, functioned primarily as a reference table/diagram, or was less discriminating than the retained quiz image.",,
523,/Users/chriselwell/Desktop/Pulm/Pulm Pictures/Pulm Picture/P058 Pulmonary Fibrosis 01.jpeg,P058 Pulmonary Fibrosis 01.jpeg,07cb337a60b4706904931bd0f7ac52b1d0bcecab03856a07175cc8796b5960f0,758,718,,REFERENCE_ONLY,"Visually reviewed in the complete candidate-sheet pass; not promoted because it duplicated an existing scored concept, depended on answer-revealing teaching text, functioned primarily as a reference table/diagram, or was less discriminating than the retained quiz image.",,
524,/Users/chriselwell/Desktop/Pulm/Pulm Pictures/Pulm Picture/P058 Pulmonary Fibrosis 02.jpeg,P058 Pulmonary Fibrosis 02.jpeg,adce17bccc61572cbd40a0b5a3a0304d8941d640cdad622e349a0c398c8ba60b,628,560,,REFERENCE_ONLY,"Visually reviewed in the complete candidate-sheet pass; not promoted because it duplicated an existing scored concept, depended on answer-revealing teaching text, functioned primarily as a reference table/diagram, or was less discriminating than the retained quiz image.",,
525,/Users/chriselwell/Desktop/Pulm/Pulm Pictures/Pulm Picture/P058 Pulmonary Fibrosis 03.jpeg,P058 Pulmonary Fibrosis 03.jpeg,821ee45a7808ac1499ca3c66608dacbd9dbf145348c20c0330c4e88a4be0eb0e,778,780,,REFERENCE_ONLY,"Visually reviewed in the complete candidate-sheet pass; not promoted because it duplicated an existing scored concept, depended on answer-revealing teaching text, functioned primarily as a reference table/diagram, or was less discriminating than the retained quiz image.",,
526,/Users/chriselwell/Desktop/Pulm/Pulm Pictures/Pulm Picture/P059 Fetal Lung Maturity.png,P059 Fetal Lung Maturity.png,4a766dc115e6f55082714efc56cea45d349d8ab829243d9f62b621b33468b996,224,224,,REFERENCE_ONLY,"Visually reviewed in the complete candidate-sheet pass; not promoted because it duplicated an existing scored concept, depended on answer-revealing teaching text, functioned primarily as a reference table/diagram, or was less discriminating than the retained quiz image.",,
527,/Users/chriselwell/Desktop/Pulm/Pulm Pictures/Pulm Picture/P059 Pneumoconiosis 02.jpeg,P059 Pneumoconiosis 02.jpeg,20d98bc796fb8b1eb414b5e4801b284092f470304b7bd13168197c75075f55f9,1388,266,,REFERENCE_ONLY,"Visually reviewed in the complete candidate-sheet pass; not promoted because it duplicated an existing scored concept, depended on answer-revealing teaching text, functioned primarily as a reference table/diagram, or was less discriminating than the retained quiz image.",,
528,/Users/chriselwell/Desktop/Pulm/Pulm Pictures/Pulm Picture/P060 Hypersensitivity Pneumonitis.jpeg,P060 Hypersensitivity Pneumonitis.jpeg,185e8edb331d96bed5704a1b65a82cd2bde1860d52c9191f5bf646625d9dbea5,1374,882,,REFERENCE_ONLY,"Visually reviewed in the complete candidate-sheet pass; not promoted because it duplicated an existing scored concept, depended on answer-revealing teaching text, functioned primarily as a reference table/diagram, or was less discriminating than the retained quiz image.",,
529,/Users/chriselwell/Desktop/Pulm/Pulm Pictures/Pulm Picture/P061 Neonatal RDS - Risk Factors.png,P061 Neonatal RDS - Risk Factors.png,4d8f5c394cca6144fe914a064fa811c09d42a3edab8bcdf18f9f62a423ec24df,1000,1205,,REFERENCE_ONLY,"Visually reviewed in the complete candidate-sheet pass; not promoted because it duplicated an existing scored concept, depended on answer-revealing teaching text, functioned primarily as a reference table/diagram, or was less discriminating than the retained quiz image.",,
530,/Users/chriselwell/Desktop/Pulm/Pulm Pictures/Pulm Picture/P062 Lung Cancer Basics 01.jpeg,P062 Lung Cancer Basics 01.jpeg,8bd50508342e9da640e2014012d5ef2ee677a354cda843f9415aa9003071dd9a,884,698,,REFERENCE_ONLY,"Visually reviewed in the complete candidate-sheet pass; not promoted because it duplicated an existing scored concept, depended on answer-revealing teaching text, functioned primarily as a reference table/diagram, or was less discriminating than the retained quiz image.",,
531,/Users/chriselwell/Desktop/Pulm/Pulm Pictures/Pulm Picture/P062 Lung Cancer Basics 02.jpeg,P062 Lung Cancer Basics 02.jpeg,5625e355effa057b13c4af0004117443b2cb2966d5a7d9e824ccb454c22f258d,350,346,,REFERENCE_ONLY,"Visually reviewed in the complete candidate-sheet pass; not promoted because it duplicated an existing scored concept, depended on answer-revealing teaching text, functioned primarily as a reference table/diagram, or was less discriminating than the retained quiz image.",,
532,/Users/chriselwell/Desktop/Pulm/Pulm Pictures/Pulm Picture/P062 Lung Cancer Basics 03.jpeg,P062 Lung Cancer Basics 03.jpeg,4d05e0d8d06c6ea92788ce294ef52a461dce41b6109344ad0fddc6a3f2bdebc1,472,456,,REFERENCE_ONLY,"Visually reviewed in the complete candidate-sheet pass; not promoted because it duplicated an existing scored concept, depended on answer-revealing teaching text, functioned primarily as a reference table/diagram, or was less discriminating than the retained quiz image.",,
533,/Users/chriselwell/Desktop/Pulm/Pulm Pictures/Pulm Picture/P063 Neonatal RDS - Complications.png,P063 Neonatal RDS - Complications.png,db425d9102a59602e35fc38c32b9d24eac426cbb7045d77e4052d7af5cc13211,545,452,,REFERENCE_ONLY,"Visually reviewed in the complete candidate-sheet pass; not promoted because it duplicated an existing scored concept, depended on answer-revealing teaching text, functioned primarily as a reference table/diagram, or was less discriminating than the retained quiz image.",,
534,/Users/chriselwell/Desktop/Pulm/Pulm Pictures/Pulm Picture/P063 Small Cell Carcinoma 01.jpeg,P063 Small Cell Carcinoma 01.jpeg,db5dd16448d4f9629ee2033a134c14bda14da1b3b0e70d78e7427abcca0542bb,800,533,,REFERENCE_ONLY,"Visually reviewed in the complete candidate-sheet pass; not promoted because it duplicated an existing scored concept, depended on answer-revealing teaching text, functioned primarily as a reference table/diagram, or was less discriminating than the retained quiz image.",,
535,/Users/chriselwell/Desktop/Pulm/Pulm Pictures/Pulm Picture/P063 Small Cell Carcinoma 02.jpeg,P063 Small Cell Carcinoma 02.jpeg,801cba2db6c89740bbd6b515fd4892b89321bcd9a06e88111aeb05517f9ae9df,460,324,,REFERENCE_ONLY,"Visually reviewed in the complete candidate-sheet pass; not promoted because it duplicated an existing scored concept, depended on answer-revealing teaching text, functioned primarily as a reference table/diagram, or was less discriminating than the retained quiz image.",,
536,/Users/chriselwell/Desktop/Pulm/Pulm Pictures/Pulm Picture/P064 Mediastinal Anatomy.png,P064 Mediastinal Anatomy.png,becd84f4f87b222222f177e3f2e4877396b03daab416d065715ba266133b2d6a,670,506,,REFERENCE_ONLY,"Visually reviewed in the complete candidate-sheet pass; not promoted because it duplicated an existing scored concept, depended on answer-revealing teaching text, functioned primarily as a reference table/diagram, or was less discriminating than the retained quiz image.",,
537,/Users/chriselwell/Desktop/Pulm/Pulm Pictures/Pulm Picture/P064 Non Small Cell Carcinoma 01.jpeg,P064 Non Small Cell Carcinoma 01.jpeg,72a442b73c116e53abefafb218f339e0f027d1a9a07592d198b7d779debaf247,1076,672,,REFERENCE_ONLY,"Visually reviewed in the complete candidate-sheet pass; not promoted because it duplicated an existing scored concept, depended on answer-revealing teaching text, functioned primarily as a reference table/diagram, or was less discriminating than the retained quiz image.",,
538,/Users/chriselwell/Desktop/Pulm/Pulm Pictures/Pulm Picture/P064 Non Small Cell Carcinoma 02.jpeg,P064 Non Small Cell Carcinoma 02.jpeg,2fc5cdbac9cec7913fc98633300566d5b9acd5e43ccf07037fdd29e1d665edc3,1264,566,,REFERENCE_ONLY,"Visually reviewed in the complete candidate-sheet pass; not promoted because it duplicated an existing scored concept, depended on answer-revealing teaching text, functioned primarily as a reference table/diagram, or was less discriminating than the retained quiz image.",,
539,/Users/chriselwell/Desktop/Pulm/Pulm Pictures/Pulm Picture/P064 Non Small Cell Carcinoma 03.jpeg,P064 Non Small Cell Carcinoma 03.jpeg,651a4309207e39173053727ea61f4db6dcd966c51946587f9ecd022820902509,368,300,,REFERENCE_ONLY,"Visually reviewed in the complete candidate-sheet pass; not promoted because it duplicated an existing scored concept, depended on answer-revealing teaching text, functioned primarily as a reference table/diagram, or was less discriminating than the retained quiz image.",,
540,/Users/chriselwell/Desktop/Pulm/Pulm Pictures/Pulm Picture/P064 Non Small Cell Carcinoma 04.jpeg,P064 Non Small Cell Carcinoma 04.jpeg,3a20fe5f14cd45a01a1f3074c87b4271985e79379d9b37416e96b7d4cf78fe6b,300,270,,REFERENCE_ONLY,"Visually reviewed in the complete candidate-sheet pass; not promoted because it duplicated an existing scored concept, depended on answer-revealing teaching text, functioned primarily as a reference table/diagram, or was less discriminating than the retained quiz image.",,
541,/Users/chriselwell/Desktop/Pulm/Pulm Pictures/Pulm Picture/P064 Non Small Cell Carcinoma 05.jpeg,P064 Non Small Cell Carcinoma 05.jpeg,80a0f2ab417f78ef851141070ec6057947d32d5629d633393e104d7e2a4f438b,532,190,,REFERENCE_ONLY,"Visually reviewed in the complete candidate-sheet pass; not promoted because it duplicated an existing scored concept, depended on answer-revealing teaching text, functioned primarily as a reference table/diagram, or was less discriminating than the retained quiz image.",,
542,/Users/chriselwell/Desktop/Pulm/Pulm Pictures/Pulm Picture/P064 Non Small Cell Carcinoma 06.jpeg,P064 Non Small Cell Carcinoma 06.jpeg,e4c0faac79cfc9886bbfd707447e10a6fc14a7b22e2630cfcbde6870e8b7a55b,1126,166,,REFERENCE_ONLY,"Visually reviewed in the complete candidate-sheet pass; not promoted because it duplicated an existing scored concept, depended on answer-revealing teaching text, functioned primarily as a reference table/diagram, or was less discriminating than the retained quiz image.",,
543,/Users/chriselwell/Desktop/Pulm/Pulm Pictures/Pulm Picture/P064 Non Small Cell Carcinoma 07.jpeg,P064 Non Small Cell Carcinoma 07.jpeg,066ba8de7de6987c0f33718e210f8f054ed3ee43a7ac6de89725cd0cf49a1afe,1136,796,,REFERENCE_ONLY,"Visually reviewed in the complete candidate-sheet pass; not promoted because it duplicated an existing scored concept, depended on answer-revealing teaching text, functioned primarily as a reference table/diagram, or was less discriminating than the retained quiz image.",,
544,/Users/chriselwell/Desktop/Pulm/Pulm Pictures/Pulm Picture/P064 Non Small Cell Carcinoma 08.jpeg,P064 Non Small Cell Carcinoma 08.jpeg,e9c672d1bc19bc2b086998f46133c1c39be088578ccb3e1ad51992c0688bb1c8,830,446,,REFERENCE_ONLY,"Visually reviewed in the complete candidate-sheet pass; not promoted because it duplicated an existing scored concept, depended on answer-revealing teaching text, functioned primarily as a reference table/diagram, or was less discriminating than the retained quiz image.",,
545,/Users/chriselwell/Desktop/Pulm/Pulm Pictures/Pulm Picture/P065 Mesothelioma 01.jpeg,P065 Mesothelioma 01.jpeg,fc285583b640d85aa12704bf7ac66fd32b129f5a46cfcb1e8fdf12eedf8bbfa2,1346,1184,,REFERENCE_ONLY,"Visually reviewed in the complete candidate-sheet pass; not promoted because it duplicated an existing scored concept, depended on answer-revealing teaching text, functioned primarily as a reference table/diagram, or was less discriminating than the retained quiz image.",,
546,/Users/chriselwell/Desktop/Pulm/Pulm Pictures/Pulm Picture/P065 Mesothelioma 02.jpeg,P065 Mesothelioma 02.jpeg,f29f13195da9280c945d0cd4eab8bfc65477025710f463e62e86df444ff8e7d5,998,372,,REFERENCE_ONLY,"Visually reviewed in the complete candidate-sheet pass; not promoted because it duplicated an existing scored concept, depended on answer-revealing teaching text, functioned primarily as a reference table/diagram, or was less discriminating than the retained quiz image.",,
547,/Users/chriselwell/Desktop/Pulm/Pulm Pictures/Pulm Picture/P066 Mediastinal Anatomy.png,P066 Mediastinal Anatomy.png,0eb49caf13f48517f7d21adec88b23370fb978da86981a4525fb5dd5d8a21210,840,736,,REFERENCE_ONLY,"Visually reviewed in the complete candidate-sheet pass; not promoted because it duplicated an existing scored concept, depended on answer-revealing teaching text, functioned primarily as a reference table/diagram, or was less discriminating than the retained quiz image.",,
548,/Users/chriselwell/Desktop/Pulm/Pulm Pictures/Pulm Picture/P067 DVT and Pulmonary Embolism 01.jpeg,P067 DVT and Pulmonary Embolism 01.jpeg,31bc92b050147f0b58b459dd7af673a37e150a577f92866b50956154f8bc22ca,402,370,,REFERENCE_ONLY,"Visually reviewed in the complete candidate-sheet pass; not promoted because it duplicated an existing scored concept, depended on answer-revealing teaching text, functioned primarily as a reference table/diagram, or was less discriminating than the retained quiz image.",,
549,/Users/chriselwell/Desktop/Pulm/Pulm Pictures/Pulm Picture/P067 DVT and Pulmonary Embolism 02.jpeg,P067 DVT and Pulmonary Embolism 02.jpeg,a2ba8b208317cc60c4044b6be0852e176d832967d86ef1aea985500af85be40a,753,552,,REFERENCE_ONLY,"Visually reviewed in the complete candidate-sheet pass; not promoted because it duplicated an existing scored concept, depended on answer-revealing teaching text, functioned primarily as a reference table/diagram, or was less discriminating than the retained quiz image.",,
550,/Users/chriselwell/Desktop/Pulm/Pulm Pictures/Pulm Picture/P067 DVT and Pulmonary Embolism 03.jpeg,P067 DVT and Pulmonary Embolism 03.jpeg,b66566b07eed3f6dccf518aeb08ad8a48ab38aa9832754dcf8ba8722f52e4de0,868,800,,REFERENCE_ONLY,"Visually reviewed in the complete candidate-sheet pass; not promoted because it duplicated an existing scored concept, depended on answer-revealing teaching text, functioned primarily as a reference table/diagram, or was less discriminating than the retained quiz image.",,
551,/Users/chriselwell/Desktop/Pulm/Pulm Pictures/Pulm Picture/P067 DVT and Pulmonary Embolism 04.jpeg,P067 DVT and Pulmonary Embolism 04.jpeg,31186aa00e79694457cb020cf4432278eb49dd7789eb96e41ccd1a3f8a2a38cf,514,792,,REFERENCE_ONLY,"Visually reviewed in the complete candidate-sheet pass; not promoted because it duplicated an existing scored concept, depended on answer-revealing teaching text, functioned primarily as a reference table/diagram, or was less discriminating than the retained quiz image.",,
552,/Users/chriselwell/Desktop/Pulm/Pulm Pictures/Pulm Picture/P067 Mediastinal Structures.png,P067 Mediastinal Structures.png,703f18a04e29446e2ed5a607485336afbe3f9745330e48d4fe9c70a02863a012,225,225,,REFERENCE_ONLY,"Visually reviewed in the complete candidate-sheet pass; not promoted because it duplicated an existing scored concept, depended on answer-revealing teaching text, functioned primarily as a reference table/diagram, or was less discriminating than the retained quiz image.",,
553,/Users/chriselwell/Desktop/Pulm/Pulm Pictures/Pulm Picture/P068 Anterior Mediastinal Masses - Terrible Ts.png,P068 Anterior Mediastinal Masses - Terrible Ts.png,2b044ed1d12eac0e743f9ddc38f23a8c9b798c779c98bae503dff178914f2424,470,284,,REFERENCE_ONLY,"Visually reviewed in the complete candidate-sheet pass; not promoted because it duplicated an existing scored concept, depended on answer-revealing teaching text, functioned primarily as a reference table/diagram, or was less discriminating than the retained quiz image.",,
554,/Users/chriselwell/Desktop/Pulm/Pulm Pictures/Pulm Picture/P069 Pneumothorax Pathophysiology 02.jpeg,P069 Pneumothorax Pathophysiology 02.jpeg,5e6bad20a9d8c1e081bd3d09734f932bf366c282cd16762b155fd99783c60f28,862,562,,REFERENCE_ONLY,"Visually reviewed in the complete candidate-sheet pass; not promoted because it duplicated an existing scored concept, depended on answer-revealing teaching text, functioned primarily as a reference table/diagram, or was less discriminating than the retained quiz image.",,
555,/Users/chriselwell/Desktop/Pulm/Pulm Pictures/Pulm Picture/P069 Pneumothorax Pathophysiology 03.jpeg,P069 Pneumothorax Pathophysiology 03.jpeg,6844e1a280cea1e72dc578c343613b0941fdb988be2add2c3c5cf1f16781cd33,982,354,,REFERENCE_ONLY,"Visually reviewed in the complete candidate-sheet pass; not promoted because it duplicated an existing scored concept, depended on answer-revealing teaching text, functioned primarily as a reference table/diagram, or was less discriminating than the retained quiz image.",,
556,/Users/chriselwell/Desktop/Pulm/Pulm Pictures/Pulm Picture/P070 Diaphragm.png,P070 Diaphragm.png,6cf1b9ea0cc4db38956cc7e15b4062a58fe0e382bd0dfb6b415d412cff35220b,628,466,,REFERENCE_ONLY,"Visually reviewed in the complete candidate-sheet pass; not promoted because it duplicated an existing scored concept, depended on answer-revealing teaching text, functioned primarily as a reference table/diagram, or was less discriminating than the retained quiz image.",,
557,/Users/chriselwell/Desktop/Pulm/Pulm Pictures/Pulm Picture/P070 Pneumothorax Chest Xrays 01.jpeg,P070 Pneumothorax Chest Xrays 01.jpeg,3c3cfe400a80a8ebbd34fefec0151a4a5a4540580de5ab97c042e994fb584e15,844,1052,,REFERENCE_ONLY,"Visually reviewed in the complete candidate-sheet pass; not promoted because it duplicated an existing scored concept, depended on answer-revealing teaching text, functioned primarily as a reference table/diagram, or was less discriminating than the retained quiz image.",,
558,/Users/chriselwell/Desktop/Pulm/Pulm Pictures/Pulm Picture/P070 Pneumothorax Chest Xrays 02.jpeg,P070 Pneumothorax Chest Xrays 02.jpeg,e4e586b11044dbf8dff0f66fb793450a65f38514143d8d108ac88d651293cb27,440,363,,REFERENCE_ONLY,"Visually reviewed in the complete candidate-sheet pass; not promoted because it duplicated an existing scored concept, depended on answer-revealing teaching text, functioned primarily as a reference table/diagram, or was less discriminating than the retained quiz image.",,
559,/Users/chriselwell/Desktop/Pulm/Pulm Pictures/Pulm Picture/P071 Diaphragm.png,P071 Diaphragm.png,e208f884d2c89208c5fcba9a1fe74fda67c1769772f001192b7adde2b8b4d80a,956,819,,REFERENCE_ONLY,"Visually reviewed in the complete candidate-sheet pass; not promoted because it duplicated an existing scored concept, depended on answer-revealing teaching text, functioned primarily as a reference table/diagram, or was less discriminating than the retained quiz image.",,
560,/Users/chriselwell/Desktop/Pulm/Pulm Pictures/Pulm Picture/P071 Pulmonary Edema 02.jpeg,P071 Pulmonary Edema 02.jpeg,58a71b93f4747aaf2b5d3268150658b683eb5ec22f81c6095a154c48c41e0266,1234,1000,,REFERENCE_ONLY,"Visually reviewed in the complete candidate-sheet pass; not promoted because it duplicated an existing scored concept, depended on answer-revealing teaching text, functioned primarily as a reference table/diagram, or was less discriminating than the retained quiz image.",,
561,/Users/chriselwell/Desktop/Pulm/Pulm Pictures/Pulm Picture/P071 Pulmonary Edema 03.jpeg,P071 Pulmonary Edema 03.jpeg,3bee43e0a914433aba023c1be2fd8477196d6d5972dbffeafece1760b9247f21,572,412,,REFERENCE_ONLY,"Visually reviewed in the complete candidate-sheet pass; not promoted because it duplicated an existing scored concept, depended on answer-revealing teaching text, functioned primarily as a reference table/diagram, or was less discriminating than the retained quiz image.",,
562,/Users/chriselwell/Desktop/Pulm/Pulm Pictures/Pulm Picture/P071 Pulmonary Edema 04.jpeg,P071 Pulmonary Edema 04.jpeg,f1d26d317a605260a22ab88d9ed04a328287b6cbbd03d62a3ab9f7e303bfef92,564,424,,REFERENCE_ONLY,"Visually reviewed in the complete candidate-sheet pass; not promoted because it duplicated an existing scored concept, depended on answer-revealing teaching text, functioned primarily as a reference table/diagram, or was less discriminating than the retained quiz image.",,
563,/Users/chriselwell/Desktop/Pulm/Pulm Pictures/Pulm Picture/P072 Muscles of Quiet Respiration.png,P072 Muscles of Quiet Respiration.png,11aab8de736ff5fe18c6f65e33f65056067fe4ac124141df0a828eb93d3f1cca,948,754,,REFERENCE_ONLY,"Visually reviewed in the complete candidate-sheet pass; not promoted because it duplicated an existing scored concept, depended on answer-revealing teaching text, functioned primarily as a reference table/diagram, or was less discriminating than the retained quiz image.",,
564,/Users/chriselwell/Desktop/Pulm/Pulm Pictures/Pulm Picture/P072 Pleural Effusion Pathophysiology.jpeg,P072 Pleural Effusion Pathophysiology.jpeg,639de7aa0b0a1edff61c0a14b9044adf647266dc83302294f53b9be760b183f0,442,340,,REFERENCE_ONLY,"Visually reviewed in the complete candidate-sheet pass; not promoted because it duplicated an existing scored concept, depended on answer-revealing teaching text, functioned primarily as a reference table/diagram, or was less discriminating than the retained quiz image.",,
565,/Users/chriselwell/Desktop/Pulm/Pulm Pictures/Pulm Picture/P073 Exercise Breathing 01.png,P073 Exercise Breathing 01.png,072fd7abbb74273c6d619ec9b4c730718cfda7b9d1a669b55daffb4f65df598d,1365,1433,,REFERENCE_ONLY,"Visually reviewed in the complete candidate-sheet pass; not promoted because it duplicated an existing scored concept, depended on answer-revealing teaching text, functioned primarily as a reference table/diagram, or was less discriminating than the retained quiz image.",,
566,/Users/chriselwell/Desktop/Pulm/Pulm Pictures/Pulm Picture/P073 Pleural Effusion Chest Xrays 01.jpeg,P073 Pleural Effusion Chest Xrays 01.jpeg,95b13525cfe485b47d331d0bbbb30ce59b4d00687a2c4411d7905ceb1d9cf8aa,508,616,,REFERENCE_ONLY,"Visually reviewed in the complete candidate-sheet pass; not promoted because it duplicated an existing scored concept, depended on answer-revealing teaching text, functioned primarily as a reference table/diagram, or was less discriminating than the retained quiz image.",,
567,/Users/chriselwell/Desktop/Pulm/Pulm Pictures/Pulm Picture/P073 Pleural Effusion Chest Xrays 02.jpeg,P073 Pleural Effusion Chest Xrays 02.jpeg,f865936ef4a4a6b5c7898c8e600f7a28eb5b5a3bd9966110eee68f07a07c2a82,608,696,,REFERENCE_ONLY,"Visually reviewed in the complete candidate-sheet pass; not promoted because it duplicated an existing scored concept, depended on answer-revealing teaching text, functioned primarily as a reference table/diagram, or was less discriminating than the retained quiz image.",,
568,/Users/chriselwell/Desktop/Pulm/Pulm Pictures/Pulm Picture/P073 Pleural Effusion Chest Xrays 03.jpeg,P073 Pleural Effusion Chest Xrays 03.jpeg,8c143d3cc929da4ffd62af521fb8fcff825e83fef83a83dff312c5c84b379537,738,728,,REFERENCE_ONLY,"Visually reviewed in the complete candidate-sheet pass; not promoted because it duplicated an existing scored concept, depended on answer-revealing teaching text, functioned primarily as a reference table/diagram, or was less discriminating than the retained quiz image.",,
569,/Users/chriselwell/Desktop/Pulm/Pulm Pictures/Pulm Picture/P074 ARDS Pathogenesis and Diagnosis.jpeg,P074 ARDS Pathogenesis and Diagnosis.jpeg,b89436a43a98601c3199fbcad0350f375e4b76155d8da805e0c8c481fa0a9828,378,336,,REFERENCE_ONLY,"Visually reviewed in the complete candidate-sheet pass; not promoted because it duplicated an existing scored concept, depended on answer-revealing teaching text, functioned primarily as a reference table/diagram, or was less discriminating than the retained quiz image.",,
570,/Users/chriselwell/Desktop/Pulm/Pulm Pictures/Pulm Picture/P075 ARDS Hyaline Membranes 01.jpeg,P075 ARDS Hyaline Membranes 01.jpeg,ad23afb2db0a97d4d5e87ebc549e498fcf29c069d7fa551c45e1cb49721133b2,1090,966,,REFERENCE_ONLY,"Visually reviewed in the complete candidate-sheet pass; not promoted because it duplicated an existing scored concept, depended on answer-revealing teaching text, functioned primarily as a reference table/diagram, or was less discriminating than the retained quiz image.",,
571,/Users/chriselwell/Desktop/Pulm/Pulm Pictures/Pulm Picture/P075 ARDS Hyaline Membranes 02.jpeg,P075 ARDS Hyaline Membranes 02.jpeg,192aa34533d62d411f9817e89e100d078253f30878d5a5b478f8e7ddcdad9ef4,1330,988,,REFERENCE_ONLY,"Visually reviewed in the complete candidate-sheet pass; not promoted because it duplicated an existing scored concept, depended on answer-revealing teaching text, functioned primarily as a reference table/diagram, or was less discriminating than the retained quiz image.",,
572,/Users/chriselwell/Desktop/Pulm/Pulm Pictures/Pulm Picture/P076 Lung Volumes.png,P076 Lung Volumes.png,043c681d5541cb04d4c76a23da764acdde839f76232d08c19173466e098ba82d,1648,850,,REFERENCE_ONLY,"Visually reviewed in the complete candidate-sheet pass; not promoted because it duplicated an existing scored concept, depended on answer-revealing teaching text, functioned primarily as a reference table/diagram, or was less discriminating than the retained quiz image.",,
573,/Users/chriselwell/Desktop/Pulm/Pulm Pictures/Pulm Picture/P076 Neonatal Respiratory Distress Syndrome.jpeg,P076 Neonatal Respiratory Distress Syndrome.jpeg,b58734ce800c6ea5ce24bd0d3b9e2e79b1951d0a15d1a90dd4e23952d70f7abe,820,824,,REFERENCE_ONLY,"Visually reviewed in the complete candidate-sheet pass; not promoted because it duplicated an existing scored concept, depended on answer-revealing teaching text, functioned primarily as a reference table/diagram, or was less discriminating than the retained quiz image.",,
574,/Users/chriselwell/Desktop/Pulm/Pulm Pictures/Pulm Picture/P077 Sleep Apnea 01.jpeg,P077 Sleep Apnea 01.jpeg,c4c87d5f2491c0c9b0fd546225318f70e14d4e8b168d1cc1654ff87d87a0c390,832,294,,REFERENCE_ONLY,"Visually reviewed in the complete candidate-sheet pass; not promoted because it duplicated an existing scored concept, depended on answer-revealing teaching text, functioned primarily as a reference table/diagram, or was less discriminating than the retained quiz image.",,
575,/Users/chriselwell/Desktop/Pulm/Pulm Pictures/Pulm Picture/P077 Sleep Apnea 02.jpeg,P077 Sleep Apnea 02.jpeg,4fbd87b42a32661beb84473b8fef619777bf3606f45df58e0e12d3c08776f90c,1246,450,,REFERENCE_ONLY,"Visually reviewed in the complete candidate-sheet pass; not promoted because it duplicated an existing scored concept, depended on answer-revealing teaching text, functioned primarily as a reference table/diagram, or was less discriminating than the retained quiz image.",,
576,/Users/chriselwell/Desktop/Pulm/Pulm Pictures/Pulm Picture/P077 Sleep Apnea 03.jpeg,P077 Sleep Apnea 03.jpeg,9c1656e420f4f5bb731eead31cc4a8c86282444e488e9da0f029ad100277c559,795,600,,REFERENCE_ONLY,"Visually reviewed in the complete candidate-sheet pass; not promoted because it duplicated an existing scored concept, depended on answer-revealing teaching text, functioned primarily as a reference table/diagram, or was less discriminating than the retained quiz image.",,
577,/Users/chriselwell/Desktop/Pulm/Pulm Pictures/Pulm Picture/P077 Sleep Apnea 04.jpeg,P077 Sleep Apnea 04.jpeg,894875109645afe14f4edeb8aa161b1a15e94cb670a56890a03c7f177c934b17,584,190,,REFERENCE_ONLY,"Visually reviewed in the complete candidate-sheet pass; not promoted because it duplicated an existing scored concept, depended on answer-revealing teaching text, functioned primarily as a reference table/diagram, or was less discriminating than the retained quiz image.",,
578,/Users/chriselwell/Desktop/Pulm/Pulm Pictures/Pulm Picture/P084 Pneumothorax.png,P084 Pneumothorax.png,7d8179c66cdb01c5f9a957278c6ca9cff671cbafac8fe6b48f40fe25ad2ec0bc,992,992,,REFERENCE_ONLY,"Visually reviewed in the complete candidate-sheet pass; not promoted because it duplicated an existing scored concept, depended on answer-revealing teaching text, functioned primarily as a reference table/diagram, or was less discriminating than the retained quiz image.",,
579,/Users/chriselwell/Desktop/Pulm/Pulm Pictures/Pulm Picture/P103 Hysteresis.png,P103 Hysteresis.png,00c45493b203675f6e8aaa2d442e865cdb10880f8d8b45ba747d4071816e9bab,421,363,,REFERENCE_ONLY,"Visually reviewed in the complete candidate-sheet pass; not promoted because it duplicated an existing scored concept, depended on answer-revealing teaching text, functioned primarily as a reference table/diagram, or was less discriminating than the retained quiz image.",,
580,/Users/chriselwell/Desktop/Pulm/Pulm Pictures/Pulm Picture/P110 Hemoglobin.png,P110 Hemoglobin.png,590db7a7e398fddec340b3a64809f38cd40b22332ca5713cdfdfe1b1d2522a39,911,681,,REFERENCE_ONLY,"Visually reviewed in the complete candidate-sheet pass; not promoted because it duplicated an existing scored concept, depended on answer-revealing teaching text, functioned primarily as a reference table/diagram, or was less discriminating than the retained quiz image.",,
581,/Users/chriselwell/Desktop/Pulm/Pulm Pictures/Pulm Picture/P112 O2-Hgb Dissociation Curves.png,P112 O2-Hgb Dissociation Curves.png,3c72dd5a34c6acee7cbab1e6cbcfec6b6586a3cd5b8a1377103d7f144e3c5478,476,481,,REFERENCE_ONLY,"Visually reviewed in the complete candidate-sheet pass; not promoted because it duplicated an existing scored concept, depended on answer-revealing teaching text, functioned primarily as a reference table/diagram, or was less discriminating than the retained quiz image.",,
582,/Users/chriselwell/Desktop/Pulm/Pulm Pictures/Pulm Picture/P114 Allosteric Proteins.png,P114 Allosteric Proteins.png,ee580e7f4cacd61cc09703a8a131e43c0c9225cdfd21762a955f628dc9e54446,774,774,,REFERENCE_ONLY,"Visually reviewed in the complete candidate-sheet pass; not promoted because it duplicated an existing scored concept, depended on answer-revealing teaching text, functioned primarily as a reference table/diagram, or was less discriminating than the retained quiz image.",,
583,/Users/chriselwell/Desktop/Pulm/Pulm Pictures/Pulm Picture/P115 O2-Hgb Dissociation Curves.png,P115 O2-Hgb Dissociation Curves.png,08084109ee89474f1a00080c8de12bc9c8a4c7f3fe6994abd38c9b9a98b91961,647,527,,REFERENCE_ONLY,"Visually reviewed in the complete candidate-sheet pass; not promoted because it duplicated an existing scored concept, depended on answer-revealing teaching text, functioned primarily as a reference table/diagram, or was less discriminating than the retained quiz image.",,
584,/Users/chriselwell/Desktop/Pulm/Pulm Pictures/Pulm Picture/P116 Hemoglobin Forms.png,P116 Hemoglobin Forms.png,7c9d29331726d785c8561d500fcfeb6f4f2cb17cd3b5e17f171c94628f714bc6,1262,886,,REFERENCE_ONLY,"Visually reviewed in the complete candidate-sheet pass; not promoted because it duplicated an existing scored concept, depended on answer-revealing teaching text, functioned primarily as a reference table/diagram, or was less discriminating than the retained quiz image.",,
585,/Users/chriselwell/Desktop/Pulm/Pulm Pictures/Pulm Picture/P118 Rightward Shift.png,P118 Rightward Shift.png,343a58cd9b9dbbd36dd372d7bbba0b649af17837bf9d348d586218ed1a76f37e,882,564,,REFERENCE_ONLY,"Visually reviewed in the complete candidate-sheet pass; not promoted because it duplicated an existing scored concept, depended on answer-revealing teaching text, functioned primarily as a reference table/diagram, or was less discriminating than the retained quiz image.",,
586,/Users/chriselwell/Desktop/Pulm/Pulm Pictures/Pulm Picture/P120 Right Curve Shifts - Release O2.png,P120 Right Curve Shifts - Release O2.png,6282aaafa20b702fb4a7194d36f4d01f131137cc094673d6bd96755fe04eaf8c,800,756,,REFERENCE_ONLY,"Visually reviewed in the complete candidate-sheet pass; not promoted because it duplicated an existing scored concept, depended on answer-revealing teaching text, functioned primarily as a reference table/diagram, or was less discriminating than the retained quiz image.",,
587,/Users/chriselwell/Desktop/Pulm/Pulm Pictures/Pulm Picture/P124 2 3-Bisphosphoglycerate - 2 3 BPG.png,P124 2 3-Bisphosphoglycerate - 2 3 BPG.png,74181f6ba12c7d3c50376cab4bbd18d312cecc6c30ef02b1f43dea104602b89a,527,562,,REFERENCE_ONLY,"Visually reviewed in the complete candidate-sheet pass; not promoted because it duplicated an existing scored concept, depended on answer-revealing teaching text, functioned primarily as a reference table/diagram, or was less discriminating than the retained quiz image.",,
588,/Users/chriselwell/Desktop/Pulm/Pulm Pictures/Pulm Picture/P137 Clinical Scenario.png,P137 Clinical Scenario.png,9906f8c6a5873bf30eb0db5b2bcf7e3b5ff8b1047e299d4463e714d470648e6d,1022,553,,REFERENCE_ONLY,"Visually reviewed in the complete candidate-sheet pass; not promoted because it duplicated an existing scored concept, depended on answer-revealing teaching text, functioned primarily as a reference table/diagram, or was less discriminating than the retained quiz image.",,
589,/Users/chriselwell/Desktop/Pulm/Pulm Pictures/Pulm Picture/P139 Pulmonary Circulation.png,P139 Pulmonary Circulation.png,9eb22442fb77d81251a655a87cebdf7d06e3de5903a9c9157d0f9ea191c6f451,1182,860,,REFERENCE_ONLY,"Visually reviewed in the complete candidate-sheet pass; not promoted because it duplicated an existing scored concept, depended on answer-revealing teaching text, functioned primarily as a reference table/diagram, or was less discriminating than the retained quiz image.",,
590,/Users/chriselwell/Desktop/Pulm/Pulm Pictures/Pulm Picture/P148 DLCO - Diffusing Capacity of Lungs for Carbon Monoxide.png,P148 DLCO - Diffusing Capacity of Lungs for Carbon Monoxide.png,0dd73000a99d000b307693d6cd40b9aa84838fdc9363b0cc926f6432b1749127,520,505,,REFERENCE_ONLY,"Visually reviewed in the complete candidate-sheet pass; not promoted because it duplicated an existing scored concept, depended on answer-revealing teaching text, functioned primarily as a reference table/diagram, or was less discriminating than the retained quiz image.",,
591,/Users/chriselwell/Desktop/Pulm/Pulm Pictures/Pulm Picture/P149 Low DLCO Disorders 01.png,P149 Low DLCO Disorders 01.png,dd601c46610ada4863be59c0608a609303c29c7ab21ae3af3234fc9fb6bf5de9,1141,597,,REFERENCE_ONLY,"Visually reviewed in the complete candidate-sheet pass; not promoted because it duplicated an existing scored concept, depended on answer-revealing teaching text, functioned primarily as a reference table/diagram, or was less discriminating than the retained quiz image.",,
592,/Users/chriselwell/Desktop/Pulm/Pulm Pictures/Pulm Picture/P149 Low DLCO Disorders 02.png,P149 Low DLCO Disorders 02.png,534f4cfcce1cae21496532bbadd87db1e4ba5bc55ca737e5388b8a9271f09124,709,216,,REFERENCE_ONLY,"Visually reviewed in the complete candidate-sheet pass; not promoted because it duplicated an existing scored concept, depended on answer-revealing teaching text, functioned primarily as a reference table/diagram, or was less discriminating than the retained quiz image.",,
593,/Users/chriselwell/Desktop/Pulm/Pulm Pictures/Pulm Picture/P165 PAH - Pulmonary Arterial Hypertension.png,P165 PAH - Pulmonary Arterial Hypertension.png,ea48609d44c38be9671ff519c8596efcabbdf842022589dbc107470380b305a6,510,401,,REFERENCE_ONLY,"Visually reviewed in the complete candidate-sheet pass; not promoted because it duplicated an existing scored concept, depended on answer-revealing teaching text, functioned primarily as a reference table/diagram, or was less discriminating than the retained quiz image.",,
594,/Users/chriselwell/Desktop/Pulm/Pulm Pictures/Pulm Picture/P167 Idiopathic PAH.png,P167 Idiopathic PAH.png,6c5a85900d55bacc57500a4c6e9ef63a3ace61edf10ab36c139e4761a9a7efeb,1839,828,,REFERENCE_ONLY,"Visually reviewed in the complete candidate-sheet pass; not promoted because it duplicated an existing scored concept, depended on answer-revealing teaching text, functioned primarily as a reference table/diagram, or was less discriminating than the retained quiz image.",,
595,/Users/chriselwell/Desktop/Pulm/Pulm Pictures/Pulm Picture/P170 PAH Treatments.png,P170 PAH Treatments.png,b50314c36b167f6109337f4f307f89b543d83acd3b79283215c02096ebcc9d91,956,865,,REFERENCE_ONLY,"Visually reviewed in the complete candidate-sheet pass; not promoted because it duplicated an existing scored concept, depended on answer-revealing teaching text, functioned primarily as a reference table/diagram, or was less discriminating than the retained quiz image.",,
596,/Users/chriselwell/Desktop/Pulm/Pulm Pictures/Pulm Picture/P176 Ventilation-Perfusion Ratio - V Q Ratio.png,P176 Ventilation-Perfusion Ratio - V Q Ratio.png,2e08395cfdb2ad7aed7c15799d46f727a364d3ea8ad617d38cebce939fdf9e4c,257,186,,REFERENCE_ONLY,"Visually reviewed in the complete candidate-sheet pass; not promoted because it duplicated an existing scored concept, depended on answer-revealing teaching text, functioned primarily as a reference table/diagram, or was less discriminating than the retained quiz image.",,
597,/Users/chriselwell/Desktop/Pulm/Pulm Pictures/Pulm Picture/P178 V Q Mismatch - Terminology.png,P178 V Q Mismatch - Terminology.png,f4b083110adde0cedb35e87a7f41c3fdc408a086ba1474809b3e0df88874d2b5,894,473,,REFERENCE_ONLY,"Visually reviewed in the complete candidate-sheet pass; not promoted because it duplicated an existing scored concept, depended on answer-revealing teaching text, functioned primarily as a reference table/diagram, or was less discriminating than the retained quiz image.",,
598,/Users/chriselwell/Desktop/Pulm/Pulm Pictures/Pulm Picture/P180 Ventilation-Perfusion Ratio - Q.png,P180 Ventilation-Perfusion Ratio - Q.png,adb57920e74c27d788190bc31a1ef4d70d4236c8977b2010943cf1c960bbe360,647,1113,,REFERENCE_ONLY,"Visually reviewed in the complete candidate-sheet pass; not promoted because it duplicated an existing scored concept, depended on answer-revealing teaching text, functioned primarily as a reference table/diagram, or was less discriminating than the retained quiz image.",,
599,/Users/chriselwell/Desktop/Pulm/Pulm Pictures/Pulm Picture/P182 Tuberculosis.png,P182 Tuberculosis.png,f492e6ad6414cf1aafb91175be82c43bb0a46ecb09c76d2a1628c03a9b1db447,210,191,,REFERENCE_ONLY,"Visually reviewed in the complete candidate-sheet pass; not promoted because it duplicated an existing scored concept, depended on answer-revealing teaching text, functioned primarily as a reference table/diagram, or was less discriminating than the retained quiz image.",,
600,/Users/chriselwell/Desktop/Pulm/Pulm Pictures/Pulm Picture/P189 Lung Zones.png,P189 Lung Zones.png,4a989f269cf0ef68de49189b6309f5c2eaad0e08bfca2df4420c4a241a89c993,606,341,,REFERENCE_ONLY,"Visually reviewed in the complete candidate-sheet pass; not promoted because it duplicated an existing scored concept, depended on answer-revealing teaching text, functioned primarily as a reference table/diagram, or was less discriminating than the retained quiz image.",,
601,/Users/chriselwell/Desktop/Pulm/Pulm Pictures/Pulm Picture/P211 Oxygen Delivery to Tissues.png,P211 Oxygen Delivery to Tissues.png,e24fecced668dd4264462ec23aeee7d06e3c54e013d6098f29dec9fdfde2992a,1179,1048,,REFERENCE_ONLY,"Visually reviewed in the complete candidate-sheet pass; not promoted because it duplicated an existing scored concept, depended on answer-revealing teaching text, functioned primarily as a reference table/diagram, or was less discriminating than the retained quiz image.",,
602,/Users/chriselwell/Desktop/Pulm/Pulm Pictures/Pulm Picture/P220 Carbon Monoxide Poisoning.png,P220 Carbon Monoxide Poisoning.png,ac8e033bbefc9d3df53519fde9fc6e7f30081eef9c83f1c3172412d66c3cd095,517,516,,REFERENCE_ONLY,"Visually reviewed in the complete candidate-sheet pass; not promoted because it duplicated an existing scored concept, depended on answer-revealing teaching text, functioned primarily as a reference table/diagram, or was less discriminating than the retained quiz image.",,
603,/Users/chriselwell/Desktop/Pulm/Pulm Pictures/Pulm Picture/P229 Hypoxemia with Normal a-a Gradient.png,P229 Hypoxemia with Normal a-a Gradient.png,619b641ab782c5bd09360fe7ad99044225be1c349607d1afbe3b8bfe59cd2ad2,834,515,,REFERENCE_ONLY,"Visually reviewed in the complete candidate-sheet pass; not promoted because it duplicated an existing scored concept, depended on answer-revealing teaching text, functioned primarily as a reference table/diagram, or was less discriminating than the retained quiz image.",,
604,/Users/chriselwell/Desktop/Pulm/Pulm Pictures/Pulm Picture/P231 Hypoxemia with Normal a-a Gradient.png,P231 Hypoxemia with Normal a-a Gradient.png,83146a365bcbc56d222c7b4157d44adcc82bb4205a7314d8ceb98d015b3a7365,951,1045,,REFERENCE_ONLY,"Visually reviewed in the complete candidate-sheet pass; not promoted because it duplicated an existing scored concept, depended on answer-revealing teaching text, functioned primarily as a reference table/diagram, or was less discriminating than the retained quiz image.",,
605,/Users/chriselwell/Desktop/Pulm/Pulm Pictures/Pulm Picture/P249 Carbon Dioxide.png,P249 Carbon Dioxide.png,b6759f3f230f5fc59202a2b1e029f4b3ba92b76469fa9690b2f938ffbc8b8aa0,1099,617,,REFERENCE_ONLY,"Visually reviewed in the complete candidate-sheet pass; not promoted because it duplicated an existing scored concept, depended on answer-revealing teaching text, functioned primarily as a reference table/diagram, or was less discriminating than the retained quiz image.",,
606,/Users/chriselwell/Desktop/Pulm/Pulm Pictures/Pulm Picture/P255 RBC Buffering H+.png,P255 RBC Buffering H+.png,895571b562c9918f52dbc3a4321cb3b05705bb3f75602584de84cf31356856ca,1182,158,,REFERENCE_ONLY,"Visually reviewed in the complete candidate-sheet pass; not promoted because it duplicated an existing scored concept, depended on answer-revealing teaching text, functioned primarily as a reference table/diagram, or was less discriminating than the retained quiz image.",,
607,/Users/chriselwell/Desktop/Pulm/Pulm Pictures/Pulm Picture/P266 Exercise.png,P266 Exercise.png,eec4b0595bed42debaa8e1c3f6fe3a76442c6ae776caca0bb55e2489edd20ec1,1186,554,,REFERENCE_ONLY,"Visually reviewed in the complete candidate-sheet pass; not promoted because it duplicated an existing scored concept, depended on answer-revealing teaching text, functioned primarily as a reference table/diagram, or was less discriminating than the retained quiz image.",,
608,/Users/chriselwell/Desktop/Pulm/Pulm Pictures/Pulm Picture/P267 Exercise.png,P267 Exercise.png,ba88dbb39ed1374e9f56e7672ae42fd6c5895cf451d45510b429074c5337208e,579,467,,REFERENCE_ONLY,"Visually reviewed in the complete candidate-sheet pass; not promoted because it duplicated an existing scored concept, depended on answer-revealing teaching text, functioned primarily as a reference table/diagram, or was less discriminating than the retained quiz image.",,
609,/Users/chriselwell/Desktop/Pulm/Pulm Pictures/Pulm Picture/P269 Cerebral Blood Flow.png,P269 Cerebral Blood Flow.png,85530f4097a6d732a780d8038fac1beffcc6dff14164c9cfb98def4b52830738,648,610,,REFERENCE_ONLY,"Visually reviewed in the complete candidate-sheet pass; not promoted because it duplicated an existing scored concept, depended on answer-revealing teaching text, functioned primarily as a reference table/diagram, or was less discriminating than the retained quiz image.",,
610,/Users/chriselwell/Desktop/Pulm/Pulm Pictures/Pulm Picture/P271 CO2 and Breathing Control.png,P271 CO2 and Breathing Control.png,ce236d32cdb457cef41046fa47c31536e225e06cb5d926ccf5cb63e644e5e105,574,397,,REFERENCE_ONLY,"Visually reviewed in the complete candidate-sheet pass; not promoted because it duplicated an existing scored concept, depended on answer-revealing teaching text, functioned primarily as a reference table/diagram, or was less discriminating than the retained quiz image.",,
611,/Users/chriselwell/Desktop/Pulm/Pulm Pictures/Pulm Picture/P282 Rales.png,P282 Rales.png,a6e17b2fcc6c516606f9bf545bcd3d761b0a3f81d918c498004a7e1bbdf15d0c,726,650,,REFERENCE_ONLY,"Visually reviewed in the complete candidate-sheet pass; not promoted because it duplicated an existing scored concept, depended on answer-revealing teaching text, functioned primarily as a reference table/diagram, or was less discriminating than the retained quiz image.",,
612,/Users/chriselwell/Desktop/Pulm/Pulm Pictures/Pulm Picture/P283 Wheezes.png,P283 Wheezes.png,0f4ca1b999d262f5a5910a7eb1acbf8f39f31fbc59fba8fdffec05f295e38d09,1182,573,,REFERENCE_ONLY,"Visually reviewed in the complete candidate-sheet pass; not promoted because it duplicated an existing scored concept, depended on answer-revealing teaching text, functioned primarily as a reference table/diagram, or was less discriminating than the retained quiz image.",,
613,/Users/chriselwell/Desktop/Pulm/Pulm Pictures/Pulm Picture/P286 Stridor.png,P286 Stridor.png,e3c9a019c42e3a2f44756c5159a1d03ef68815599f994f90dd7fdf85d94d9a73,821,1076,,REFERENCE_ONLY,"Visually reviewed in the complete candidate-sheet pass; not promoted because it duplicated an existing scored concept, depended on answer-revealing teaching text, functioned primarily as a reference table/diagram, or was less discriminating than the retained quiz image.",,
614,/Users/chriselwell/Desktop/Pulm/Pulm Pictures/Pulm Picture/P288 Fremitus 02.png,P288 Fremitus 02.png,045af94fea7c79ded95ca145c9483db4ca50a727d4ca938c705d08fe42b3181b,78,71,,REFERENCE_ONLY,"Visually reviewed in the complete candidate-sheet pass; not promoted because it duplicated an existing scored concept, depended on answer-revealing teaching text, functioned primarily as a reference table/diagram, or was less discriminating than the retained quiz image.",,
615,/Users/chriselwell/Desktop/Pulm/Pulm Pictures/Pulm Picture/P288 Fremitus 03.png,P288 Fremitus 03.png,1cc3c18f16ef412767ff3e4a70eb6b661e97c61f2ba83ccb9591e8473cd1821e,74,109,,REFERENCE_ONLY,"Visually reviewed in the complete candidate-sheet pass; not promoted because it duplicated an existing scored concept, depended on answer-revealing teaching text, functioned primarily as a reference table/diagram, or was less discriminating than the retained quiz image.",,
616,/Users/chriselwell/Desktop/Pulm/Pulm Pictures/Pulm Picture/P292 Nail Clubbing 01.png,P292 Nail Clubbing 01.png,78554ca0dd4341f40bbab6bfbcd90a25ebb913910f882a7378008a9477e5a0cb,435,418,,REFERENCE_ONLY,"Visually reviewed in the complete candidate-sheet pass; not promoted because it duplicated an existing scored concept, depended on answer-revealing teaching text, functioned primarily as a reference table/diagram, or was less discriminating than the retained quiz image.",,
617,/Users/chriselwell/Desktop/Pulm/Pulm Pictures/Pulm Picture/P296 Obstructive Versus Restrictive.png,P296 Obstructive Versus Restrictive.png,7efc5e9777325ba51368d5a0a7fb4cf6fc745a0b5203e41edae482a2b9db4ff6,818,466,,REFERENCE_ONLY,"Visually reviewed in the complete candidate-sheet pass; not promoted because it duplicated an existing scored concept, depended on answer-revealing teaching text, functioned primarily as a reference table/diagram, or was less discriminating than the retained quiz image.",,
618,/Users/chriselwell/Desktop/Pulm/Pulm Pictures/Pulm Picture/P302 Obstructive Versus Restrictive.png,P302 Obstructive Versus Restrictive.png,755bfe8bb0aa913e866cf555e42e8e16d4260136b538acb78bf591023737e78e,1063,823,,REFERENCE_ONLY,"Visually reviewed in the complete candidate-sheet pass; not promoted because it duplicated an existing scored concept, depended on answer-revealing teaching text, functioned primarily as a reference table/diagram, or was less discriminating than the retained quiz image.",,
619,/Users/chriselwell/Desktop/Pulm/Pulm Pictures/Pulm Picture/P307 Flow Volume Loop.png,P307 Flow Volume Loop.png,b37c9734db52b0ac245affe169a58a7ed68cc3c6693b285c5aaf3af25cbda603,268,334,,REFERENCE_ONLY,"Visually reviewed in the complete candidate-sheet pass; not promoted because it duplicated an existing scored concept, depended on answer-revealing teaching text, functioned primarily as a reference table/diagram, or was less discriminating than the retained quiz image.",,
620,/Users/chriselwell/Desktop/Pulm/Pulm Pictures/Pulm Picture/P308 Flow Volume Loop - Lower Airway Obstructive Disease.png,P308 Flow Volume Loop - Lower Airway Obstructive Disease.png,f672d4d036575cd2186509eb73839d3ea5c9da8cf5b6ad5283c5904ed9850165,268,334,,REFERENCE_ONLY,"Visually reviewed in the complete candidate-sheet pass; not promoted because it duplicated an existing scored concept, depended on answer-revealing teaching text, functioned primarily as a reference table/diagram, or was less discriminating than the retained quiz image.",,
621,/Users/chriselwell/Desktop/Pulm/Pulm Pictures/Pulm Picture/P309 Flow Volume Loop - Lower Airway Restrictive Disease.png,P309 Flow Volume Loop - Lower Airway Restrictive Disease.png,16a0902cccf8d9f508219868a9ec817291b68172e0c7975d93e86b5ff34251b8,268,334,,REFERENCE_ONLY,"Visually reviewed in the complete candidate-sheet pass; not promoted because it duplicated an existing scored concept, depended on answer-revealing teaching text, functioned primarily as a reference table/diagram, or was less discriminating than the retained quiz image.",,
622,/Users/chriselwell/Desktop/Pulm/Pulm Pictures/Pulm Picture/P314 Work of Breathing.png,P314 Work of Breathing.png,d291ab30194f31b989d3d487420844cb257206e6ab7b011775c2e47969942436,792,663,,REFERENCE_ONLY,"Visually reviewed in the complete candidate-sheet pass; not promoted because it duplicated an existing scored concept, depended on answer-revealing teaching text, functioned primarily as a reference table/diagram, or was less discriminating than the retained quiz image.",,
623,/Users/chriselwell/Desktop/Pulm/Pulm Pictures/Pulm Picture/P316 Chronic Obstructive Pulmonary Disease - COPD.png,P316 Chronic Obstructive Pulmonary Disease - COPD.png,306c4dc0fcda0d3212112d50b414a3797d0c3a288c0a5bea2d80dd580d765b6b,958,799,,REFERENCE_ONLY,"Visually reviewed in the complete candidate-sheet pass; not promoted because it duplicated an existing scored concept, depended on answer-revealing teaching text, functioned primarily as a reference table/diagram, or was less discriminating than the retained quiz image.",,
624,/Users/chriselwell/Desktop/Pulm/Pulm Pictures/Pulm Picture/P317 Obstructive Lung Diseases - Spirometry.png,P317 Obstructive Lung Diseases - Spirometry.png,f129de82010c69d336771886493155cde548ef30de2fdc4a710968afc1b1497c,919,435,,REFERENCE_ONLY,"Visually reviewed in the complete candidate-sheet pass; not promoted because it duplicated an existing scored concept, depended on answer-revealing teaching text, functioned primarily as a reference table/diagram, or was less discriminating than the retained quiz image.",,
625,/Users/chriselwell/Desktop/Pulm/Pulm Pictures/Pulm Picture/P319 Obstructive Lung Diseases.png,P319 Obstructive Lung Diseases.png,407dd5adb372aa1feb5ceb0e49222fb85e26b84b07e71c77d0797fa3f5f7d6ca,434,376,,REFERENCE_ONLY,"Visually reviewed in the complete candidate-sheet pass; not promoted because it duplicated an existing scored concept, depended on answer-revealing teaching text, functioned primarily as a reference table/diagram, or was less discriminating than the retained quiz image.",,
626,/Users/chriselwell/Desktop/Pulm/Pulm Pictures/Pulm Picture/P321 Chronic Bronchitis - Pathologic Changes.png,P321 Chronic Bronchitis - Pathologic Changes.png,cf9c026930cbc661108208a422846f11b260404081a11db559c7a787263479e9,969,588,,REFERENCE_ONLY,"Visually reviewed in the complete candidate-sheet pass; not promoted because it duplicated an existing scored concept, depended on answer-revealing teaching text, functioned primarily as a reference table/diagram, or was less discriminating than the retained quiz image.",,
627,/Users/chriselwell/Desktop/Pulm/Pulm Pictures/Pulm Picture/P322 Chronic Bronchitis - Pathologic Changes.png,P322 Chronic Bronchitis - Pathologic Changes.png,c5fe58da3c8b6b82bcab57d7a2bc3b09156f593547d9f19bad6a790639faba3c,1027,494,,REFERENCE_ONLY,"Visually reviewed in the complete candidate-sheet pass; not promoted because it duplicated an existing scored concept, depended on answer-revealing teaching text, functioned primarily as a reference table/diagram, or was less discriminating than the retained quiz image.",,
628,/Users/chriselwell/Desktop/Pulm/Pulm Pictures/Pulm Picture/P326 Emphysema.png,P326 Emphysema.png,96493543beadb73bb202984278a6c9f4a606fb71446bf09b6745404b44779105,673,523,,REFERENCE_ONLY,"Visually reviewed in the complete candidate-sheet pass; not promoted because it duplicated an existing scored concept, depended on answer-revealing teaching text, functioned primarily as a reference table/diagram, or was less discriminating than the retained quiz image.",,
629,/Users/chriselwell/Desktop/Pulm/Pulm Pictures/Pulm Picture/P328 Emphysema - Clinical Findings.png,P328 Emphysema - Clinical Findings.png,021eee091a0f8ae61ca59579ef8ac7d57b126fbda958520ae17fe729b2e20422,520,400,,REFERENCE_ONLY,"Visually reviewed in the complete candidate-sheet pass; not promoted because it duplicated an existing scored concept, depended on answer-revealing teaching text, functioned primarily as a reference table/diagram, or was less discriminating than the retained quiz image.",,
630,/Users/chriselwell/Desktop/Pulm/Pulm Pictures/Pulm Picture/P330 Dennis K. Burns MD Travis G. Brown MD Walter L. Kemp 01.png,P330 Dennis K. Burns MD Travis G. Brown MD Walter L. Kemp 01.png,911cbf691e50e7a715bcd1c5ed97cd438d9461cb7b93e30cb1660c8882f6a73f,480,533,,REFERENCE_ONLY,"Visually reviewed in the complete candidate-sheet pass; not promoted because it duplicated an existing scored concept, depended on answer-revealing teaching text, functioned primarily as a reference table/diagram, or was less discriminating than the retained quiz image.",,
631,/Users/chriselwell/Desktop/Pulm/Pulm Pictures/Pulm Picture/P330 Dennis K. Burns MD Travis G. Brown MD Walter L. Kemp 02.png,P330 Dennis K. Burns MD Travis G. Brown MD Walter L. Kemp 02.png,46e5e4b5d5a129ae777f5e0b90939f1f229dff456242c6398db1a98c70897d45,758,787,,REFERENCE_ONLY,"Visually reviewed in the complete candidate-sheet pass; not promoted because it duplicated an existing scored concept, depended on answer-revealing teaching text, functioned primarily as a reference table/diagram, or was less discriminating than the retained quiz image.",,
632,/Users/chriselwell/Desktop/Pulm/Pulm Pictures/Pulm Picture/P330 Dennis K. Burns MD Travis G. Brown MD Walter L. Kemp 03.png,P330 Dennis K. Burns MD Travis G. Brown MD Walter L. Kemp 03.png,2468ee9f40a2f21a7da1be9b1306fd407aa9f73ffc0a561b4c6d1ace42ccf923,761,519,,REFERENCE_ONLY,"Visually reviewed in the complete candidate-sheet pass; not promoted because it duplicated an existing scored concept, depended on answer-revealing teaching text, functioned primarily as a reference table/diagram, or was less discriminating than the retained quiz image.",,
633,/Users/chriselwell/Desktop/Pulm/Pulm Pictures/Pulm Picture/P332 Blue Bloater - Pink Puffer.png,P332 Blue Bloater - Pink Puffer.png,1a51d18a85b1c62587910a5dc549fe8132e2c34a2e67fe26a8daaa4b19f98499,1033,516,,REFERENCE_ONLY,"Visually reviewed in the complete candidate-sheet pass; not promoted because it duplicated an existing scored concept, depended on answer-revealing teaching text, functioned primarily as a reference table/diagram, or was less discriminating than the retained quiz image.",,
634,/Users/chriselwell/Desktop/Pulm/Pulm Pictures/Pulm Picture/P336 Alpha1 Anti-Trypsin Deficiency.png,P336 Alpha1 Anti-Trypsin Deficiency.png,e2a442f75a222bda895a6db53476e3c274f3b60e543a4468b77049ce66fc9be6,1003,588,,REFERENCE_ONLY,"Visually reviewed in the complete candidate-sheet pass; not promoted because it duplicated an existing scored concept, depended on answer-revealing teaching text, functioned primarily as a reference table/diagram, or was less discriminating than the retained quiz image.",,
635,/Users/chriselwell/Desktop/Pulm/Pulm Pictures/Pulm Picture/P338 Alpha1 Anti-Trypsin Deficiency - Liver Involvement.png,P338 Alpha1 Anti-Trypsin Deficiency - Liver Involvement.png,76bee69c0b3bbb6d3500399a43bffc0b27e3bb870a9eb6b80647e9f9297cd5aa,495,423,,REFERENCE_ONLY,"Visually reviewed in the complete candidate-sheet pass; not promoted because it duplicated an existing scored concept, depended on answer-revealing teaching text, functioned primarily as a reference table/diagram, or was less discriminating than the retained quiz image.",,
636,/Users/chriselwell/Desktop/Pulm/Pulm Pictures/Pulm Picture/P339 Alpha1 Anti-Trypsin Deficiency - Classic Case.png,P339 Alpha1 Anti-Trypsin Deficiency - Classic Case.png,d2f752b648fddcf1dece0739d0a66d228190e9a35d1103e53c3210afc5c612c7,510,490,,REFERENCE_ONLY,"Visually reviewed in the complete candidate-sheet pass; not promoted because it duplicated an existing scored concept, depended on answer-revealing teaching text, functioned primarily as a reference table/diagram, or was less discriminating than the retained quiz image.",,
637,/Users/chriselwell/Desktop/Pulm/Pulm Pictures/Pulm Picture/P341 Asthma.png,P341 Asthma.png,0740e1799198b7258bb573a1e9cba80929f64c8f045f1020ab1f268e1d0c48f0,1025,715,,REFERENCE_ONLY,"Visually reviewed in the complete candidate-sheet pass; not promoted because it duplicated an existing scored concept, depended on answer-revealing teaching text, functioned primarily as a reference table/diagram, or was less discriminating than the retained quiz image.",,
638,/Users/chriselwell/Desktop/Pulm/Pulm Pictures/Pulm Picture/P343 AERD - Aspirin Exacerbated Respiratory Disease.png,P343 AERD - Aspirin Exacerbated Respiratory Disease.png,f3255f188256cf42c8fa8fb1d8bb96b30687d52f358fc0ae8e2d5b265f6294bf,882,588,,REFERENCE_ONLY,"Visually reviewed in the complete candidate-sheet pass; not promoted because it duplicated an existing scored concept, depended on answer-revealing teaching text, functioned primarily as a reference table/diagram, or was less discriminating than the retained quiz image.",,
639,/Users/chriselwell/Desktop/Pulm/Pulm Pictures/Pulm Picture/P344 Asthma Symptoms.png,P344 Asthma Symptoms.png,52f8f9bc3549863977e6f040290819cba56bbf6847585bbf367a07ee71b4bd82,1076,607,,REFERENCE_ONLY,"Visually reviewed in the complete candidate-sheet pass; not promoted because it duplicated an existing scored concept, depended on answer-revealing teaching text, functioned primarily as a reference table/diagram, or was less discriminating than the retained quiz image.",,
640,/Users/chriselwell/Desktop/Pulm/Pulm Pictures/Pulm Picture/P345 Asthma Diagnosis.png,P345 Asthma Diagnosis.png,74dc1fcc4a3dd9a389f9c7a389e1760c345e848817428f4f2d069e50a7abb3aa,488,381,,REFERENCE_ONLY,"Visually reviewed in the complete candidate-sheet pass; not promoted because it duplicated an existing scored concept, depended on answer-revealing teaching text, functioned primarily as a reference table/diagram, or was less discriminating than the retained quiz image.",,
641,/Users/chriselwell/Desktop/Pulm/Pulm Pictures/Pulm Picture/P347 Asthma Pathology 01.png,P347 Asthma Pathology 01.png,d13f79f03b6284bf704fb14a6e460b6e1ca08d9b9ca17ee1c67859c5505ef5d1,495,422,,REFERENCE_ONLY,"Visually reviewed in the complete candidate-sheet pass; not promoted because it duplicated an existing scored concept, depended on answer-revealing teaching text, functioned primarily as a reference table/diagram, or was less discriminating than the retained quiz image.",,
642,/Users/chriselwell/Desktop/Pulm/Pulm Pictures/Pulm Picture/P347 Asthma Pathology 02.png,P347 Asthma Pathology 02.png,a1f7ddd3cdefa546a071ca478e7d78b09d20b34e38827fbea79957394a37ad62,495,423,,REFERENCE_ONLY,"Visually reviewed in the complete candidate-sheet pass; not promoted because it duplicated an existing scored concept, depended on answer-revealing teaching text, functioned primarily as a reference table/diagram, or was less discriminating than the retained quiz image.",,
643,/Users/chriselwell/Desktop/Pulm/Pulm Pictures/Pulm Picture/P348 Pulsus Paradoxus.png,P348 Pulsus Paradoxus.png,e59b653f3e04561d83fdc1909e17da82c2e728515c669bb5dadeaabbc5599957,503,598,,REFERENCE_ONLY,"Visually reviewed in the complete candidate-sheet pass; not promoted because it duplicated an existing scored concept, depended on answer-revealing teaching text, functioned primarily as a reference table/diagram, or was less discriminating than the retained quiz image.",,
644,/Users/chriselwell/Desktop/Pulm/Pulm Pictures/Pulm Picture/P350 Bronchiectasis 01.png,P350 Bronchiectasis 01.png,c140d68d8970d7d47f1c3ec215ab466f0961f8305444fdcc68a494422698e829,484,436,,REFERENCE_ONLY,"Visually reviewed in the complete candidate-sheet pass; not promoted because it duplicated an existing scored concept, depended on answer-revealing teaching text, functioned primarily as a reference table/diagram, or was less discriminating than the retained quiz image.",,
645,/Users/chriselwell/Desktop/Pulm/Pulm Pictures/Pulm Picture/P350 Bronchiectasis 02.png,P350 Bronchiectasis 02.png,f3517accf4610aa45fdff8a7fc817f23dc8b52d03804f2a233423d33feb749e6,641,851,,REFERENCE_ONLY,"Visually reviewed in the complete candidate-sheet pass; not promoted because it duplicated an existing scored concept, depended on answer-revealing teaching text, functioned primarily as a reference table/diagram, or was less discriminating than the retained quiz image.",,
646,/Users/chriselwell/Desktop/Pulm/Pulm Pictures/Pulm Picture/P353 Primary Ciliary Dyskinesia.png,P353 Primary Ciliary Dyskinesia.png,dc387739d6e0112cd2eb450c5e9b8b46b50b73060340147da9f33812b88004aa,488,280,,REFERENCE_ONLY,"Visually reviewed in the complete candidate-sheet pass; not promoted because it duplicated an existing scored concept, depended on answer-revealing teaching text, functioned primarily as a reference table/diagram, or was less discriminating than the retained quiz image.",,
647,/Users/chriselwell/Desktop/Pulm/Pulm Pictures/Pulm Picture/P354 Kartagener S Syndrome.png,P354 Kartagener S Syndrome.png,213e38e5429a1221f1c73265933f8396a6a4bdcd2bfd495bf8172a40cc02f42e,1005,877,,REFERENCE_ONLY,"Visually reviewed in the complete candidate-sheet pass; not promoted because it duplicated an existing scored concept, depended on answer-revealing teaching text, functioned primarily as a reference table/diagram, or was less discriminating than the retained quiz image.",,
648,/Users/chriselwell/Desktop/Pulm/Pulm Pictures/Pulm Picture/P356 ABPA - Allergic Bronchopulmonary Aspergillosis.png,P356 ABPA - Allergic Bronchopulmonary Aspergillosis.png,0a38f8f5f26e21568cbdbacc2ce859981a2181b106e8dd80e55edf47cc4750b3,495,351,,REFERENCE_ONLY,"Visually reviewed in the complete candidate-sheet pass; not promoted because it duplicated an existing scored concept, depended on answer-revealing teaching text, functioned primarily as a reference table/diagram, or was less discriminating than the retained quiz image.",,
649,/Users/chriselwell/Desktop/Pulm/Pulm Pictures/Pulm Picture/P357 ABPA - Allergic Bronchopulmonary Aspergillosis.png,P357 ABPA - Allergic Bronchopulmonary Aspergillosis.png,bf0072d30798d8d0d407bbf6c007cd37d338875ab39bb600fab2d565d095c4ae,484,550,,REFERENCE_ONLY,"Visually reviewed in the complete candidate-sheet pass; not promoted because it duplicated an existing scored concept, depended on answer-revealing teaching text, functioned primarily as a reference table/diagram, or was less discriminating than the retained quiz image.",,
650,/Users/chriselwell/Desktop/Pulm/Pulm Pictures/Pulm Picture/P362 Causes.png,P362 Causes.png,9de0859620c43303fb1f1aca0ba62a9ac2c8dcf3d4f67f4b73a03a8b649b3d55,650,591,,REFERENCE_ONLY,"Visually reviewed in the complete candidate-sheet pass; not promoted because it duplicated an existing scored concept, depended on answer-revealing teaching text, functioned primarily as a reference table/diagram, or was less discriminating than the retained quiz image.",,
651,/Users/chriselwell/Desktop/Pulm/Pulm Pictures/Pulm Picture/P363 Poor Breathing Mechanics.png,P363 Poor Breathing Mechanics.png,d0b8613944f549ceb00a21fcc4bebea835ad47df66a928a713765f15e8f58579,389,868,,REFERENCE_ONLY,"Visually reviewed in the complete candidate-sheet pass; not promoted because it duplicated an existing scored concept, depended on answer-revealing teaching text, functioned primarily as a reference table/diagram, or was less discriminating than the retained quiz image.",,
652,/Users/chriselwell/Desktop/Pulm/Pulm Pictures/Pulm Picture/P364 Interstitial Diseases.png,P364 Interstitial Diseases.png,3913dc8b0639760ef559a7ebf4d099aa3bb34eedc1bde152e3b20a7cdc609d2c,1244,1236,,REFERENCE_ONLY,"Visually reviewed in the complete candidate-sheet pass; not promoted because it duplicated an existing scored concept, depended on answer-revealing teaching text, functioned primarily as a reference table/diagram, or was less discriminating than the retained quiz image.",,
653,/Users/chriselwell/Desktop/Pulm/Pulm Pictures/Pulm Picture/P365 DLCO - Diffusing Capacity in the Lung of Carbon Monoxide.png,P365 DLCO - Diffusing Capacity in the Lung of Carbon Monoxide.png,f3593ed250678e2a7f1e34a171bb5e9b402bff34368e621d4638e68ba30f5001,521,1049,,REFERENCE_ONLY,"Visually reviewed in the complete candidate-sheet pass; not promoted because it duplicated an existing scored concept, depended on answer-revealing teaching text, functioned primarily as a reference table/diagram, or was less discriminating than the retained quiz image.",,
654,/Users/chriselwell/Desktop/Pulm/Pulm Pictures/Pulm Picture/P366 DLCO - Diffusing Capacity in Lung of Carbon Monoxide.png,P366 DLCO - Diffusing Capacity in Lung of Carbon Monoxide.png,7454aac0c06d3412bc49469ebf007155984aed483f5cbfe6e205176b1ac3d332,739,496,,REFERENCE_ONLY,"Visually reviewed in the complete candidate-sheet pass; not promoted because it duplicated an existing scored concept, depended on answer-revealing teaching text, functioned primarily as a reference table/diagram, or was less discriminating than the retained quiz image.",,
655,/Users/chriselwell/Desktop/Pulm/Pulm Pictures/Pulm Picture/P367 Low DLCO Conditions.png,P367 Low DLCO Conditions.png,56d42c5641f1f17886245b84076bd2b2addcbb734d57fe616e366b3fb36fb128,1173,1127,,REFERENCE_ONLY,"Visually reviewed in the complete candidate-sheet pass; not promoted because it duplicated an existing scored concept, depended on answer-revealing teaching text, functioned primarily as a reference table/diagram, or was less discriminating than the retained quiz image.",,
656,/Users/chriselwell/Desktop/Pulm/Pulm Pictures/Pulm Picture/P369 Interstitial Lung Disease 01.png,P369 Interstitial Lung Disease 01.png,7e263f8bb346c0963fc3a65b4311f2b95a04e69e2d5d9e7d500e7077afd85dc7,484,407,,REFERENCE_ONLY,"Visually reviewed in the complete candidate-sheet pass; not promoted because it duplicated an existing scored concept, depended on answer-revealing teaching text, functioned primarily as a reference table/diagram, or was less discriminating than the retained quiz image.",,
657,/Users/chriselwell/Desktop/Pulm/Pulm Pictures/Pulm Picture/P369 Interstitial Lung Disease 02.png,P369 Interstitial Lung Disease 02.png,645c9c4182c08d09acb4c0c7ec7e21b8a594ee18d89c886475d4902eee58a548,438,477,,REFERENCE_ONLY,"Visually reviewed in the complete candidate-sheet pass; not promoted because it duplicated an existing scored concept, depended on answer-revealing teaching text, functioned primarily as a reference table/diagram, or was less discriminating than the retained quiz image.",,
658,/Users/chriselwell/Desktop/Pulm/Pulm Pictures/Pulm Picture/P371 Idiopathic Interstitial Fibrosis.png,P371 Idiopathic Interstitial Fibrosis.png,8a4196c524895c8628f562406e4e83a537aaa85e472f25a0f04dd855499b435d,461,425,,REFERENCE_ONLY,"Visually reviewed in the complete candidate-sheet pass; not promoted because it duplicated an existing scored concept, depended on answer-revealing teaching text, functioned primarily as a reference table/diagram, or was less discriminating than the retained quiz image.",,
659,/Users/chriselwell/Desktop/Pulm/Pulm Pictures/Pulm Picture/P372 Pneumoconiosis - Occupational Lung Diseases.png,P372 Pneumoconiosis - Occupational Lung Diseases.png,e408465c190ca00a7f028ff9b0cad4ce04753d33af23665fd3d20bb07dbbb18a,1593,1062,,REFERENCE_ONLY,"Visually reviewed in the complete candidate-sheet pass; not promoted because it duplicated an existing scored concept, depended on answer-revealing teaching text, functioned primarily as a reference table/diagram, or was less discriminating than the retained quiz image.",,
660,/Users/chriselwell/Desktop/Pulm/Pulm Pictures/Pulm Picture/P373 Coal Miner S Lung.png,P373 Coal Miner S Lung.png,7947307e27940f0a57e7131770b12277a57dbfe720e573d533b73c8985454153,520,748,,REFERENCE_ONLY,"Visually reviewed in the complete candidate-sheet pass; not promoted because it duplicated an existing scored concept, depended on answer-revealing teaching text, functioned primarily as a reference table/diagram, or was less discriminating than the retained quiz image.",,
661,/Users/chriselwell/Desktop/Pulm/Pulm Pictures/Pulm Picture/P374 Silicosis.png,P374 Silicosis.png,59bb4719b3ba399f555781cdfddf588b00570ec1d902b039baa79544ccb1c690,1071,713,,REFERENCE_ONLY,"Visually reviewed in the complete candidate-sheet pass; not promoted because it duplicated an existing scored concept, depended on answer-revealing teaching text, functioned primarily as a reference table/diagram, or was less discriminating than the retained quiz image.",,
662,/Users/chriselwell/Desktop/Pulm/Pulm Pictures/Pulm Picture/P375 Silicosis.png,P375 Silicosis.png,a2421e8dcce2f5707efd44a266032d65a699c962c42baf23afe1040b408622cd,870,339,,REFERENCE_ONLY,"Visually reviewed in the complete candidate-sheet pass; not promoted because it duplicated an existing scored concept, depended on answer-revealing teaching text, functioned primarily as a reference table/diagram, or was less discriminating than the retained quiz image.",,
663,/Users/chriselwell/Desktop/Pulm/Pulm Pictures/Pulm Picture/P376 Silicosis.png,P376 Silicosis.png,0ff591e9260ddd031a5cbf6d9f0bb92d7c18791508d7c4d7c65ed02130cf6799,906,896,,REFERENCE_ONLY,"Visually reviewed in the complete candidate-sheet pass; not promoted because it duplicated an existing scored concept, depended on answer-revealing teaching text, functioned primarily as a reference table/diagram, or was less discriminating than the retained quiz image.",,
664,/Users/chriselwell/Desktop/Pulm/Pulm Pictures/Pulm Picture/P377 Asbestosis.png,P377 Asbestosis.png,079cabff0b64d8e76e91fd9153edd62b222beead6e321b0da63ea48a65ea41b5,1279,856,,REFERENCE_ONLY,"Visually reviewed in the complete candidate-sheet pass; not promoted because it duplicated an existing scored concept, depended on answer-revealing teaching text, functioned primarily as a reference table/diagram, or was less discriminating than the retained quiz image.",,
665,/Users/chriselwell/Desktop/Pulm/Pulm Pictures/Pulm Picture/P378 Asbestosis 01.png,P378 Asbestosis 01.png,c15825cc27167eaef49ba9432982083004db67abe1a0eb3afde6ec4394c81305,510,555,,REFERENCE_ONLY,"Visually reviewed in the complete candidate-sheet pass; not promoted because it duplicated an existing scored concept, depended on answer-revealing teaching text, functioned primarily as a reference table/diagram, or was less discriminating than the retained quiz image.",,
666,/Users/chriselwell/Desktop/Pulm/Pulm Pictures/Pulm Picture/P378 Asbestosis 02.png,P378 Asbestosis 02.png,0b95cb57eb4422dc8f2fe911e8b404588fb842c112796687165b37b9eb7e905a,450,403,,REFERENCE_ONLY,"Visually reviewed in the complete candidate-sheet pass; not promoted because it duplicated an existing scored concept, depended on answer-revealing teaching text, functioned primarily as a reference table/diagram, or was less discriminating than the retained quiz image.",,
667,/Users/chriselwell/Desktop/Pulm/Pulm Pictures/Pulm Picture/P379 Asbestosis.png,P379 Asbestosis.png,f6020aad54613a753062b17403ce55f62207c47b69a92d9a55473be3a4333d57,923,796,,REFERENCE_ONLY,"Visually reviewed in the complete candidate-sheet pass; not promoted because it duplicated an existing scored concept, depended on answer-revealing teaching text, functioned primarily as a reference table/diagram, or was less discriminating than the retained quiz image.",,
668,/Users/chriselwell/Desktop/Pulm/Pulm Pictures/Pulm Picture/P380 Drug Toxicity.png,P380 Drug Toxicity.png,c8ad4a62ffb78bcdb8a3ef3e464127cd733c9a99c9d989205c45fad9f59dd117,1015,587,,REFERENCE_ONLY,"Visually reviewed in the complete candidate-sheet pass; not promoted because it duplicated an existing scored concept, depended on answer-revealing teaching text, functioned primarily as a reference table/diagram, or was less discriminating than the retained quiz image.",,
669,/Users/chriselwell/Desktop/Pulm/Pulm Pictures/Pulm Picture/P381 Hypersensitivity Pneumonitis.png,P381 Hypersensitivity Pneumonitis.png,39da72aea727f8fa53934041cc8c35c9c965620907b8d465fdf477b3f8b9924f,1080,714,,REFERENCE_ONLY,"Visually reviewed in the complete candidate-sheet pass; not promoted because it duplicated an existing scored concept, depended on answer-revealing teaching text, functioned primarily as a reference table/diagram, or was less discriminating than the retained quiz image.",,
670,/Users/chriselwell/Desktop/Pulm/Pulm Pictures/Pulm Picture/P382 Hypersensitivity Pneumonitis.png,P382 Hypersensitivity Pneumonitis.png,0031ca19f36d41cd0d60f3346cbc48499727cda20c9c2a61e5e1d31adf6d872e,495,423,,REFERENCE_ONLY,"Visually reviewed in the complete candidate-sheet pass; not promoted because it duplicated an existing scored concept, depended on answer-revealing teaching text, functioned primarily as a reference table/diagram, or was less discriminating than the retained quiz image.",,
671,/Users/chriselwell/Desktop/Pulm/Pulm Pictures/Pulm Picture/P384 Radiation Induced Lung Injury.png,P384 Radiation Induced Lung Injury.png,1805ba7bab03ac01ad5102db5d495a9f65c2950acd51e29f9ad6bdb265c17309,473,315,,REFERENCE_ONLY,"Visually reviewed in the complete candidate-sheet pass; not promoted because it duplicated an existing scored concept, depended on answer-revealing teaching text, functioned primarily as a reference table/diagram, or was less discriminating than the retained quiz image.",,
672,/Users/chriselwell/Desktop/Pulm/Pulm Pictures/Pulm Picture/P387 Eta-2 Agonists.png,P387 Eta-2 Agonists.png,026f024dff091ac7d4c12fc37e194173ddeb6f50e06e68e6e98f91bdef81ad9f,400,266,,REFERENCE_ONLY,"Visually reviewed in the complete candidate-sheet pass; not promoted because it duplicated an existing scored concept, depended on answer-revealing teaching text, functioned primarily as a reference table/diagram, or was less discriminating than the retained quiz image.",,
673,/Users/chriselwell/Desktop/Pulm/Pulm Pictures/Pulm Picture/P395 Targeted COPD Drugs.png,P395 Targeted COPD Drugs.png,59304807176ae300e4d89b688dc2710f16d2d108fce06e29e22c444bf641e77a,873,646,,REFERENCE_ONLY,"Visually reviewed in the complete candidate-sheet pass; not promoted because it duplicated an existing scored concept, depended on answer-revealing teaching text, functioned primarily as a reference table/diagram, or was less discriminating than the retained quiz image.",,
674,/Users/chriselwell/Desktop/Pulm/Pulm Pictures/Pulm Picture/P396 Methylxanthines.png,P396 Methylxanthines.png,e0bee16ec16bb3138db2c210d4476bd5c6127771c8c1d1901c58998b9041e5b8,581,424,,REFERENCE_ONLY,"Visually reviewed in the complete candidate-sheet pass; not promoted because it duplicated an existing scored concept, depended on answer-revealing teaching text, functioned primarily as a reference table/diagram, or was less discriminating than the retained quiz image.",,
675,/Users/chriselwell/Desktop/Pulm/Pulm Pictures/Pulm Picture/P399 Theophylline.png,P399 Theophylline.png,f5e00cce4ea018bd65ceb5506381e7ac6b0557fce879ee8c5bf2e2c459a3249b,1441,862,,REFERENCE_ONLY,"Visually reviewed in the complete candidate-sheet pass; not promoted because it duplicated an existing scored concept, depended on answer-revealing teaching text, functioned primarily as a reference table/diagram, or was less discriminating than the retained quiz image.",,
676,/Users/chriselwell/Desktop/Pulm/Pulm Pictures/Pulm Picture/P408 Surgical Treatment.png,P408 Surgical Treatment.png,a378756df9f45991f5bb5812ecbe5d50d34642648ad8f3c53a592f78383946b1,826,1009,,REFERENCE_ONLY,"Visually reviewed in the complete candidate-sheet pass; not promoted because it duplicated an existing scored concept, depended on answer-revealing teaching text, functioned primarily as a reference table/diagram, or was less discriminating than the retained quiz image.",,
677,/Users/chriselwell/Desktop/Pulm/Pulm Pictures/Pulm Picture/P410 Pneumonia.png,P410 Pneumonia.png,42394b4cf19162325ab56696b6d6024b977258444e9f7887ce1b66d869e84813,1398,983,,REFERENCE_ONLY,"Visually reviewed in the complete candidate-sheet pass; not promoted because it duplicated an existing scored concept, depended on answer-revealing teaching text, functioned primarily as a reference table/diagram, or was less discriminating than the retained quiz image.",,
678,/Users/chriselwell/Desktop/Pulm/Pulm Pictures/Pulm Picture/P411 Lobar Pneumonia.png,P411 Lobar Pneumonia.png,a393109d3ac45f9d127fa76551789dfd8e4ff68d981e033612e5a14da8e8c50b,1024,1024,,REFERENCE_ONLY,"Visually reviewed in the complete candidate-sheet pass; not promoted because it duplicated an existing scored concept, depended on answer-revealing teaching text, functioned primarily as a reference table/diagram, or was less discriminating than the retained quiz image.",,
679,/Users/chriselwell/Desktop/Pulm/Pulm Pictures/Pulm Picture/P412 Lobar Pneumonia.png,P412 Lobar Pneumonia.png,5b62b21421ad51f47b7852e0279acf4346a33af762f821085bb70f0989dc025c,520,503,,REFERENCE_ONLY,"Visually reviewed in the complete candidate-sheet pass; not promoted because it duplicated an existing scored concept, depended on answer-revealing teaching text, functioned primarily as a reference table/diagram, or was less discriminating than the retained quiz image.",,
680,/Users/chriselwell/Desktop/Pulm/Pulm Pictures/Pulm Picture/P415 Bronchopneumonia 01.png,P415 Bronchopneumonia 01.png,5419a4a299d52b949b9de1b5418571ce6e4d81267824a663cd8c6522dd39428b,450,447,,REFERENCE_ONLY,"Visually reviewed in the complete candidate-sheet pass; not promoted because it duplicated an existing scored concept, depended on answer-revealing teaching text, functioned primarily as a reference table/diagram, or was less discriminating than the retained quiz image.",,
681,/Users/chriselwell/Desktop/Pulm/Pulm Pictures/Pulm Picture/P415 Bronchopneumonia 02.png,P415 Bronchopneumonia 02.png,a54af31cd2eb91badda7a06b8be57d8bcec15d36ee5115408b5146810123af23,764,642,,REFERENCE_ONLY,"Visually reviewed in the complete candidate-sheet pass; not promoted because it duplicated an existing scored concept, depended on answer-revealing teaching text, functioned primarily as a reference table/diagram, or was less discriminating than the retained quiz image.",,
682,/Users/chriselwell/Desktop/Pulm/Pulm Pictures/Pulm Picture/P416 Interstitial Pneumonia.png,P416 Interstitial Pneumonia.png,6df10f335af9e135b9447e96d7ffa36e945c96c35a55586e0fe1cf384902d112,520,501,,REFERENCE_ONLY,"Visually reviewed in the complete candidate-sheet pass; not promoted because it duplicated an existing scored concept, depended on answer-revealing teaching text, functioned primarily as a reference table/diagram, or was less discriminating than the retained quiz image.",,
683,/Users/chriselwell/Desktop/Pulm/Pulm Pictures/Pulm Picture/P419 Causes of Pneumonia - Adults.png,P419 Causes of Pneumonia - Adults.png,0ef4205a05b5444bf26a7d66387dbfeada0404a9c06e8c9fff39fdb9b736b706,869,579,,REFERENCE_ONLY,"Visually reviewed in the complete candidate-sheet pass; not promoted because it duplicated an existing scored concept, depended on answer-revealing teaching text, functioned primarily as a reference table/diagram, or was less discriminating than the retained quiz image.",,
684,/Users/chriselwell/Desktop/Pulm/Pulm Pictures/Pulm Picture/P420 Causes of Pneumonia - Adults.png,P420 Causes of Pneumonia - Adults.png,b486456eca881da0e94894de8f2883389c39dd901ff553cdce800a9d20e08524,723,546,,REFERENCE_ONLY,"Visually reviewed in the complete candidate-sheet pass; not promoted because it duplicated an existing scored concept, depended on answer-revealing teaching text, functioned primarily as a reference table/diagram, or was less discriminating than the retained quiz image.",,
685,/Users/chriselwell/Desktop/Pulm/Pulm Pictures/Pulm Picture/P421 Signs Symptoms.png,P421 Signs Symptoms.png,8e6be9790ff6baa9a245b9bcf5ee6dc8958bbccbc11f11de6f6303dda7519966,1180,1134,,REFERENCE_ONLY,"Visually reviewed in the complete candidate-sheet pass; not promoted because it duplicated an existing scored concept, depended on answer-revealing teaching text, functioned primarily as a reference table/diagram, or was less discriminating than the retained quiz image.",,
686,/Users/chriselwell/Desktop/Pulm/Pulm Pictures/Pulm Picture/P422 Diagnosis 01.png,P422 Diagnosis 01.png,d622c39b22dbf639b72315632a49521dedf5bd3d550c9bf7cc508a19c0f6a035,426,371,,REFERENCE_ONLY,"Visually reviewed in the complete candidate-sheet pass; not promoted because it duplicated an existing scored concept, depended on answer-revealing teaching text, functioned primarily as a reference table/diagram, or was less discriminating than the retained quiz image.",,
687,/Users/chriselwell/Desktop/Pulm/Pulm Pictures/Pulm Picture/P422 Diagnosis 02.png,P422 Diagnosis 02.png,be10d27bc7e6ad45ff14090731f91106cac967da824db49aec9967b4d31fa2d0,426,371,,REFERENCE_ONLY,"Visually reviewed in the complete candidate-sheet pass; not promoted because it duplicated an existing scored concept, depended on answer-revealing teaching text, functioned primarily as a reference table/diagram, or was less discriminating than the retained quiz image.",,
688,/Users/chriselwell/Desktop/Pulm/Pulm Pictures/Pulm Picture/P424 Community Acquired PNA - Uncomplicated.png,P424 Community Acquired PNA - Uncomplicated.png,8793e942b47ba137c0bd2255f83dda23a819ab28e03968c58e4053dce538248a,936,720,,REFERENCE_ONLY,"Visually reviewed in the complete candidate-sheet pass; not promoted because it duplicated an existing scored concept, depended on answer-revealing teaching text, functioned primarily as a reference table/diagram, or was less discriminating than the retained quiz image.",,
689,/Users/chriselwell/Desktop/Pulm/Pulm Pictures/Pulm Picture/P425 Community Acquired PNA - Complicated.png,P425 Community Acquired PNA - Complicated.png,9ca9f6624975b8a1435f011f215710930bd355d1351a023c189f1d27ad8fc6df,1187,814,,REFERENCE_ONLY,"Visually reviewed in the complete candidate-sheet pass; not promoted because it duplicated an existing scored concept, depended on answer-revealing teaching text, functioned primarily as a reference table/diagram, or was less discriminating than the retained quiz image.",,
690,/Users/chriselwell/Desktop/Pulm/Pulm Pictures/Pulm Picture/P426 Nosocomial Pneumonia.png,P426 Nosocomial Pneumonia.png,f7b6fb0db3d213a5d424b32a82a2d643972218d1aab72398770adf472dc8f452,902,601,,REFERENCE_ONLY,"Visually reviewed in the complete candidate-sheet pass; not promoted because it duplicated an existing scored concept, depended on answer-revealing teaching text, functioned primarily as a reference table/diagram, or was less discriminating than the retained quiz image.",,
691,/Users/chriselwell/Desktop/Pulm/Pulm Pictures/Pulm Picture/P427 Complications.png,P427 Complications.png,a773e2cde502b72869e0f11d5d0ea2ee9685a59f28f78095271c83f2fb5dc929,1233,1108,,REFERENCE_ONLY,"Visually reviewed in the complete candidate-sheet pass; not promoted because it duplicated an existing scored concept, depended on answer-revealing teaching text, functioned primarily as a reference table/diagram, or was less discriminating than the retained quiz image.",,
692,/Users/chriselwell/Desktop/Pulm/Pulm Pictures/Pulm Picture/P428 ARDS - Acute Respiratory Distress Syndrome.png,P428 ARDS - Acute Respiratory Distress Syndrome.png,d0716cbddd412af08d0498cca533ba210c52fe93cd36d572dc4b926dfa031d79,439,355,,REFERENCE_ONLY,"Visually reviewed in the complete candidate-sheet pass; not promoted because it duplicated an existing scored concept, depended on answer-revealing teaching text, functioned primarily as a reference table/diagram, or was less discriminating than the retained quiz image.",,
693,/Users/chriselwell/Desktop/Pulm/Pulm Pictures/Pulm Picture/P432 ARDS - Diagnostic Criteria.png,P432 ARDS - Diagnostic Criteria.png,467f0fb694673691562239f5b97fc1fe162148c04cdf6d8d9604c7c7cd21c90a,687,558,,REFERENCE_ONLY,"Visually reviewed in the complete candidate-sheet pass; not promoted because it duplicated an existing scored concept, depended on answer-revealing teaching text, functioned primarily as a reference table/diagram, or was less discriminating than the retained quiz image.",,
694,/Users/chriselwell/Desktop/Pulm/Pulm Pictures/Pulm Picture/P435 Legionella.png,P435 Legionella.png,c2cef3304fc65b32e4dca7dd2d2e74c44bad460fea61d5965669f122e79b0d83,1135,514,,REFERENCE_ONLY,"Visually reviewed in the complete candidate-sheet pass; not promoted because it duplicated an existing scored concept, depended on answer-revealing teaching text, functioned primarily as a reference table/diagram, or was less discriminating than the retained quiz image.",,
695,/Users/chriselwell/Desktop/Pulm/Pulm Pictures/Pulm Picture/P436 Legionella - Symptoms.png,P436 Legionella - Symptoms.png,24daf0e385e946b3d464f683fa6e0ad89ab056a72a534a75b413f6fbdc702362,986,997,,REFERENCE_ONLY,"Visually reviewed in the complete candidate-sheet pass; not promoted because it duplicated an existing scored concept, depended on answer-revealing teaching text, functioned primarily as a reference table/diagram, or was less discriminating than the retained quiz image.",,
696,/Users/chriselwell/Desktop/Pulm/Pulm Pictures/Pulm Picture/P437 Legionella - Diagnosis.png,P437 Legionella - Diagnosis.png,954a390ef0bd9f59860b3a1fece5ec78df2e44a24bf2d835614f57a0a29f9b14,794,604,,REFERENCE_ONLY,"Visually reviewed in the complete candidate-sheet pass; not promoted because it duplicated an existing scored concept, depended on answer-revealing teaching text, functioned primarily as a reference table/diagram, or was less discriminating than the retained quiz image.",,
697,/Users/chriselwell/Desktop/Pulm/Pulm Pictures/Pulm Picture/P438 Legionella - Diagnosis.png,P438 Legionella - Diagnosis.png,6ccd692cdb15a509d89e19af49b870ccbbba305a9709863bb72731cca1fe6739,1016,543,,REFERENCE_ONLY,"Visually reviewed in the complete candidate-sheet pass; not promoted because it duplicated an existing scored concept, depended on answer-revealing teaching text, functioned primarily as a reference table/diagram, or was less discriminating than the retained quiz image.",,
698,/Users/chriselwell/Desktop/Pulm/Pulm Pictures/Pulm Picture/P446 RSV - Respiratory Syncytial Virus.png,P446 RSV - Respiratory Syncytial Virus.png,365ede17b6ba746dd0e79c128b8fe8526f4adb2228bb87815c82e6a2f1d40aef,419,826,,REFERENCE_ONLY,"Visually reviewed in the complete candidate-sheet pass; not promoted because it duplicated an existing scored concept, depended on answer-revealing teaching text, functioned primarily as a reference table/diagram, or was less discriminating than the retained quiz image.",,
699,/Users/chriselwell/Desktop/Pulm/Pulm Pictures/Pulm Picture/P448 Aspiration Pneumonia.png,P448 Aspiration Pneumonia.png,fa553e89436a21e6f92a25fa76a4595a89ed4ed7f55e24519021fa85cd632d50,1015,794,,REFERENCE_ONLY,"Visually reviewed in the complete candidate-sheet pass; not promoted because it duplicated an existing scored concept, depended on answer-revealing teaching text, functioned primarily as a reference table/diagram, or was less discriminating than the retained quiz image.",,
700,/Users/chriselwell/Desktop/Pulm/Pulm Pictures/Pulm Picture/P452 Pneumocystis Jirovecii Pneumonia.png,P452 Pneumocystis Jirovecii Pneumonia.png,23639bd94577485e421861764c69e5192bc50db59130959fa108f6ed498c9aed,280,288,,REFERENCE_ONLY,"Visually reviewed in the complete candidate-sheet pass; not promoted because it duplicated an existing scored concept, depended on answer-revealing teaching text, functioned primarily as a reference table/diagram, or was less discriminating than the retained quiz image.",,
701,/Users/chriselwell/Desktop/Pulm/Pulm Pictures/Pulm Picture/P453 Pneumocystis Jirovecii Pneumonia.png,P453 Pneumocystis Jirovecii Pneumonia.png,e68f3ca07f27d704b79c31a9537de52c2150a429e56b480fb0e724c7b747d22c,742,604,,REFERENCE_ONLY,"Visually reviewed in the complete candidate-sheet pass; not promoted because it duplicated an existing scored concept, depended on answer-revealing teaching text, functioned primarily as a reference table/diagram, or was less discriminating than the retained quiz image.",,
702,/Users/chriselwell/Desktop/Pulm/Pulm Pictures/Pulm Picture/P456 What Are the Pleura.png,P456 What Are the Pleura.png,94a7ede74cc3455616e86ef3cf75992f9ae79b8b1100cc26fa6f08b3000e4572,703,690,,REFERENCE_ONLY,"Visually reviewed in the complete candidate-sheet pass; not promoted because it duplicated an existing scored concept, depended on answer-revealing teaching text, functioned primarily as a reference table/diagram, or was less discriminating than the retained quiz image.",,
703,/Users/chriselwell/Desktop/Pulm/Pulm Pictures/Pulm Picture/P457 Pneumothorax - PTX.png,P457 Pneumothorax - PTX.png,b796a21fa9a1aabff01e04dfa7470dd3c4b6965998f57810acb22ef30575ebad,2098,1252,,REFERENCE_ONLY,"Visually reviewed in the complete candidate-sheet pass; not promoted because it duplicated an existing scored concept, depended on answer-revealing teaching text, functioned primarily as a reference table/diagram, or was less discriminating than the retained quiz image.",,
704,/Users/chriselwell/Desktop/Pulm/Pulm Pictures/Pulm Picture/P458 Spontaneous PTX.png,P458 Spontaneous PTX.png,932a5e48cf5bacd4cf847299a93822c9cb671452dac84cf35e6a120b90c10651,1158,1145,,REFERENCE_ONLY,"Visually reviewed in the complete candidate-sheet pass; not promoted because it duplicated an existing scored concept, depended on answer-revealing teaching text, functioned primarily as a reference table/diagram, or was less discriminating than the retained quiz image.",,
705,/Users/chriselwell/Desktop/Pulm/Pulm Pictures/Pulm Picture/P459 Spontaneous PTX - Clinical Features and Diagnosis.png,P459 Spontaneous PTX - Clinical Features and Diagnosis.png,e1e00c1b38b0d3be4f584b8037a5b6153fac89b16be112a8510730a42ec10c96,661,597,,REFERENCE_ONLY,"Visually reviewed in the complete candidate-sheet pass; not promoted because it duplicated an existing scored concept, depended on answer-revealing teaching text, functioned primarily as a reference table/diagram, or was less discriminating than the retained quiz image.",,
706,/Users/chriselwell/Desktop/Pulm/Pulm Pictures/Pulm Picture/P460 Pneumothorax - Treatment.png,P460 Pneumothorax - Treatment.png,eeef96b643b6291e8d5c0074c5db6de41b807f33cc4b0b0b8772ec2fa17ac7e0,1257,625,,REFERENCE_ONLY,"Visually reviewed in the complete candidate-sheet pass; not promoted because it duplicated an existing scored concept, depended on answer-revealing teaching text, functioned primarily as a reference table/diagram, or was less discriminating than the retained quiz image.",,
707,/Users/chriselwell/Desktop/Pulm/Pulm Pictures/Pulm Picture/P461 Tension PTX.png,P461 Tension PTX.png,c864d4b8717f9cabd3f66a64aa95383d724ead25b4d844325d4959d0ddaac991,1156,959,,REFERENCE_ONLY,"Visually reviewed in the complete candidate-sheet pass; not promoted because it duplicated an existing scored concept, depended on answer-revealing teaching text, functioned primarily as a reference table/diagram, or was less discriminating than the retained quiz image.",,
708,/Users/chriselwell/Desktop/Pulm/Pulm Pictures/Pulm Picture/P463 Atelectasis - Alveolar Collapse.png,P463 Atelectasis - Alveolar Collapse.png,f701e88fb038a4c496c4c834b65f9af03356541fbc6c75e79993ab310e8b423b,510,453,,REFERENCE_ONLY,"Visually reviewed in the complete candidate-sheet pass; not promoted because it duplicated an existing scored concept, depended on answer-revealing teaching text, functioned primarily as a reference table/diagram, or was less discriminating than the retained quiz image.",,
709,/Users/chriselwell/Desktop/Pulm/Pulm Pictures/Pulm Picture/P466 Pleural Effusion.png,P466 Pleural Effusion.png,c1747b770ad026eae7dc9f36e92a5d3304d1c292452d8a81c267e11234a34e9c,417,485,,REFERENCE_ONLY,"Visually reviewed in the complete candidate-sheet pass; not promoted because it duplicated an existing scored concept, depended on answer-revealing teaching text, functioned primarily as a reference table/diagram, or was less discriminating than the retained quiz image.",,
710,/Users/chriselwell/Desktop/Pulm/Pulm Pictures/Pulm Picture/P470 Transudative Effusions.png,P470 Transudative Effusions.png,85da69770a4e86f555bbabf4484608dd1d269b262b78f88f445155b42cc9bf3b,748,558,,REFERENCE_ONLY,"Visually reviewed in the complete candidate-sheet pass; not promoted because it duplicated an existing scored concept, depended on answer-revealing teaching text, functioned primarily as a reference table/diagram, or was less discriminating than the retained quiz image.",,
711,/Users/chriselwell/Desktop/Pulm/Pulm Pictures/Pulm Picture/P474 Lymphatic Effusions - Chylothorax.png,P474 Lymphatic Effusions - Chylothorax.png,37b8a692860e9aae3b4bf795fc6918edf465787fc1aa2b720afa5508c98f6ccf,410,558,,REFERENCE_ONLY,"Visually reviewed in the complete candidate-sheet pass; not promoted because it duplicated an existing scored concept, depended on answer-revealing teaching text, functioned primarily as a reference table/diagram, or was less discriminating than the retained quiz image.",,
712,/Users/chriselwell/Desktop/Pulm/Pulm Pictures/Pulm Picture/P475 Other Effusions.png,P475 Other Effusions.png,67e15ad5b806f738dcbedeb5f9bbbf125a40df6ce099dcec8baf85e21b59100b,1233,947,,REFERENCE_ONLY,"Visually reviewed in the complete candidate-sheet pass; not promoted because it duplicated an existing scored concept, depended on answer-revealing teaching text, functioned primarily as a reference table/diagram, or was less discriminating than the retained quiz image.",,
713,/Users/chriselwell/Desktop/Pulm/Pulm Pictures/Pulm Picture/P476 Mesothelioma.png,P476 Mesothelioma.png,8ef93ee7081c29d381054ee6280b19e116010d51435c06970277933b18721cc7,911,682,,REFERENCE_ONLY,"Visually reviewed in the complete candidate-sheet pass; not promoted because it duplicated an existing scored concept, depended on answer-revealing teaching text, functioned primarily as a reference table/diagram, or was less discriminating than the retained quiz image.",,
714,/Users/chriselwell/Desktop/Pulm/Pulm Pictures/Pulm Picture/P478 Common Cancers.png,P478 Common Cancers.png,55bfbc52e5693b18ccde0dab1f5541f60a90d2c80174f95b6fa3ee4764bc2f3b,510,652,,REFERENCE_ONLY,"Visually reviewed in the complete candidate-sheet pass; not promoted because it duplicated an existing scored concept, depended on answer-revealing teaching text, functioned primarily as a reference table/diagram, or was less discriminating than the retained quiz image.",,
715,/Users/chriselwell/Desktop/Pulm/Pulm Pictures/Pulm Picture/P481 Diagnosis.png,P481 Diagnosis.png,5c23a5df65f7783698b5ba105da73b6f76a0e8b3e74bbe044931292a8adba67c,1550,1033,,REFERENCE_ONLY,"Visually reviewed in the complete candidate-sheet pass; not promoted because it duplicated an existing scored concept, depended on answer-revealing teaching text, functioned primarily as a reference table/diagram, or was less discriminating than the retained quiz image.",,
716,/Users/chriselwell/Desktop/Pulm/Pulm Pictures/Pulm Picture/P482 Benign Pulmonary Nodules 01.png,P482 Benign Pulmonary Nodules 01.png,61a77e9dd7efed322bfe57454ba95e25abc342073f5332684843c5c22ac6121d,520,443,,REFERENCE_ONLY,"Visually reviewed in the complete candidate-sheet pass; not promoted because it duplicated an existing scored concept, depended on answer-revealing teaching text, functioned primarily as a reference table/diagram, or was less discriminating than the retained quiz image.",,
717,/Users/chriselwell/Desktop/Pulm/Pulm Pictures/Pulm Picture/P482 Benign Pulmonary Nodules 02.png,P482 Benign Pulmonary Nodules 02.png,3ecb05f95bd6c5d5159b6c37e1b58a155076975700cdc7e36b45fc911fef03e8,520,500,,REFERENCE_ONLY,"Visually reviewed in the complete candidate-sheet pass; not promoted because it duplicated an existing scored concept, depended on answer-revealing teaching text, functioned primarily as a reference table/diagram, or was less discriminating than the retained quiz image.",,
718,/Users/chriselwell/Desktop/Pulm/Pulm Pictures/Pulm Picture/P483 Lung Cancers.png,P483 Lung Cancers.png,6741dfd4d0127acb59ae961ce1c309716968ebd3aaa549eb54bbf84273a1dd7b,1222,982,,REFERENCE_ONLY,"Visually reviewed in the complete candidate-sheet pass; not promoted because it duplicated an existing scored concept, depended on answer-revealing teaching text, functioned primarily as a reference table/diagram, or was less discriminating than the retained quiz image.",,
719,/Users/chriselwell/Desktop/Pulm/Pulm Pictures/Pulm Picture/P484 Small Cell Cancer.png,P484 Small Cell Cancer.png,e4bb4c2e1171fe6b5e8ed554db6b2d254b71c802e011a281a7f27d3b178a5d85,252,189,,REFERENCE_ONLY,"Visually reviewed in the complete candidate-sheet pass; not promoted because it duplicated an existing scored concept, depended on answer-revealing teaching text, functioned primarily as a reference table/diagram, or was less discriminating than the retained quiz image.",,
720,/Users/chriselwell/Desktop/Pulm/Pulm Pictures/Pulm Picture/P486 Small Cell Cancer - Paraneoplastic Syndromes.png,P486 Small Cell Cancer - Paraneoplastic Syndromes.png,b2c4bdb0515849fb305b95678318124553b4693fc52312d19068730a618aaf52,745,627,,REFERENCE_ONLY,"Visually reviewed in the complete candidate-sheet pass; not promoted because it duplicated an existing scored concept, depended on answer-revealing teaching text, functioned primarily as a reference table/diagram, or was less discriminating than the retained quiz image.",,
721,/Users/chriselwell/Desktop/Pulm/Pulm Pictures/Pulm Picture/P492 Bronchioloalveolar Carcinoma.png,P492 Bronchioloalveolar Carcinoma.png,9c22c96cf50e3fe6f437f4d27533aeba8adc4079d7b75382d9198c6bccbdca9e,691,621,,REFERENCE_ONLY,"Visually reviewed in the complete candidate-sheet pass; not promoted because it duplicated an existing scored concept, depended on answer-revealing teaching text, functioned primarily as a reference table/diagram, or was less discriminating than the retained quiz image.",,
722,/Users/chriselwell/Desktop/Pulm/Pulm Pictures/Pulm Picture/P493 Bronchioloalveolar Carcinoma 01.png,P493 Bronchioloalveolar Carcinoma 01.png,609e1a5d9b4fd03933efda66f5497e708869576674138364614818565d8293ab,495,315,,REFERENCE_ONLY,"Visually reviewed in the complete candidate-sheet pass; not promoted because it duplicated an existing scored concept, depended on answer-revealing teaching text, functioned primarily as a reference table/diagram, or was less discriminating than the retained quiz image.",,
723,/Users/chriselwell/Desktop/Pulm/Pulm Pictures/Pulm Picture/P493 Bronchioloalveolar Carcinoma 02.png,P493 Bronchioloalveolar Carcinoma 02.png,9dfeba1f71fd9a8fb1ae7b2af38627c1bdfe5fc81dada8c45a10e2811ffc053d,502,390,,REFERENCE_ONLY,"Visually reviewed in the complete candidate-sheet pass; not promoted because it duplicated an existing scored concept, depended on answer-revealing teaching text, functioned primarily as a reference table/diagram, or was less discriminating than the retained quiz image.",,
724,/Users/chriselwell/Desktop/Pulm/Pulm Pictures/Pulm Picture/P494 Large Cell Carcinoma.png,P494 Large Cell Carcinoma.png,7854040e8b4e05b1e72c7633814af290634bcc8fc806a5da2e5ae78645fadd45,495,418,,REFERENCE_ONLY,"Visually reviewed in the complete candidate-sheet pass; not promoted because it duplicated an existing scored concept, depended on answer-revealing teaching text, functioned primarily as a reference table/diagram, or was less discriminating than the retained quiz image.",,
725,/Users/chriselwell/Desktop/Pulm/Pulm Pictures/Pulm Picture/P497 Complications.png,P497 Complications.png,1035bdf5e99b035891b22964912858c6fd9cae848a7e0699c6469fe28204742b,484,450,,REFERENCE_ONLY,"Visually reviewed in the complete candidate-sheet pass; not promoted because it duplicated an existing scored concept, depended on answer-revealing teaching text, functioned primarily as a reference table/diagram, or was less discriminating than the retained quiz image.",,
726,/Users/chriselwell/Desktop/Pulm/Pulm Pictures/Pulm Picture/P499 Pancoast Tumor.png,P499 Pancoast Tumor.png,52bf247baba843fd7497a6d372ac533dbe0df275169eed65c05eb34b53338607,902,906,,REFERENCE_ONLY,"Visually reviewed in the complete candidate-sheet pass; not promoted because it duplicated an existing scored concept, depended on answer-revealing teaching text, functioned primarily as a reference table/diagram, or was less discriminating than the retained quiz image.",,
727,/Users/chriselwell/Desktop/Pulm/Pulm Pictures/Pulm Picture/P500 Superior Vena Cava Syndrome.png,P500 Superior Vena Cava Syndrome.png,60c29f1353b4483c89e50b5835451b8aeb0be9fb59af4d7893f4e44969793a32,520,382,,ADDED_SCORED,The two-part diagram jointly depicts central thoracic venous obstruction and the characteristic upper-body venous-congestion findings.,q_623e3a884053,public/assets/images/quiz_42499363df3363b6.png
728,/Users/chriselwell/Desktop/Pulm/Pulm Pictures/Pulm Picture/P502 Superior Vena Cava Syndrome.png,P502 Superior Vena Cava Syndrome.png,f1b497a44788c8eb5c2f572901d4a00c97b44a7c7723e7055385ed6b7a5998fb,774,842,,REFERENCE_ONLY,"Visually reviewed in the complete candidate-sheet pass; not promoted because it duplicated an existing scored concept, depended on answer-revealing teaching text, functioned primarily as a reference table/diagram, or was less discriminating than the retained quiz image.",,
729,/Users/chriselwell/Desktop/Pulm/Pulm Pictures/Pulm Picture/P504 Metastatic Lung Cancer.png,P504 Metastatic Lung Cancer.png,87612813de3f80b8a91366629ad3088d53292783a3d1bf3b24ffef6be5301783,545,492,,REFERENCE_ONLY,"Visually reviewed in the complete candidate-sheet pass; not promoted because it duplicated an existing scored concept, depended on answer-revealing teaching text, functioned primarily as a reference table/diagram, or was less discriminating than the retained quiz image.",,
730,/Users/chriselwell/Desktop/Pulm/Pulm Pictures/Pulm Picture/P509 Erythropoiesis.png,P509 Erythropoiesis.png,3262463c1f699b6568d2295d4b773822998a9f1e47fd5cd1f85e8f16fcbf6ff4,1285,899,,REFERENCE_ONLY,"Visually reviewed in the complete candidate-sheet pass; not promoted because it duplicated an existing scored concept, depended on answer-revealing teaching text, functioned primarily as a reference table/diagram, or was less discriminating than the retained quiz image.",,
731,/Users/chriselwell/Desktop/Pulm/Pulm Pictures/Pulm Picture/P519 Obesity Hypoventilation Syndrome - Pickwickian Syndrome.png,P519 Obesity Hypoventilation Syndrome - Pickwickian Syndrome.png,3bf65849ce6438b2597b81332c6441bfcabe0b93a1820b836361f85d6ee2486b,952,664,,REFERENCE_ONLY,"Visually reviewed in the complete candidate-sheet pass; not promoted because it duplicated an existing scored concept, depended on answer-revealing teaching text, functioned primarily as a reference table/diagram, or was less discriminating than the retained quiz image.",,
732,/Users/chriselwell/Desktop/Pulm/Pulm Pictures/Pulm Picture/P521 Cystic Fibrosis.png,P521 Cystic Fibrosis.png,2f53b016ea3cb270f70f78c89c373099d187766bbbc156d09b66ee26ec1daade,551,440,,REFERENCE_ONLY,"Visually reviewed in the complete candidate-sheet pass; not promoted because it duplicated an existing scored concept, depended on answer-revealing teaching text, functioned primarily as a reference table/diagram, or was less discriminating than the retained quiz image.",,
733,/Users/chriselwell/Desktop/Pulm/Pulm Pictures/Pulm Picture/P522 CFTR - Cystic Fibrosis Transmembrane Regulator.png,P522 CFTR - Cystic Fibrosis Transmembrane Regulator.png,b7a29c01c7e9baae0c3d13ea9ba3519a0b142176ba54b1ad293554d9ee3b4a5c,1025,646,,REFERENCE_ONLY,"Visually reviewed in the complete candidate-sheet pass; not promoted because it duplicated an existing scored concept, depended on answer-revealing teaching text, functioned primarily as a reference table/diagram, or was less discriminating than the retained quiz image.",,
734,/Users/chriselwell/Desktop/Pulm/Pulm Pictures/Pulm Picture/P525 CFTR - Cystic Fibrosis Transmembrane Regulator.png,P525 CFTR - Cystic Fibrosis Transmembrane Regulator.png,537e76b006dba16f5c75125e3799d175f1778608b8d97e25a699b93f995020a6,665,699,,REFERENCE_ONLY,"Visually reviewed in the complete candidate-sheet pass; not promoted because it duplicated an existing scored concept, depended on answer-revealing teaching text, functioned primarily as a reference table/diagram, or was less discriminating than the retained quiz image.",,
735,/Users/chriselwell/Desktop/Pulm/Pulm Pictures/Pulm Picture/P526 CFTR Gene Mutations.png,P526 CFTR Gene Mutations.png,5a167c3427c7693e7567f51d1cd89f93aa7e4f0b0b4785a5d6e71ff24f9012ed,933,929,,REFERENCE_ONLY,"Visually reviewed in the complete candidate-sheet pass; not promoted because it duplicated an existing scored concept, depended on answer-revealing teaching text, functioned primarily as a reference table/diagram, or was less discriminating than the retained quiz image.",,
736,/Users/chriselwell/Desktop/Pulm/Pulm Pictures/Pulm Picture/P528 CF Presentation.png,P528 CF Presentation.png,fce2ec9b655330a394b886b035f34031e3fd230f66b41e27baf287a9d020970f,1249,1039,,REFERENCE_ONLY,"Visually reviewed in the complete candidate-sheet pass; not promoted because it duplicated an existing scored concept, depended on answer-revealing teaching text, functioned primarily as a reference table/diagram, or was less discriminating than the retained quiz image.",,
737,/Users/chriselwell/Desktop/Pulm/Pulm Pictures/Pulm Picture/P529 CF Lung Disease.png,P529 CF Lung Disease.png,d09545f65d7743852f16477fa21400f47e0ddd8b55f25ef86b6fa525c864fecd,821,549,,REFERENCE_ONLY,"Visually reviewed in the complete candidate-sheet pass; not promoted because it duplicated an existing scored concept, depended on answer-revealing teaching text, functioned primarily as a reference table/diagram, or was less discriminating than the retained quiz image.",,
738,/Users/chriselwell/Desktop/Pulm/Pulm Pictures/Pulm Picture/P531 Pancreatic Insufficiency.png,P531 Pancreatic Insufficiency.png,9ea546a7ba538e0657db0fc4fccf3e05f03c26c7dfca1af893775781e2a8fa75,520,439,,REFERENCE_ONLY,"Visually reviewed in the complete candidate-sheet pass; not promoted because it duplicated an existing scored concept, depended on answer-revealing teaching text, functioned primarily as a reference table/diagram, or was less discriminating than the retained quiz image.",,
739,/Users/chriselwell/Desktop/Pulm/Pulm Pictures/Pulm Picture/P533 Meconium Ileus.png,P533 Meconium Ileus.png,f80e17c0d444fa7460c311329c0eb04cbb7a1f43d61cce0f7ccc3f609e6c5f6c,545,456,,REFERENCE_ONLY,"Visually reviewed in the complete candidate-sheet pass; not promoted because it duplicated an existing scored concept, depended on answer-revealing teaching text, functioned primarily as a reference table/diagram, or was less discriminating than the retained quiz image.",,
740,/Users/chriselwell/Desktop/Pulm/Pulm Pictures/Pulm Picture/P534 CF-Related Biliary Disease.png,P534 CF-Related Biliary Disease.png,70032c772de72158c242b765a2ee026dba8f74f09c68cc934c6eb846e7878ec2,392,174,,REFERENCE_ONLY,"Visually reviewed in the complete candidate-sheet pass; not promoted because it duplicated an existing scored concept, depended on answer-revealing teaching text, functioned primarily as a reference table/diagram, or was less discriminating than the retained quiz image.",,
741,/Users/chriselwell/Desktop/Pulm/Pulm Pictures/Pulm Picture/P535 Infertility.png,P535 Infertility.png,4dd4299e9966df5384b1d9b66f01119af90c9991137923d8632041f5bb0febb4,1053,582,,REFERENCE_ONLY,"Visually reviewed in the complete candidate-sheet pass; not promoted because it duplicated an existing scored concept, depended on answer-revealing teaching text, functioned primarily as a reference table/diagram, or was less discriminating than the retained quiz image.",,
742,/Users/chriselwell/Desktop/Pulm/Pulm Pictures/Pulm Picture/P536 Nasopharyngeal Disease.png,P536 Nasopharyngeal Disease.png,59b432753f80c6a2684f839f2564b407430acc29b6e02485bc67730ea24394ee,520,495,,REFERENCE_ONLY,"Visually reviewed in the complete candidate-sheet pass; not promoted because it duplicated an existing scored concept, depended on answer-revealing teaching text, functioned primarily as a reference table/diagram, or was less discriminating than the retained quiz image.",,
743,/Users/chriselwell/Desktop/Pulm/Pulm Pictures/Pulm Picture/P538 Diagnosis - Sweat Chloride Test.png,P538 Diagnosis - Sweat Chloride Test.png,d8b64a788e339d983e4743a25a02d0c49e1ef593cc1924b63a7aa6c73b759503,1194,760,,REFERENCE_ONLY,"Visually reviewed in the complete candidate-sheet pass; not promoted because it duplicated an existing scored concept, depended on answer-revealing teaching text, functioned primarily as a reference table/diagram, or was less discriminating than the retained quiz image.",,
744,/Users/chriselwell/Desktop/Pulm/Pulm Pictures/Pulm Picture/P541 Treatment.png,P541 Treatment.png,f08803859e4a89cbfc0b4de3aa2c00e85b98a067c27f331d608381454a96365c,1018,575,,REFERENCE_ONLY,"Visually reviewed in the complete candidate-sheet pass; not promoted because it duplicated an existing scored concept, depended on answer-revealing teaching text, functioned primarily as a reference table/diagram, or was less discriminating than the retained quiz image.",,
745,/Users/chriselwell/Desktop/Pulm/Pulm Pictures/Pulm Picture/P547 Mycobacterium Tuberculosis.png,P547 Mycobacterium Tuberculosis.png,36ea1407ceaa06e9d7b33d920745da81f06fd99dc0b83260815e9657d037f2a0,1156,764,,REFERENCE_ONLY,"Visually reviewed in the complete candidate-sheet pass; not promoted because it duplicated an existing scored concept, depended on answer-revealing teaching text, functioned primarily as a reference table/diagram, or was less discriminating than the retained quiz image.",,
746,/Users/chriselwell/Desktop/Pulm/Pulm Pictures/Pulm Picture/P548 Mycobacterium Tuberculosis - Culture.png,P548 Mycobacterium Tuberculosis - Culture.png,247b34e8511809458f4cdd6e4b1fdf5e239bdf95b0916125ad93290df089f3d4,1124,749,,REFERENCE_ONLY,"Visually reviewed in the complete candidate-sheet pass; not promoted because it duplicated an existing scored concept, depended on answer-revealing teaching text, functioned primarily as a reference table/diagram, or was less discriminating than the retained quiz image.",,
747,/Users/chriselwell/Desktop/Pulm/Pulm Pictures/Pulm Picture/P549 Acid Fast Bacteria.png,P549 Acid Fast Bacteria.png,975188b4a4de2152e03162bc5b01af7aa73be817bace5a09b9cd34e21a8f7050,922,838,,REFERENCE_ONLY,"Visually reviewed in the complete candidate-sheet pass; not promoted because it duplicated an existing scored concept, depended on answer-revealing teaching text, functioned primarily as a reference table/diagram, or was less discriminating than the retained quiz image.",,
748,/Users/chriselwell/Desktop/Pulm/Pulm Pictures/Pulm Picture/P550 Mycobacterium Tuberculosis - Virulence Factors.png,P550 Mycobacterium Tuberculosis - Virulence Factors.png,f16ab16dc70f6b659a10dc67ed82ce4bdcca0cf203228d95b1479323ed055d25,1037,1039,,REFERENCE_ONLY,"Visually reviewed in the complete candidate-sheet pass; not promoted because it duplicated an existing scored concept, depended on answer-revealing teaching text, functioned primarily as a reference table/diagram, or was less discriminating than the retained quiz image.",,
749,/Users/chriselwell/Desktop/Pulm/Pulm Pictures/Pulm Picture/P553 Mycobacterium Tuberculosis - Results of Exposure.png,P553 Mycobacterium Tuberculosis - Results of Exposure.png,720cb5a9ff338759e9e9efd830c87b3d53499f2c96b5328d15cc7de766f4e77f,500,400,,REFERENCE_ONLY,"Visually reviewed in the complete candidate-sheet pass; not promoted because it duplicated an existing scored concept, depended on answer-revealing teaching text, functioned primarily as a reference table/diagram, or was less discriminating than the retained quiz image.",,
750,/Users/chriselwell/Desktop/Pulm/Pulm Pictures/Pulm Picture/P554 Primary TB - Clinical Picture.png,P554 Primary TB - Clinical Picture.png,90f32ea4725d266ec53b3ff8c0827cb7555e31a6997bfc3abef653e5507d771d,818,1146,,REFERENCE_ONLY,"Visually reviewed in the complete candidate-sheet pass; not promoted because it duplicated an existing scored concept, depended on answer-revealing teaching text, functioned primarily as a reference table/diagram, or was less discriminating than the retained quiz image.",,
751,/Users/chriselwell/Desktop/Pulm/Pulm Pictures/Pulm Picture/P555 Primary TB - Pathophysiology First Week.png,P555 Primary TB - Pathophysiology First Week.png,278e0124714d5501ef63468cb9358ab3241a9ba334e7dc1f0bfe22f7290f6d93,797,1117,,REFERENCE_ONLY,"Visually reviewed in the complete candidate-sheet pass; not promoted because it duplicated an existing scored concept, depended on answer-revealing teaching text, functioned primarily as a reference table/diagram, or was less discriminating than the retained quiz image.",,
752,/Users/chriselwell/Desktop/Pulm/Pulm Pictures/Pulm Picture/P558 Hilar Lymphadenopathy.png,P558 Hilar Lymphadenopathy.png,eb67440fa99e697ac0a88a3716c215a6eeafe6287a24f3cc95f9ab9d5943e72e,367,360,,REFERENCE_ONLY,"Visually reviewed in the complete candidate-sheet pass; not promoted because it duplicated an existing scored concept, depended on answer-revealing teaching text, functioned primarily as a reference table/diagram, or was less discriminating than the retained quiz image.",,
753,/Users/chriselwell/Desktop/Pulm/Pulm Pictures/Pulm Picture/P559 Ghon Foci 01.png,P559 Ghon Foci 01.png,0e05b21bb4fdddd3e31d2d38709e428d4bdced932557b638a7c58d186838bd76,252,189,,REFERENCE_ONLY,"Visually reviewed in the complete candidate-sheet pass; not promoted because it duplicated an existing scored concept, depended on answer-revealing teaching text, functioned primarily as a reference table/diagram, or was less discriminating than the retained quiz image.",,
754,/Users/chriselwell/Desktop/Pulm/Pulm Pictures/Pulm Picture/P561 Miliary TB.png,P561 Miliary TB.png,9854852c3e7f9181705d838b0363b88b5d51ee032687fa70b35b5f0a18378643,520,510,,REFERENCE_ONLY,"Visually reviewed in the complete candidate-sheet pass; not promoted because it duplicated an existing scored concept, depended on answer-revealing teaching text, functioned primarily as a reference table/diagram, or was less discriminating than the retained quiz image.",,
755,/Users/chriselwell/Desktop/Pulm/Pulm Pictures/Pulm Picture/P562 Miliary TB.png,P562 Miliary TB.png,3c44c1065609c3c330e590f5f15aa73afebc438c66801b01e9f6e147313b0b33,494,706,,REFERENCE_ONLY,"Visually reviewed in the complete candidate-sheet pass; not promoted because it duplicated an existing scored concept, depended on answer-revealing teaching text, functioned primarily as a reference table/diagram, or was less discriminating than the retained quiz image.",,
756,/Users/chriselwell/Desktop/Pulm/Pulm Pictures/Pulm Picture/P565 Aspergilloma.png,P565 Aspergilloma.png,9c800df510dfbc08ace96462ef49bb81209a47fa563e2431df102dff5adc9c84,969,1029,,REFERENCE_ONLY,"Visually reviewed in the complete candidate-sheet pass; not promoted because it duplicated an existing scored concept, depended on answer-revealing teaching text, functioned primarily as a reference table/diagram, or was less discriminating than the retained quiz image.",,
757,/Users/chriselwell/Desktop/Pulm/Pulm Pictures/Pulm Picture/P573 BCG Vaccine.png,P573 BCG Vaccine.png,641f5049140f4dd123fa3adafb976efbe7be3ddaa0f4a8041fff6d0a6991bba2,857,754,,REFERENCE_ONLY,"Visually reviewed in the complete candidate-sheet pass; not promoted because it duplicated an existing scored concept, depended on answer-revealing teaching text, functioned primarily as a reference table/diagram, or was less discriminating than the retained quiz image.",,
758,/Users/chriselwell/Desktop/Pulm/Pulm Pictures/Pulm Picture/P575 Active TB - Management.png,P575 Active TB - Management.png,750173b50878ddfd080a0f5e26d8e494c1bdc7418f1d790ed5da18f0ba577fd7,930,624,,REFERENCE_ONLY,"Visually reviewed in the complete candidate-sheet pass; not promoted because it duplicated an existing scored concept, depended on answer-revealing teaching text, functioned primarily as a reference table/diagram, or was less discriminating than the retained quiz image.",,
759,/Users/chriselwell/Desktop/Pulm/Pulm Pictures/Pulm Picture/P578 Isoniazid.png,P578 Isoniazid.png,4a06f8c853bc1b7c7c40adfd1a8179c66c82d1a1b5065d88156ce7051d20a187,455,1443,,REFERENCE_ONLY,"Visually reviewed in the complete candidate-sheet pass; not promoted because it duplicated an existing scored concept, depended on answer-revealing teaching text, functioned primarily as a reference table/diagram, or was less discriminating than the retained quiz image.",,
760,/Users/chriselwell/Desktop/Pulm/Pulm Pictures/Pulm Picture/P579 Isoniazid.png,P579 Isoniazid.png,1fb038d262da69100aab2696039d6262aaa1025923f0d532c9b2ab88c1c02de5,891,899,,REFERENCE_ONLY,"Visually reviewed in the complete candidate-sheet pass; not promoted because it duplicated an existing scored concept, depended on answer-revealing teaching text, functioned primarily as a reference table/diagram, or was less discriminating than the retained quiz image.",,
761,/Users/chriselwell/Desktop/Pulm/Pulm Pictures/Pulm Picture/P580 Rifampin.png,P580 Rifampin.png,9b041ebf005f19789766fb295dc5d7edca1d8dc5f230e0bb9cf2d58a3d035176,939,1051,,REFERENCE_ONLY,"Visually reviewed in the complete candidate-sheet pass; not promoted because it duplicated an existing scored concept, depended on answer-revealing teaching text, functioned primarily as a reference table/diagram, or was less discriminating than the retained quiz image.",,
762,/Users/chriselwell/Desktop/Pulm/Pulm Pictures/Pulm Picture/P581 Pyrazinamide.png,P581 Pyrazinamide.png,72c47fa2f0e2b47e5caa44e3a83cd1dd1e50359e7c5ffc5b34063a0b3091fe50,898,627,,REFERENCE_ONLY,"Visually reviewed in the complete candidate-sheet pass; not promoted because it duplicated an existing scored concept, depended on answer-revealing teaching text, functioned primarily as a reference table/diagram, or was less discriminating than the retained quiz image.",,
763,/Users/chriselwell/Desktop/Pulm/Pulm Pictures/Pulm Picture/P582 Ethambutol.png,P582 Ethambutol.png,81e356a21e1733ee6f3ee0c7029db94355abd29c2bcd10a7785fb9874dab3f27,1147,644,,REFERENCE_ONLY,"Visually reviewed in the complete candidate-sheet pass; not promoted because it duplicated an existing scored concept, depended on answer-revealing teaching text, functioned primarily as a reference table/diagram, or was less discriminating than the retained quiz image.",,
764,/Users/chriselwell/Desktop/Pulm/Pulm Pictures/Pulm Picture/P583 Streptomycin.png,P583 Streptomycin.png,68e68f4a5a41d920b79c906fd3df82dd436c07e4b8b5487c2ceff3015fdc0ae1,704,332,,REFERENCE_ONLY,"Visually reviewed in the complete candidate-sheet pass; not promoted because it duplicated an existing scored concept, depended on answer-revealing teaching text, functioned primarily as a reference table/diagram, or was less discriminating than the retained quiz image.",,
765,/Users/chriselwell/Desktop/Pulm/Pulm Pictures/Pulm Picture/P587 Sarcoidosis.png,P587 Sarcoidosis.png,dba588e12b3c2183e7d44f5ce677ccdf10f068eda2ba4e1f9299bf9eda189765,252,189,,REFERENCE_ONLY,"Visually reviewed in the complete candidate-sheet pass; not promoted because it duplicated an existing scored concept, depended on answer-revealing teaching text, functioned primarily as a reference table/diagram, or was less discriminating than the retained quiz image.",,
766,/Users/chriselwell/Desktop/Pulm/Pulm Pictures/Pulm Picture/P588 Sarcoidosis.png,P588 Sarcoidosis.png,1f39a9a94682b709898665356c68a02736068d8b3e0bb6a4e1cdfd6ebf632f83,450,403,,REFERENCE_ONLY,"Visually reviewed in the complete candidate-sheet pass; not promoted because it duplicated an existing scored concept, depended on answer-revealing teaching text, functioned primarily as a reference table/diagram, or was less discriminating than the retained quiz image.",,
767,/Users/chriselwell/Desktop/Pulm/Pulm Pictures/Pulm Picture/P589 Pathology.png,P589 Pathology.png,fe4a45cef1e6728ebb04e6f795c95fead54c4d4ab875c9cfb8cb3f5a19e06825,662,1001,,REFERENCE_ONLY,"Visually reviewed in the complete candidate-sheet pass; not promoted because it duplicated an existing scored concept, depended on answer-revealing teaching text, functioned primarily as a reference table/diagram, or was less discriminating than the retained quiz image.",,
768,/Users/chriselwell/Desktop/Pulm/Pulm Pictures/Pulm Picture/P590 Organ Involvement.png,P590 Organ Involvement.png,39dce5692406e2c200e41fb0a243f40f04a228346215ef517d934b7686dd73b9,1370,1163,,REFERENCE_ONLY,"Visually reviewed in the complete candidate-sheet pass; not promoted because it duplicated an existing scored concept, depended on answer-revealing teaching text, functioned primarily as a reference table/diagram, or was less discriminating than the retained quiz image.",,
769,/Users/chriselwell/Desktop/Pulm/Pulm Pictures/Pulm Picture/P591 Lung Involvement.png,P591 Lung Involvement.png,89228d2ab3e2354de3ed7c665ac161547263c0526b2652f9f4cdf21ab19b5f91,520,524,,REFERENCE_ONLY,"Visually reviewed in the complete candidate-sheet pass; not promoted because it duplicated an existing scored concept, depended on answer-revealing teaching text, functioned primarily as a reference table/diagram, or was less discriminating than the retained quiz image.",,
770,/Users/chriselwell/Desktop/Pulm/Pulm Pictures/Pulm Picture/P592 Skin Involvement.png,P592 Skin Involvement.png,2c354561a3e03880853df59f0e275e907c801589960bbc59bf6c857082c2c625,433,361,,REFERENCE_ONLY,"Visually reviewed in the complete candidate-sheet pass; not promoted because it duplicated an existing scored concept, depended on answer-revealing teaching text, functioned primarily as a reference table/diagram, or was less discriminating than the retained quiz image.",,
771,/Users/chriselwell/Desktop/Pulm/Pulm Pictures/Pulm Picture/P593 Skin Involvement 01.png,P593 Skin Involvement 01.png,11fb640873148072d0936402d1ffa960ad9702d215b38eef4fd2ebee0a229d7f,483,378,,REFERENCE_ONLY,"Visually reviewed in the complete candidate-sheet pass; not promoted because it duplicated an existing scored concept, depended on answer-revealing teaching text, functioned primarily as a reference table/diagram, or was less discriminating than the retained quiz image.",,
772,/Users/chriselwell/Desktop/Pulm/Pulm Pictures/Pulm Picture/P593 Skin Involvement 02.png,P593 Skin Involvement 02.png,bf05466e5acd48e81017b59588d2651d61a465cd742ee42963b04f30ebbacb9e,397,343,,REFERENCE_ONLY,"Visually reviewed in the complete candidate-sheet pass; not promoted because it duplicated an existing scored concept, depended on answer-revealing teaching text, functioned primarily as a reference table/diagram, or was less discriminating than the retained quiz image.",,
773,/Users/chriselwell/Desktop/Pulm/Pulm Pictures/Pulm Picture/P593 Skin Involvement 03.png,P593 Skin Involvement 03.png,06d6226a9acb875761efcab06f84f6c30330a85b124ed14c763af0f50d032351,510,516,,REFERENCE_ONLY,"Visually reviewed in the complete candidate-sheet pass; not promoted because it duplicated an existing scored concept, depended on answer-revealing teaching text, functioned primarily as a reference table/diagram, or was less discriminating than the retained quiz image.",,
774,/Users/chriselwell/Desktop/Pulm/Pulm Pictures/Pulm Picture/P594 Eye Involvement.png,P594 Eye Involvement.png,825ae77148774e4e78bbfa7bf57f17e78048d85ddaef970b6ad5411fa00c9a50,1092,1092,,REFERENCE_ONLY,"Visually reviewed in the complete candidate-sheet pass; not promoted because it duplicated an existing scored concept, depended on answer-revealing teaching text, functioned primarily as a reference table/diagram, or was less discriminating than the retained quiz image.",,
775,/Users/chriselwell/Desktop/Pulm/Pulm Pictures/Pulm Picture/P595 CNS Involvement.png,P595 CNS Involvement.png,a77b586a656bb4ae16892c8f266c41d9d0b620ad5f4ffee6d404657a9a7a750a,357,487,,REFERENCE_ONLY,"Visually reviewed in the complete candidate-sheet pass; not promoted because it duplicated an existing scored concept, depended on answer-revealing teaching text, functioned primarily as a reference table/diagram, or was less discriminating than the retained quiz image.",,
776,/Users/chriselwell/Desktop/Pulm/Pulm Pictures/Pulm Picture/P596 Parotid Gland.png,P596 Parotid Gland.png,bae76cdafbf5dd0ee3cb6dc4630fcedd0c6a72a4184d9b9b11e9a7e5f9c99d8c,520,413,,REFERENCE_ONLY,"Visually reviewed in the complete candidate-sheet pass; not promoted because it duplicated an existing scored concept, depended on answer-revealing teaching text, functioned primarily as a reference table/diagram, or was less discriminating than the retained quiz image.",,
777,/Users/chriselwell/Desktop/Pulm/Pulm Pictures/Pulm Picture/P597 Arthropathy.png,P597 Arthropathy.png,260bae8c88d7d96591030140a96f499a59fd0e8ec7dfb9c33092d5bfcbfc13b1,584,785,,REFERENCE_ONLY,"Visually reviewed in the complete candidate-sheet pass; not promoted because it duplicated an existing scored concept, depended on answer-revealing teaching text, functioned primarily as a reference table/diagram, or was less discriminating than the retained quiz image.",,
778,/Users/chriselwell/Desktop/Pulm/Pulm Pictures/Pulm Picture/P603 Deep Vein Thrombosis.png,P603 Deep Vein Thrombosis.png,710d0f91a1699d1df19e3579a327e674a44e3239e7712989d608bfcb7adf6428,447,1142,,REFERENCE_ONLY,"Visually reviewed in the complete candidate-sheet pass; not promoted because it duplicated an existing scored concept, depended on answer-revealing teaching text, functioned primarily as a reference table/diagram, or was less discriminating than the retained quiz image.",,
779,/Users/chriselwell/Desktop/Pulm/Pulm Pictures/Pulm Picture/P604 Deep Vein Thrombosis.png,P604 Deep Vein Thrombosis.png,eaefd6a023bd0c96ea7abd049f7f98fdaa5738c2011a3a3dd6009d6f5dc50f1f,809,662,,REFERENCE_ONLY,"Visually reviewed in the complete candidate-sheet pass; not promoted because it duplicated an existing scored concept, depended on answer-revealing teaching text, functioned primarily as a reference table/diagram, or was less discriminating than the retained quiz image.",,
780,/Users/chriselwell/Desktop/Pulm/Pulm Pictures/Pulm Picture/P605 Deep Vein Thrombosis.png,P605 Deep Vein Thrombosis.png,423c0efaf8979397a1f5d0e427b42d8688b04e8fc8a96c5bde932dd061184be7,982,733,,REFERENCE_ONLY,"Visually reviewed in the complete candidate-sheet pass; not promoted because it duplicated an existing scored concept, depended on answer-revealing teaching text, functioned primarily as a reference table/diagram, or was less discriminating than the retained quiz image.",,
781,/Users/chriselwell/Desktop/Pulm/Pulm Pictures/Pulm Picture/P609 DVT and PE - Treatments.png,P609 DVT and PE - Treatments.png,b62111fdd2de6b0051501409e787b6ea882caa8fdf44bc38f80ba09f29fa7e32,950,535,,REFERENCE_ONLY,"Visually reviewed in the complete candidate-sheet pass; not promoted because it duplicated an existing scored concept, depended on answer-revealing teaching text, functioned primarily as a reference table/diagram, or was less discriminating than the retained quiz image.",,
782,/Users/chriselwell/Desktop/Pulm/Pulm Pictures/Pulm Picture/P610 Pulmonary Embolism.png,P610 Pulmonary Embolism.png,f7363ad0c163104a0aa709a9e6be3f54b3b4d59e98a3f4de893aa0b652fdb1e0,886,709,,REFERENCE_ONLY,"Visually reviewed in the complete candidate-sheet pass; not promoted because it duplicated an existing scored concept, depended on answer-revealing teaching text, functioned primarily as a reference table/diagram, or was less discriminating than the retained quiz image.",,
783,/Users/chriselwell/Desktop/Pulm/Pulm Pictures/Pulm Picture/P612 Pulmonary Embolism - Diagnosis.png,P612 Pulmonary Embolism - Diagnosis.png,6b5b557bdc94ad59a52ea70d028d0294c4d88f038ca44ca45182d8b463b81ad9,846,725,,REFERENCE_ONLY,"Visually reviewed in the complete candidate-sheet pass; not promoted because it duplicated an existing scored concept, depended on answer-revealing teaching text, functioned primarily as a reference table/diagram, or was less discriminating than the retained quiz image.",,
784,/Users/chriselwell/Desktop/Pulm/Pulm Pictures/Pulm Picture/P615 Pulmonary Embolism - Pulmonary Physiology.png,P615 Pulmonary Embolism - Pulmonary Physiology.png,36b85cc8d675ca10c07ff94aa6880c9ff6e83f7a1139f88f552bb4dd048a7cf4,435,382,,REFERENCE_ONLY,"Visually reviewed in the complete candidate-sheet pass; not promoted because it duplicated an existing scored concept, depended on answer-revealing teaching text, functioned primarily as a reference table/diagram, or was less discriminating than the retained quiz image.",,
785,/Users/chriselwell/Desktop/Pulm/Pulm Pictures/Pulm Picture/P620 Pulmonary Embolism - Pathology Findings.png,P620 Pulmonary Embolism - Pathology Findings.png,1496fd2a4d10d7e46726fdc41b911c1d9e69b9f310e6e3f8ff6b7acabd08b6e1,446,515,,REFERENCE_ONLY,"Visually reviewed in the complete candidate-sheet pass; not promoted because it duplicated an existing scored concept, depended on answer-revealing teaching text, functioned primarily as a reference table/diagram, or was less discriminating than the retained quiz image.",,
786,/Users/chriselwell/Desktop/Pulm/Pulm Pictures/Pulm Picture/P621 Pulmonary Embolism - Pathology Findings.png,P621 Pulmonary Embolism - Pathology Findings.png,1c2cc4b41027821c73c7b37d4c77aef300afe2a5f9f98d5b6b4bcbccb8c67be9,450,403,,REFERENCE_ONLY,"Visually reviewed in the complete candidate-sheet pass; not promoted because it duplicated an existing scored concept, depended on answer-revealing teaching text, functioned primarily as a reference table/diagram, or was less discriminating than the retained quiz image.",,
787,/Users/chriselwell/Desktop/Pulm/Pulm Pictures/Pulm Picture/P622 Pulmonary Embolism - EKG Findings.png,P622 Pulmonary Embolism - EKG Findings.png,0fbb1f28d01a9a5410513af8cace08f13821cf4bfb544a837416663348adbe52,1667,825,,REFERENCE_ONLY,"Visually reviewed in the complete candidate-sheet pass; not promoted because it duplicated an existing scored concept, depended on answer-revealing teaching text, functioned primarily as a reference table/diagram, or was less discriminating than the retained quiz image.",,
788,/Users/chriselwell/Desktop/Pulm/Pulm Pictures/Pulm Picture/P625 IVC Filter.png,P625 IVC Filter.png,61af31609a40488cbe6dd11b3c67d35ac6311b43f006590e38aa3ffc902cafb2,481,616,,REFERENCE_ONLY,"Visually reviewed in the complete candidate-sheet pass; not promoted because it duplicated an existing scored concept, depended on answer-revealing teaching text, functioned primarily as a reference table/diagram, or was less discriminating than the retained quiz image.",,
789,/Users/chriselwell/Desktop/Pulm/Pulm Pictures/Pulm Picture/P626 Patent Foramen Ovale.png,P626 Patent Foramen Ovale.png,3c877eef234d32d939d28e7b846c039fbc203bfa85ea309e0607341868bcd42a,614,478,,REFERENCE_ONLY,"Visually reviewed in the complete candidate-sheet pass; not promoted because it duplicated an existing scored concept, depended on answer-revealing teaching text, functioned primarily as a reference table/diagram, or was less discriminating than the retained quiz image.",,
790,/Users/chriselwell/Desktop/Pulm/Pulm Pictures/Pulm Picture/P627 Fat Embolism.png,P627 Fat Embolism.png,7a4130dd75899379024312df3d5f18f1a0b2252ba0f3a1e079fbbc37fe1382e3,1111,733,,REFERENCE_ONLY,"Visually reviewed in the complete candidate-sheet pass; not promoted because it duplicated an existing scored concept, depended on answer-revealing teaching text, functioned primarily as a reference table/diagram, or was less discriminating than the retained quiz image.",,
791,/Users/chriselwell/Desktop/Pulm/Pulm Pictures/Pulm Picture/P628 Fat Embolism.png,P628 Fat Embolism.png,798e44c7baa0682bd2b44a52661f62f081eed3ac9eb38325e7648668bd7790a1,483,372,,REFERENCE_ONLY,"Visually reviewed in the complete candidate-sheet pass; not promoted because it duplicated an existing scored concept, depended on answer-revealing teaching text, functioned primarily as a reference table/diagram, or was less discriminating than the retained quiz image.",,
792,/Users/chriselwell/Desktop/Pulm/Pulm Pictures/Pulm Picture/P630 Amniotic Fluid Embolism - Phase I.png,P630 Amniotic Fluid Embolism - Phase I.png,75591796070cf049616612a4136e5b59cc256236615a094641433281ee8533da,443,203,,REFERENCE_ONLY,"Visually reviewed in the complete candidate-sheet pass; not promoted because it duplicated an existing scored concept, depended on answer-revealing teaching text, functioned primarily as a reference table/diagram, or was less discriminating than the retained quiz image.",,
793,/Users/chriselwell/Desktop/Pulm/Pulm Pictures/Pulm Picture/P631 Amniotic Fluid Embolism - Phase II Hemorrhagic Phase.png,P631 Amniotic Fluid Embolism - Phase II Hemorrhagic Phase.png,76fc5c386f4b510bd64348d464e4774db0fe28638d1887e3f2adb898f89e6258,567,385,,REFERENCE_ONLY,"Visually reviewed in the complete candidate-sheet pass; not promoted because it duplicated an existing scored concept, depended on answer-revealing teaching text, functioned primarily as a reference table/diagram, or was less discriminating than the retained quiz image.",,
794,/Users/chriselwell/Desktop/Pulm/Pulm Pictures/Pulm Picture/P632 Amniotic Fluid Embolism - Treatment.png,P632 Amniotic Fluid Embolism - Treatment.png,e915559e4f20b072b2784debe5b371cd6b639c861cfe8bbe0232801b66452f6b,571,381,,REFERENCE_ONLY,"Visually reviewed in the complete candidate-sheet pass; not promoted because it duplicated an existing scored concept, depended on answer-revealing teaching text, functioned primarily as a reference table/diagram, or was less discriminating than the retained quiz image.",,
795,/Users/chriselwell/Desktop/Pulm/Pulm Pictures/Pulm Picture/P635 Chest Anatomy 01.png,P635 Chest Anatomy 01.png,560f1cc3db0f79449f906e4d614aaba3544db793b37918fbdc98fca377b17292,250,333,,REFERENCE_ONLY,"Visually reviewed in the complete candidate-sheet pass; not promoted because it duplicated an existing scored concept, depended on answer-revealing teaching text, functioned primarily as a reference table/diagram, or was less discriminating than the retained quiz image.",,
796,/Users/chriselwell/Desktop/Pulm/Pulm Pictures/Pulm Picture/P635 Chest Anatomy 02.png,P635 Chest Anatomy 02.png,d5d785eb855c621c04a8b077b75e562ef62bc413476707238802bb3ed5784904,310,281,,REFERENCE_ONLY,"Visually reviewed in the complete candidate-sheet pass; not promoted because it duplicated an existing scored concept, depended on answer-revealing teaching text, functioned primarily as a reference table/diagram, or was less discriminating than the retained quiz image.",,
797,/Users/chriselwell/Desktop/Pulm/Pulm Pictures/Pulm Picture/P636 Pulmonary Edema.png,P636 Pulmonary Edema.png,a115603d63d4af51939a8c693b336c899fcf34373b3acddb495bd265602fd1c0,491,538,,REFERENCE_ONLY,"Visually reviewed in the complete candidate-sheet pass; not promoted because it duplicated an existing scored concept, depended on answer-revealing teaching text, functioned primarily as a reference table/diagram, or was less discriminating than the retained quiz image.",,
798,/Users/chriselwell/Desktop/Pulm/Pulm Pictures/Pulm Picture/P637 Pulmonary Edema 01.png,P637 Pulmonary Edema 01.png,b75a07b66c5113560654dcd9a9abd689b3f9bed4b367730d583b52a55633a587,295,502,,REFERENCE_ONLY,"Visually reviewed in the complete candidate-sheet pass; not promoted because it duplicated an existing scored concept, depended on answer-revealing teaching text, functioned primarily as a reference table/diagram, or was less discriminating than the retained quiz image.",,
799,/Users/chriselwell/Desktop/Pulm/Pulm Pictures/Pulm Picture/P637 Pulmonary Edema 02.png,P637 Pulmonary Edema 02.png,1abdf13dae12ee135eef66f77c5e8b38561578199ef9f39857e3b6c62a7075dd,295,502,,REFERENCE_ONLY,"Visually reviewed in the complete candidate-sheet pass; not promoted because it duplicated an existing scored concept, depended on answer-revealing teaching text, functioned primarily as a reference table/diagram, or was less discriminating than the retained quiz image.",,
800,/Users/chriselwell/Desktop/Pulm/Pulm Pictures/Pulm Picture/P643_Pulmonary_Nodule.png,P643_Pulmonary_Nodule.png,cff606c37d09a9d20368ecb0152c56e4d945ffd9ce5e296183cd397082f215aa,1299,869,,REFERENCE_ONLY,"Visually reviewed in the complete candidate-sheet pass; not promoted because it duplicated an existing scored concept, depended on answer-revealing teaching text, functioned primarily as a reference table/diagram, or was less discriminating than the retained quiz image.",,
801,/Users/chriselwell/Desktop/Pulm/Pulm Pictures/Pulm Picture/Pancoast (Superior Pulmonary Sulcus) Tumors.png,Pancoast (Superior Pulmonary Sulcus) Tumors.png,aa5c3b2946e4ebde3bd40124d891672a4e15c438b65878ad65405a5b4116c5dc,1186,648,,REFERENCE_ONLY,"Visually reviewed in the complete candidate-sheet pass; not promoted because it duplicated an existing scored concept, depended on answer-revealing teaching text, functioned primarily as a reference table/diagram, or was less discriminating than the retained quiz image.",,
802,/Users/chriselwell/Desktop/Pulm/Pulm Pictures/Pulm Picture/Pancoast Tumor with Chest Wall Extension.jpg,Pancoast Tumor with Chest Wall Extension.jpg,e5f0ef0ee044217cb7c927bf2d762d2b498a1d491aa0fb922e361c742c37e245,1220,1000,,ADDED_SCORED,Complete chest radiograph and overlay distinguish a superior-sulcus mass with local invasion from a generic apical opacity.,q_96f7b3d4be63,public/assets/images/quiz_5344ffe85068a2d4.png
803,/Users/chriselwell/Desktop/Pulm/Pulm Pictures/Pulm Picture/Pancoast Tumor.jpg,Pancoast Tumor.jpg,b786438cbafc44171957ef0062f9f232d2ebe5e4b1a0379dc668f1df58a3f5b2,824,1000,,REFERENCE_ONLY,"Visually reviewed in the complete candidate-sheet pass; not promoted because it duplicated an existing scored concept, depended on answer-revealing teaching text, functioned primarily as a reference table/diagram, or was less discriminating than the retained quiz image.",,
804,/Users/chriselwell/Desktop/Pulm/Pulm Pictures/Pulm Picture/Pancoast Tumor.png,Pancoast Tumor.png,119bd5d8dc8025dd414c4621c13e608bbf7d9ddb1382e6b09738053d3e54b734,2400,1860,,REFERENCE_ONLY,"Visually reviewed in the complete candidate-sheet pass; not promoted because it duplicated an existing scored concept, depended on answer-revealing teaching text, functioned primarily as a reference table/diagram, or was less discriminating than the retained quiz image.",,
805,/Users/chriselwell/Desktop/Pulm/Pulm Pictures/Pulm Picture/Pancoast-Tumor.jpg,Pancoast-Tumor.jpg,0a7e0d5e59b67d9b20f15158c98f771450840eb79b37048b3a75c84759ba3b39,700,656,,REFERENCE_ONLY,"Visually reviewed in the complete candidate-sheet pass; not promoted because it duplicated an existing scored concept, depended on answer-revealing teaching text, functioned primarily as a reference table/diagram, or was less discriminating than the retained quiz image.",,
806,/Users/chriselwell/Desktop/Pulm/Pulm Pictures/Pulm Picture/Pancoast-Tumor.png,Pancoast-Tumor.png,d58614764eac9bb3a8981a69c6dbba70c4334fe1662b0975b30fafa03779eef9,306,342,,REFERENCE_ONLY,"Visually reviewed in the complete candidate-sheet pass; not promoted because it duplicated an existing scored concept, depended on answer-revealing teaching text, functioned primarily as a reference table/diagram, or was less discriminating than the retained quiz image.",,
807,/Users/chriselwell/Desktop/Pulm/Pulm Pictures/Pulm Picture/Panlobular Pulmonary Emphysema.jpg,Panlobular Pulmonary Emphysema.jpg,26f6ab4c0512684e716e4a3bb3a293144fa39e43e16f161ca3bf0d87fa92ea3a,1147,1000,,REFERENCE_ONLY,"Visually reviewed in the complete candidate-sheet pass; not promoted because it duplicated an existing scored concept, depended on answer-revealing teaching text, functioned primarily as a reference table/diagram, or was less discriminating than the retained quiz image.",,
808,/Users/chriselwell/Desktop/Pulm/Pulm Pictures/Pulm Picture/Paracoccidioidomycosis (PCM).png,Paracoccidioidomycosis (PCM).png,2b45c216c9a19d121db0589dc0b7338486855e071f8eb5641ab7736aaf3a6264,972,862,,REFERENCE_ONLY,"Visually reviewed in the complete candidate-sheet pass; not promoted because it duplicated an existing scored concept, depended on answer-revealing teaching text, functioned primarily as a reference table/diagram, or was less discriminating than the retained quiz image.",,
809,/Users/chriselwell/Desktop/Pulm/Pulm Pictures/Pulm Picture/Paracoccidioidomycosis Fact Sheet and Endemicity Map.jpg,Paracoccidioidomycosis Fact Sheet and Endemicity Map.jpg,9f3f26265c28de694cfd8ab035a56054cf42ef20ab8ef564df7e3e729ffb6389,1600,963,,REFERENCE_ONLY,"Visually reviewed in the complete candidate-sheet pass; not promoted because it duplicated an existing scored concept, depended on answer-revealing teaching text, functioned primarily as a reference table/diagram, or was less discriminating than the retained quiz image.",,
810,/Users/chriselwell/Desktop/Pulm/Pulm Pictures/Pulm Picture/Paracoccidioidomycosis.jpg,Paracoccidioidomycosis.jpg,639cc82c420b6dc71fff623a2ccb7e48f003f63afde9a7cf66129dc30b63f498,1493,1000,,REFERENCE_ONLY,"Visually reviewed in the complete candidate-sheet pass; not promoted because it duplicated an existing scored concept, depended on answer-revealing teaching text, functioned primarily as a reference table/diagram, or was less discriminating than the retained quiz image.",,
811,/Users/chriselwell/Desktop/Pulm/Pulm Pictures/Pulm Picture/Paracocco.png,Paracocco.png,dcd5d938a16525e4ffd76b7b9a419557f6df45480f9a8d37898fb3e78fcf5a34,1536,1024,,REFERENCE_ONLY,"Visually reviewed in the complete candidate-sheet pass; not promoted because it duplicated an existing scored concept, depended on answer-revealing teaching text, functioned primarily as a reference table/diagram, or was less discriminating than the retained quiz image.",,
812,/Users/chriselwell/Desktop/Pulm/Pulm Pictures/Pulm Picture/Pathogenesis-of-Pulmonary-Tuberculosis-Infection.jpg,Pathogenesis-of-Pulmonary-Tuberculosis-Infection.jpg,70ba3420c6154eedf436ac5c705bb1f47d4be17fc7e6c1b8d46004e9dc9ab98a,700,1763,,REFERENCE_ONLY,"Visually reviewed in the complete candidate-sheet pass; not promoted because it duplicated an existing scored concept, depended on answer-revealing teaching text, functioned primarily as a reference table/diagram, or was less discriminating than the retained quiz image.",,
813,/Users/chriselwell/Desktop/Pulm/Pulm Pictures/Pulm Picture/Pathogenesis-of-Tuberculosis.jpg,Pathogenesis-of-Tuberculosis.jpg,8a5a5f98c281a309706e1fa57e52aba613c14ea64e097ace046028e6b393e075,700,921,,REFERENCE_ONLY,"Visually reviewed in the complete candidate-sheet pass; not promoted because it duplicated an existing scored concept, depended on answer-revealing teaching text, functioned primarily as a reference table/diagram, or was less discriminating than the retained quiz image.",,
814,/Users/chriselwell/Desktop/Pulm/Pulm Pictures/Pulm Picture/Pathological-Vq-Mismatch-Notes.png,Pathological-Vq-Mismatch-Notes.png,f4fa0d79b22e1993e11731b0f3415eded0a75e48eb4d8a6ee821038f5f66d0db,2300,1168,,REFERENCE_ONLY,"Visually reviewed in the complete candidate-sheet pass; not promoted because it duplicated an existing scored concept, depended on answer-revealing teaching text, functioned primarily as a reference table/diagram, or was less discriminating than the retained quiz image.",,
815,/Users/chriselwell/Desktop/Pulm/Pulm Pictures/Pulm Picture/Pathophysiology of Transudate Versus Exudate.jpg,Pathophysiology of Transudate Versus Exudate.jpg,4ce556912efce287a38dc75de382c2ae04c91b38fdee92e7465e1fdf18f7c118,1049,1000,,REFERENCE_ONLY,"Visually reviewed in the complete candidate-sheet pass; not promoted because it duplicated an existing scored concept, depended on answer-revealing teaching text, functioned primarily as a reference table/diagram, or was less discriminating than the retained quiz image.",,
816,/Users/chriselwell/Desktop/Pulm/Pulm Pictures/Pulm Picture/Pathophysiology-of-Massive-Pulmonary-Embolism.png,Pathophysiology-of-Massive-Pulmonary-Embolism.png,4c1f181b17a7ff4a6b65a8b0f8d73a86ee8fbfb089c9289a8b95a78cb13dced3,658,856,,REFERENCE_ONLY,"Visually reviewed in the complete candidate-sheet pass; not promoted because it duplicated an existing scored concept, depended on answer-revealing teaching text, functioned primarily as a reference table/diagram, or was less discriminating than the retained quiz image.",,
817,/Users/chriselwell/Desktop/Pulm/Pulm Pictures/Pulm Picture/PE Clinical Manifestations.png,PE Clinical Manifestations.png,9456aaf64afa75d097f70d17eed93a5b9c0bfff988a772fd290f1c03be94c5c4,2401,1860,,REFERENCE_ONLY,"Visually reviewed in the complete candidate-sheet pass; not promoted because it duplicated an existing scored concept, depended on answer-revealing teaching text, functioned primarily as a reference table/diagram, or was less discriminating than the retained quiz image.",,
818,/Users/chriselwell/Desktop/Pulm/Pulm Pictures/Pulm Picture/PE Diagnostic Algorithm.png,PE Diagnostic Algorithm.png,cf34cad1875aa18ee651e544fb384356530ad47a706e91ab628804e9eb182a40,2401,2031,,REFERENCE_ONLY,"Visually reviewed in the complete candidate-sheet pass; not promoted because it duplicated an existing scored concept, depended on answer-revealing teaching text, functioned primarily as a reference table/diagram, or was less discriminating than the retained quiz image.",,
819,/Users/chriselwell/Desktop/Pulm/Pulm Pictures/Pulm Picture/PE Pathophysiology.png,PE Pathophysiology.png,5ee1bd3d27b5db77e98dd8e7aef9a28e3f83fa6d00b37afd1fee59808fd087d7,2400,1860,,REFERENCE_ONLY,"Visually reviewed in the complete candidate-sheet pass; not promoted because it duplicated an existing scored concept, depended on answer-revealing teaching text, functioned primarily as a reference table/diagram, or was less discriminating than the retained quiz image.",,
820,/Users/chriselwell/Desktop/Pulm/Pulm Pictures/Pulm Picture/Percussion Notes and Their Characteristics.png,Percussion Notes and Their Characteristics.png,02305a7cb70b8564d2fd41c8ba3d4ce96114038929715c98a29812275bdd542f,2054,682,,REFERENCE_ONLY,"Visually reviewed in the complete candidate-sheet pass; not promoted because it duplicated an existing scored concept, depended on answer-revealing teaching text, functioned primarily as a reference table/diagram, or was less discriminating than the retained quiz image.",,
821,/Users/chriselwell/Desktop/Pulm/Pulm Pictures/Pulm Picture/Perfusion-vs-Diffusion-Limited-Gas-Exchange-Curve.png,Perfusion-vs-Diffusion-Limited-Gas-Exchange-Curve.png,d68d74c806f65eae6ddf0aa9285aad9e548051ba00e598c681b9b69ac1fa9dec,470,390,,REFERENCE_ONLY,"Visually reviewed in the complete candidate-sheet pass; not promoted because it duplicated an existing scored concept, depended on answer-revealing teaching text, functioned primarily as a reference table/diagram, or was less discriminating than the retained quiz image.",,
822,/Users/chriselwell/Desktop/Pulm/Pulm Pictures/Pulm Picture/Pertussis Copy 2.png,Pertussis Copy 2.png,f3b129c28d763813f4ab5925149661120880f8e1207cf64808e395d433efd99d,1465,1073,,REFERENCE_ONLY,"Visually reviewed in the complete candidate-sheet pass; not promoted because it duplicated an existing scored concept, depended on answer-revealing teaching text, functioned primarily as a reference table/diagram, or was less discriminating than the retained quiz image.",,
823,/Users/chriselwell/Desktop/Pulm/Pulm Pictures/Pulm Picture/Pertussis.png,Pertussis.png,1862c78b536d762f6ec38c9afff8068c1bfe4e60d413bc941a2bbda171547129,984,640,,REFERENCE_ONLY,"Visually reviewed in the complete candidate-sheet pass; not promoted because it duplicated an existing scored concept, depended on answer-revealing teaching text, functioned primarily as a reference table/diagram, or was less discriminating than the retained quiz image.",,
824,/Users/chriselwell/Desktop/Pulm/Pulm Pictures/Pulm Picture/Physical-Findings-in-Select-Lung-Diseases.png,Physical-Findings-in-Select-Lung-Diseases.png,9408a6586cffb516a988857dabbf2a0a61d294f28bf6889e11c14c9209c28a79,1460,510,,REFERENCE_ONLY,"Visually reviewed in the complete candidate-sheet pass; not promoted because it duplicated an existing scored concept, depended on answer-revealing teaching text, functioned primarily as a reference table/diagram, or was less discriminating than the retained quiz image.",,
825,/Users/chriselwell/Desktop/Pulm/Pulm Pictures/Pulm Picture/Physical-Findings-Select-Lung-Diseases-Table.png,Physical-Findings-Select-Lung-Diseases-Table.png,b296e4c74cfdf70872c958b1f03c6b643086f082cc24214ab5b473d63d1f9216,1156,424,,REFERENCE_ONLY,"Visually reviewed in the complete candidate-sheet pass; not promoted because it duplicated an existing scored concept, depended on answer-revealing teaching text, functioned primarily as a reference table/diagram, or was less discriminating than the retained quiz image.",,
826,/Users/chriselwell/Desktop/Pulm/Pulm Pictures/Pulm Picture/Physiological-Lung-Volumes-Key.png,Physiological-Lung-Volumes-Key.png,cf495b258240db4d391632f3f5f7840dcc12207cf1ecd8b31083a8181718d07e,494,414,,REFERENCE_ONLY,"Visually reviewed in the complete candidate-sheet pass; not promoted because it duplicated an existing scored concept, depended on answer-revealing teaching text, functioned primarily as a reference table/diagram, or was less discriminating than the retained quiz image.",,
827,/Users/chriselwell/Desktop/Pulm/Pulm Pictures/Pulm Picture/Plaque Sarcoidosis.jpg,Plaque Sarcoidosis.jpg,96e62c0de182f685b643580e972fb1ef1f80862a3e943c0b1fe723e2a0be5211,1336,1000,,REFERENCE_ONLY,"Visually reviewed in the complete candidate-sheet pass; not promoted because it duplicated an existing scored concept, depended on answer-revealing teaching text, functioned primarily as a reference table/diagram, or was less discriminating than the retained quiz image.",,
828,/Users/chriselwell/Desktop/Pulm/Pulm Pictures/Pulm Picture/Pleura-and-Pleural-Cavity-Anatomy.png,Pleura-and-Pleural-Cavity-Anatomy.png,bef3b763f71d78720fe30221978f80b7e4ae97f7f137398dc924722ce98a9542,1016,794,,REFERENCE_ONLY,"Visually reviewed in the complete candidate-sheet pass; not promoted because it duplicated an existing scored concept, depended on answer-revealing teaching text, functioned primarily as a reference table/diagram, or was less discriminating than the retained quiz image.",,
829,/Users/chriselwell/Desktop/Pulm/Pulm Pictures/Pulm Picture/Pleural Cavity.jpeg,Pleural Cavity.jpeg,eb35c4b2921fca6a5a1d67582e46c34d8bd5cd0f00276d44242a0f87cd439445,3600,1479,,REFERENCE_ONLY,"Visually reviewed in the complete candidate-sheet pass; not promoted because it duplicated an existing scored concept, depended on answer-revealing teaching text, functioned primarily as a reference table/diagram, or was less discriminating than the retained quiz image.",,
830,/Users/chriselwell/Desktop/Pulm/Pulm Pictures/Pulm Picture/Pleural Effusion (2).png,Pleural Effusion (2).png,5e9d2c484013a1f7a2b2df99a76a1fc4b9cd3cfa06d7bd7262054fe6a323a9e1,3000,2322,,REFERENCE_ONLY,"Visually reviewed in the complete candidate-sheet pass; not promoted because it duplicated an existing scored concept, depended on answer-revealing teaching text, functioned primarily as a reference table/diagram, or was less discriminating than the retained quiz image.",,
831,/Users/chriselwell/Desktop/Pulm/Pulm Pictures/Pulm Picture/Pleural Effusion with Mediastinal Shift.jpg,Pleural Effusion with Mediastinal Shift.jpg,003e1de7faa6db8498af05bd256350cea1f39a7f2a9bf3d7af63ae7fa9c5aa21,1206,1000,,REFERENCE_ONLY,"Visually reviewed in the complete candidate-sheet pass; not promoted because it duplicated an existing scored concept, depended on answer-revealing teaching text, functioned primarily as a reference table/diagram, or was less discriminating than the retained quiz image.",,
832,/Users/chriselwell/Desktop/Pulm/Pulm Pictures/Pulm Picture/Pleural Effusion.png,Pleural Effusion.png,a30bceab9cf722b9afe6808cd833ddeaad686f293851ff7ab1bfeb254594f39b,2401,1861,,REFERENCE_ONLY,"Visually reviewed in the complete candidate-sheet pass; not promoted because it duplicated an existing scored concept, depended on answer-revealing teaching text, functioned primarily as a reference table/diagram, or was less discriminating than the retained quiz image.",,
833,/Users/chriselwell/Desktop/Pulm/Pulm Pictures/Pulm Picture/Pleural-Effusion.png,Pleural-Effusion.png,78e6db962e8c8df0154a0b8ff7ad069979b2b57bb5590ba5df2d7e80239a9241,591,700,,REFERENCE_ONLY,"Visually reviewed in the complete candidate-sheet pass; not promoted because it duplicated an existing scored concept, depended on answer-revealing teaching text, functioned primarily as a reference table/diagram, or was less discriminating than the retained quiz image.",,
834,/Users/chriselwell/Desktop/Pulm/Pulm Pictures/Pulm Picture/Pleural-Effusions.png,Pleural-Effusions.png,87d2a5ea1c6c2954a4bcb88ee9e2c016af2d6f44e7a162220e44215dbb1cbe78,1472,992,,REFERENCE_ONLY,"Visually reviewed in the complete candidate-sheet pass; not promoted because it duplicated an existing scored concept, depended on answer-revealing teaching text, functioned primarily as a reference table/diagram, or was less discriminating than the retained quiz image.",,
835,/Users/chriselwell/Desktop/Pulm/Pulm Pictures/Pulm Picture/Pleural-Membranes-Anatomy.png,Pleural-Membranes-Anatomy.png,c26e2f0086625437664d2eb61e6aeff75703f1447e3852f93cbb9cf1b7b63107,1400,800,,REFERENCE_ONLY,"Visually reviewed in the complete candidate-sheet pass; not promoted because it duplicated an existing scored concept, depended on answer-revealing teaching text, functioned primarily as a reference table/diagram, or was less discriminating than the retained quiz image.",,
836,/Users/chriselwell/Desktop/Pulm/Pulm Pictures/Pulm Picture/Pneumoconioses.png,Pneumoconioses.png,2dd1e07658efa520dfbeca12fbd203a386bee25d3458d7d63f036b0f3cf67e31,1550,1500,,REFERENCE_ONLY,"Visually reviewed in the complete candidate-sheet pass; not promoted because it duplicated an existing scored concept, depended on answer-revealing teaching text, functioned primarily as a reference table/diagram, or was less discriminating than the retained quiz image.",,
837,/Users/chriselwell/Desktop/Pulm/Pulm Pictures/Pulm Picture/Pneumoconiosis.png,Pneumoconiosis.png,da8f6d9df8789d1abeb90c0a2aedec42f929ac4c53ff04250e1fe749ff58c24c,500,377,,REFERENCE_ONLY,"Visually reviewed in the complete candidate-sheet pass; not promoted because it duplicated an existing scored concept, depended on answer-revealing teaching text, functioned primarily as a reference table/diagram, or was less discriminating than the retained quiz image.",,
838,/Users/chriselwell/Desktop/Pulm/Pulm Pictures/Pulm Picture/Pneumocystis-Jirovecii-Histology.png,Pneumocystis-Jirovecii-Histology.png,4d17ca4625b3d83ea024dc3d3cb03ca35e3fdc2fdeeaa92b9cc4a20c067c2b04,700,587,,ADDED_SCORED,Paired H&E and silver-stained sections jointly show foamy intra-alveolar exudate and crescentic cyst forms after the answer title is removed.,q_0f55c8f39a6f,public/assets/images/quiz_104366a09ef68557.png
839,/Users/chriselwell/Desktop/Pulm/Pulm Pictures/Pulm Picture/Pneumocystis-Jirovecii-Pneumonia-Chest-Xray.jpg,Pneumocystis-Jirovecii-Pneumonia-Chest-Xray.jpg,cdb0a92e00a4731bcf60f97e18f4dfefb000eb79c103c5b4136baad49bed6a2a,600,677,,REFERENCE_ONLY,"Visually reviewed in the complete candidate-sheet pass; not promoted because it duplicated an existing scored concept, depended on answer-revealing teaching text, functioned primarily as a reference table/diagram, or was less discriminating than the retained quiz image.",,
840,/Users/chriselwell/Desktop/Pulm/Pulm Pictures/Pulm Picture/Pneumocystis-Jirovecii-Pneumonia-Histology.jpg,Pneumocystis-Jirovecii-Pneumonia-Histology.jpg,2c25d879b6bd65cd2e756c804d20988e593af0da4bb9cffce0238d5ac927170e,625,700,,REFERENCE_ONLY,"Visually reviewed in the complete candidate-sheet pass; not promoted because it duplicated an existing scored concept, depended on answer-revealing teaching text, functioned primarily as a reference table/diagram, or was less discriminating than the retained quiz image.",,
841,/Users/chriselwell/Desktop/Pulm/Pulm Pictures/Pulm Picture/Pneumomediastinum-and-Pneumopericardium.jpg,Pneumomediastinum-and-Pneumopericardium.jpg,b6be8b8f680c8871cb18fe3ff45e8d888b6777b5ab9365b34de46fe41504496c,700,340,,REFERENCE_ONLY,"Visually reviewed in the complete candidate-sheet pass; not promoted because it duplicated an existing scored concept, depended on answer-revealing teaching text, functioned primarily as a reference table/diagram, or was less discriminating than the retained quiz image.",,
842,/Users/chriselwell/Desktop/Pulm/Pulm Pictures/Pulm Picture/Pneumonia CT.jpg,Pneumonia CT.jpg,5284f701a0f036ba03c42b769cf1329841214c1d1a0d0eb42f25e66db916f1da,700,462,,REFERENCE_ONLY,"Visually reviewed in the complete candidate-sheet pass; not promoted because it duplicated an existing scored concept, depended on answer-revealing teaching text, functioned primarily as a reference table/diagram, or was less discriminating than the retained quiz image.",,
843,/Users/chriselwell/Desktop/Pulm/Pulm Pictures/Pulm Picture/Pneumonia Stages.jpg,Pneumonia Stages.jpg,5568820a535c10023c43a1d4b866c4ee7dfe6cfc503ea2b4211871c5f28345cd,1600,810,,REFERENCE_ONLY,"Visually reviewed in the complete candidate-sheet pass; not promoted because it duplicated an existing scored concept, depended on answer-revealing teaching text, functioned primarily as a reference table/diagram, or was less discriminating than the retained quiz image.",,
844,/Users/chriselwell/Desktop/Pulm/Pulm Pictures/Pulm Picture/Pneumonia with Parapneumonic Effusion.jpg,Pneumonia with Parapneumonic Effusion.jpg,786e368a4553a9674d5f98da28a8b1efc3e5eeefad2934a11e182bb37c640b04,762,1000,,REFERENCE_ONLY,"Visually reviewed in the complete candidate-sheet pass; not promoted because it duplicated an existing scored concept, depended on answer-revealing teaching text, functioned primarily as a reference table/diagram, or was less discriminating than the retained quiz image.",,
845,/Users/chriselwell/Desktop/Pulm/Pulm Pictures/Pulm Picture/Pneumonia.jpg,Pneumonia.jpg,e4dce36e87f5a39c7e784662081740224367fab9daed38e9c83fd8a4be7c576f,1328,999,,REFERENCE_ONLY,"Visually reviewed in the complete candidate-sheet pass; not promoted because it duplicated an existing scored concept, depended on answer-revealing teaching text, functioned primarily as a reference table/diagram, or was less discriminating than the retained quiz image.",,
846,/Users/chriselwell/Desktop/Pulm/Pulm Pictures/Pulm Picture/Pneumonia.png,Pneumonia.png,36d53d870f0d30e146ceb325c9b59880975bbf199c9ef70449f3c82d3971d5bd,3000,2322,,REFERENCE_ONLY,"Visually reviewed in the complete candidate-sheet pass; not promoted because it duplicated an existing scored concept, depended on answer-revealing teaching text, functioned primarily as a reference table/diagram, or was less discriminating than the retained quiz image.",,
847,/Users/chriselwell/Desktop/Pulm/Pulm Pictures/Pulm Picture/pneumothorax-anatomy.jpg,pneumothorax-anatomy.jpg,beef1d84f35b3895a5ea4ffd003f9f6d053a7d0460d35dfd4662c5fb48ed22d7,700,700,,REFERENCE_ONLY,"Visually reviewed in the complete candidate-sheet pass; not promoted because it duplicated an existing scored concept, depended on answer-revealing teaching text, functioned primarily as a reference table/diagram, or was less discriminating than the retained quiz image.",,
848,/Users/chriselwell/Desktop/Pulm/Pulm Pictures/Pulm Picture/Pneumothorax-Collapsed-Lung.jpg,Pneumothorax-Collapsed-Lung.jpg,ae06ae32a0d9c8d3fe4dd9edb5a7491c35196f9c9e29d1a8b0537d1ff2e27563,700,399,,REFERENCE_ONLY,"Visually reviewed in the complete candidate-sheet pass; not promoted because it duplicated an existing scored concept, depended on answer-revealing teaching text, functioned primarily as a reference table/diagram, or was less discriminating than the retained quiz image.",,
849,/Users/chriselwell/Desktop/Pulm/Pulm Pictures/Pulm Picture/Pneumothorax-Types-Notes-and-Imaging.png,Pneumothorax-Types-Notes-and-Imaging.png,5b33fe6a8d0f746106a916dad316b12aceb63498fd04b521f2677113f0dbc33b,1196,780,,REFERENCE_ONLY,"Visually reviewed in the complete candidate-sheet pass; not promoted because it duplicated an existing scored concept, depended on answer-revealing teaching text, functioned primarily as a reference table/diagram, or was less discriminating than the retained quiz image.",,
850,/Users/chriselwell/Desktop/Pulm/Pulm Pictures/Pulm Picture/Pneumothorax-with-Subcutaneous-Emphysema.png,Pneumothorax-with-Subcutaneous-Emphysema.png,20f94b31004277514f9f914a4d842ec934e9bb7d509b5485477faade733b2ac6,700,431,,REFERENCE_ONLY,"Visually reviewed in the complete candidate-sheet pass; not promoted because it duplicated an existing scored concept, depended on answer-revealing teaching text, functioned primarily as a reference table/diagram, or was less discriminating than the retained quiz image.",,
851,/Users/chriselwell/Desktop/Pulm/Pulm Pictures/Pulm Picture/Pneumothorax.jpeg,Pneumothorax.jpeg,0c586907565ee1a4b8fd0f237b3e13ac4f8c0739bbe35f0ffb3f0c76af2da197,3000,2322,,REFERENCE_ONLY,"Visually reviewed in the complete candidate-sheet pass; not promoted because it duplicated an existing scored concept, depended on answer-revealing teaching text, functioned primarily as a reference table/diagram, or was less discriminating than the retained quiz image.",,
852,/Users/chriselwell/Desktop/Pulm/Pulm Pictures/Pulm Picture/Pneumothorax.png,Pneumothorax.png,f8379b4e1a66595dfa8188d5d498717b926093caa10aa335183f4c0ee1fa9e38,1544,976,,REFERENCE_ONLY,"Visually reviewed in the complete candidate-sheet pass; not promoted because it duplicated an existing scored concept, depended on answer-revealing teaching text, functioned primarily as a reference table/diagram, or was less discriminating than the retained quiz image.",,
853,/Users/chriselwell/Desktop/Pulm/Pulm Pictures/Pulm Picture/POCUS Protocol for Detection of Lower Extremity DVT.jpg,POCUS Protocol for Detection of Lower Extremity DVT.jpg,7812e0f8887dc78de5b85521fc77467110d117011ebed78ac704dcd32de0823d,1600,797,,REFERENCE_ONLY,"Visually reviewed in the complete candidate-sheet pass; not promoted because it duplicated an existing scored concept, depended on answer-revealing teaching text, functioned primarily as a reference table/diagram, or was less discriminating than the retained quiz image.",,
854,/Users/chriselwell/Desktop/Pulm/Pulm Pictures/Pulm Picture/Polysaccharide Capsule.jpg,Polysaccharide Capsule.jpg,b75f0fef80988c7045fc0eedde4450ab013787709e06cd3b8e48b8cdecbc4c5f,700,499,,REFERENCE_ONLY,"Visually reviewed in the complete candidate-sheet pass; not promoted because it duplicated an existing scored concept, depended on answer-revealing teaching text, functioned primarily as a reference table/diagram, or was less discriminating than the retained quiz image.",,
855,/Users/chriselwell/Desktop/Pulm/Pulm Pictures/Pulm Picture/Potential Immune Response and Disease Course of Covid-19.jpg,Potential Immune Response and Disease Course of Covid-19.jpg,53cccc720db9c611c9c714090bb7294096bad9f25c8cfdec292b9d6daae726cc,1393,1000,,REFERENCE_ONLY,"Visually reviewed in the complete candidate-sheet pass; not promoted because it duplicated an existing scored concept, depended on answer-revealing teaching text, functioned primarily as a reference table/diagram, or was less discriminating than the retained quiz image.",,
856,/Users/chriselwell/Desktop/Pulm/Pulm Pictures/Pulm Picture/Pressure-Flow Loop.jpg,Pressure-Flow Loop.jpg,202ef2238e834a3a5b79a5f25a354ac7981602562ac08ce3ef1c61e73b7ae1ee,1600,519,,REFERENCE_ONLY,"Visually reviewed in the complete candidate-sheet pass; not promoted because it duplicated an existing scored concept, depended on answer-revealing teaching text, functioned primarily as a reference table/diagram, or was less discriminating than the retained quiz image.",,
857,/Users/chriselwell/Desktop/Pulm/Pulm Pictures/Pulm Picture/Pseudoephedrine-Phenylephrine.png,Pseudoephedrine-Phenylephrine.png,d88c184c003ba76046b3ec457b1003d26095da399ac00745573a68a431b90c40,1492,246,,REFERENCE_ONLY,"Visually reviewed in the complete candidate-sheet pass; not promoted because it duplicated an existing scored concept, depended on answer-revealing teaching text, functioned primarily as a reference table/diagram, or was less discriminating than the retained quiz image.",,
858,/Users/chriselwell/Desktop/Pulm/Pulm Pictures/Pulm Picture/Pseudomonas.png,Pseudomonas.png,5c0054e9ecdf3213f60eb20014b1d11505cff6c2ff904d2d30b1353858ad8307,984,1080,,REFERENCE_ONLY,"Visually reviewed in the complete candidate-sheet pass; not promoted because it duplicated an existing scored concept, depended on answer-revealing teaching text, functioned primarily as a reference table/diagram, or was less discriminating than the retained quiz image.",,
859,/Users/chriselwell/Desktop/Pulm/Pulm Pictures/Pulm Picture/Psoriasiform Sarcoidosis.jpg,Psoriasiform Sarcoidosis.jpg,639e38d88a84ed02913b659f9159e7e1b70bcb46e6e16de67615eb375f491820,1403,999,,REFERENCE_ONLY,"Visually reviewed in the complete candidate-sheet pass; not promoted because it duplicated an existing scored concept, depended on answer-revealing teaching text, functioned primarily as a reference table/diagram, or was less discriminating than the retained quiz image.",,
860,/Users/chriselwell/Desktop/Pulm/Pulm Pictures/Pulm Picture/Psuedomonas.png,Psuedomonas.png,32e22d4d6b339072e72521b6595d6ae5ab1438e36cf94e049d27982063ba559b,1448,1086,,REFERENCE_ONLY,"Visually reviewed in the complete candidate-sheet pass; not promoted because it duplicated an existing scored concept, depended on answer-revealing teaching text, functioned primarily as a reference table/diagram, or was less discriminating than the retained quiz image.",,
861,/Users/chriselwell/Desktop/Pulm/Pulm Pictures/Pulm Picture/Pulmonary Abnormalities in Lung Cancer.jpg,Pulmonary Abnormalities in Lung Cancer.jpg,ab09a799fb0fce3e0f6391c8fafb7816eb190121f0a64e2faaec77b90a975c24,1233,1000,,REFERENCE_ONLY,"Visually reviewed in the complete candidate-sheet pass; not promoted because it duplicated an existing scored concept, depended on answer-revealing teaching text, functioned primarily as a reference table/diagram, or was less discriminating than the retained quiz image.",,
862,/Users/chriselwell/Desktop/Pulm/Pulm Pictures/Pulm Picture/Pulmonary Asbestosis Marked.jpg,Pulmonary Asbestosis Marked.jpg,3c6ec8dd1f414bef85618f61181c91043d1cdb9b46e763947838810436146abd,883,1000,,REFERENCE_ONLY,"Visually reviewed in the complete candidate-sheet pass; not promoted because it duplicated an existing scored concept, depended on answer-revealing teaching text, functioned primarily as a reference table/diagram, or was less discriminating than the retained quiz image.",,
863,/Users/chriselwell/Desktop/Pulm/Pulm Pictures/Pulm Picture/Pulmonary Asbestosis Plain.jpg,Pulmonary Asbestosis Plain.jpg,bf04be9a959a56fc1d8f1a5605ce4f6039f9417344cfb26a72e669cbbcdc0f49,883,1000,,REFERENCE_ONLY,"Visually reviewed in the complete candidate-sheet pass; not promoted because it duplicated an existing scored concept, depended on answer-revealing teaching text, functioned primarily as a reference table/diagram, or was less discriminating than the retained quiz image.",,
864,/Users/chriselwell/Desktop/Pulm/Pulm Pictures/Pulm Picture/Pulmonary Aspergilloma in Sarcoidosis.jpg,Pulmonary Aspergilloma in Sarcoidosis.jpg,60d7637cb7fbbc195cf8153901907143db80df7715d29d07c2b8cc0be6d7464d,718,999,,REFERENCE_ONLY,"Visually reviewed in the complete candidate-sheet pass; not promoted because it duplicated an existing scored concept, depended on answer-revealing teaching text, functioned primarily as a reference table/diagram, or was less discriminating than the retained quiz image.",,
865,/Users/chriselwell/Desktop/Pulm/Pulm Pictures/Pulm Picture/Pulmonary Aspergillosis.jpg,Pulmonary Aspergillosis.jpg,a541a5d13ea788d8df500ceff3b80dab05ce31a75cdd429a8a114391ee371d92,1500,1000,,REFERENCE_ONLY,"Visually reviewed in the complete candidate-sheet pass; not promoted because it duplicated an existing scored concept, depended on answer-revealing teaching text, functioned primarily as a reference table/diagram, or was less discriminating than the retained quiz image.",,
866,/Users/chriselwell/Desktop/Pulm/Pulm Pictures/Pulm Picture/Pulmonary Cryptococcosis 2.jpg,Pulmonary Cryptococcosis 2.jpg,56ecbcf2448bdb1dc98aa763e39f8d8253ce1a067869938bab57a0571dbab486,1333,1000,,REFERENCE_ONLY,"Visually reviewed in the complete candidate-sheet pass; not promoted because it duplicated an existing scored concept, depended on answer-revealing teaching text, functioned primarily as a reference table/diagram, or was less discriminating than the retained quiz image.",,
867,/Users/chriselwell/Desktop/Pulm/Pulm Pictures/Pulm Picture/Pulmonary Cryptococcosis.jpg,Pulmonary Cryptococcosis.jpg,27c8b7544acecb48582d977ece017c8e09e092cbc5cc3d2e63a88d664b6a8569,1333,1000,,REFERENCE_ONLY,"Visually reviewed in the complete candidate-sheet pass; not promoted because it duplicated an existing scored concept, depended on answer-revealing teaching text, functioned primarily as a reference table/diagram, or was less discriminating than the retained quiz image.",,
868,/Users/chriselwell/Desktop/Pulm/Pulm Pictures/Pulm Picture/Pulmonary Edema.png,Pulmonary Edema.png,1dfe478e30f7c2531c3f7839609b9481d4311be0f807af2b8f8e8fd124487dfc,640,490,,REFERENCE_ONLY,"Visually reviewed in the complete candidate-sheet pass; not promoted because it duplicated an existing scored concept, depended on answer-revealing teaching text, functioned primarily as a reference table/diagram, or was less discriminating than the retained quiz image.",,
869,/Users/chriselwell/Desktop/Pulm/Pulm Pictures/Pulm Picture/Pulmonary Embolism with Infarction from Pneumonia (Left Side).jpg,Pulmonary Embolism with Infarction from Pneumonia (Left Side).jpg,f5074d36545f30ab8e693bae11be5bc10855113bf0ea7d7a1c9c7a44fe6dc0e6,1175,1000,,REFERENCE_ONLY,"Visually reviewed in the complete candidate-sheet pass; not promoted because it duplicated an existing scored concept, depended on answer-revealing teaching text, functioned primarily as a reference table/diagram, or was less discriminating than the retained quiz image.",,
870,/Users/chriselwell/Desktop/Pulm/Pulm Pictures/Pulm Picture/Pulmonary Embolism with Infarction.jpg,Pulmonary Embolism with Infarction.jpg,4c05d6eb33587f20eb4274e5dd85b597b485d17a879f6513b818d983568409d5,1001,374,,REFERENCE_ONLY,"Visually reviewed in the complete candidate-sheet pass; not promoted because it duplicated an existing scored concept, depended on answer-revealing teaching text, functioned primarily as a reference table/diagram, or was less discriminating than the retained quiz image.",,
871,/Users/chriselwell/Desktop/Pulm/Pulm Pictures/Pulm Picture/Pulmonary Embolism- Pathophysiologic Response of the Lung.jpg,Pulmonary Embolism- Pathophysiologic Response of the Lung.jpg,711904e98601fea50fee843dc4d3c1244269538c52dafa5e3d7163d794b9998e,1600,938,,REFERENCE_ONLY,"Visually reviewed in the complete candidate-sheet pass; not promoted because it duplicated an existing scored concept, depended on answer-revealing teaching text, functioned primarily as a reference table/diagram, or was less discriminating than the retained quiz image.",,
872,/Users/chriselwell/Desktop/Pulm/Pulm Pictures/Pulm Picture/Pulmonary Embolism.jpg,Pulmonary Embolism.jpg,8be9afcd9a1ee06af565397df729564ebeedd8632177f187d375b69d8970f4ca,1600,489,,REFERENCE_ONLY,"Visually reviewed in the complete candidate-sheet pass; not promoted because it duplicated an existing scored concept, depended on answer-revealing teaching text, functioned primarily as a reference table/diagram, or was less discriminating than the retained quiz image.",,
873,/Users/chriselwell/Desktop/Pulm/Pulm Pictures/Pulm Picture/Pulmonary Emphysema.jpg,Pulmonary Emphysema.jpg,d2d544cd30f4502842192c8bd36c4bfa88191c181792c2df25605ae4a78cc70d,1600,963,,REFERENCE_ONLY,"Visually reviewed in the complete candidate-sheet pass; not promoted because it duplicated an existing scored concept, depended on answer-revealing teaching text, functioned primarily as a reference table/diagram, or was less discriminating than the retained quiz image.",,
874,/Users/chriselwell/Desktop/Pulm/Pulm Pictures/Pulm Picture/Pulmonary Fibrosis Marked.jpg,Pulmonary Fibrosis Marked.jpg,3c1caf02cc2c7d3a6c882c7eac1ff5f1dc4921848f3fb37bd81ea34570937e11,1600,996,,REFERENCE_ONLY,"Visually reviewed in the complete candidate-sheet pass; not promoted because it duplicated an existing scored concept, depended on answer-revealing teaching text, functioned primarily as a reference table/diagram, or was less discriminating than the retained quiz image.",,
875,/Users/chriselwell/Desktop/Pulm/Pulm Pictures/Pulm Picture/Pulmonary Fibrosis Plain.jpg,Pulmonary Fibrosis Plain.jpg,caecbb60e111676bb050e17e47300631df924a9c6e2277bb305553dc8454b3b4,1600,996,,REFERENCE_ONLY,"Visually reviewed in the complete candidate-sheet pass; not promoted because it duplicated an existing scored concept, depended on answer-revealing teaching text, functioned primarily as a reference table/diagram, or was less discriminating than the retained quiz image.",,
876,/Users/chriselwell/Desktop/Pulm/Pulm Pictures/Pulm Picture/Pulmonary Granuloma in Sarcoidosis.jpg,Pulmonary Granuloma in Sarcoidosis.jpg,7f5ab4a8c38574b9c7e5124c76ac9ecb5b282194c2805807c22bd3c916adb366,1333,1000,,REFERENCE_ONLY,"Visually reviewed in the complete candidate-sheet pass; not promoted because it duplicated an existing scored concept, depended on answer-revealing teaching text, functioned primarily as a reference table/diagram, or was less discriminating than the retained quiz image.",,
877,/Users/chriselwell/Desktop/Pulm/Pulm Pictures/Pulm Picture/Pulmonary Hamartoma.jpg,Pulmonary Hamartoma.jpg,a4b9fde5fcdccd9fb5cbb98fa823f25bf7c1c2050b6fe449dfe9ed0bece206af,1500,1000,,REFERENCE_ONLY,"Visually reviewed in the complete candidate-sheet pass; not promoted because it duplicated an existing scored concept, depended on answer-revealing teaching text, functioned primarily as a reference table/diagram, or was less discriminating than the retained quiz image.",,
878,/Users/chriselwell/Desktop/Pulm/Pulm Pictures/Pulm Picture/Pulmonary Hyperinflation (1:2).jpg,Pulmonary Hyperinflation (1:2).jpg,6628d48ba7182ac9caa3783f707bd2d701fbcf1b736ce5f8742be11cc0377e3c,1074,1000,,REFERENCE_ONLY,"Visually reviewed in the complete candidate-sheet pass; not promoted because it duplicated an existing scored concept, depended on answer-revealing teaching text, functioned primarily as a reference table/diagram, or was less discriminating than the retained quiz image.",,
879,/Users/chriselwell/Desktop/Pulm/Pulm Pictures/Pulm Picture/Pulmonary Large Cell Carcinoma.png,Pulmonary Large Cell Carcinoma.png,367d9befb2dcfc619f789adc3b37c6ffa8868064b94be3499c64c86db4cd94da,700,649,,REFERENCE_ONLY,"Visually reviewed in the complete candidate-sheet pass; not promoted because it duplicated an existing scored concept, depended on answer-revealing teaching text, functioned primarily as a reference table/diagram, or was less discriminating than the retained quiz image.",,
880,/Users/chriselwell/Desktop/Pulm/Pulm Pictures/Pulm Picture/Pulmonary Nodules in Simple Silicosis.jpg,Pulmonary Nodules in Simple Silicosis.jpg,78bce641eb614c1bc250d43aa3fac9fe480fe60c28eb6ebff058d6494f92a190,1125,1000,,REFERENCE_ONLY,"Visually reviewed in the complete candidate-sheet pass; not promoted because it duplicated an existing scored concept, depended on answer-revealing teaching text, functioned primarily as a reference table/diagram, or was less discriminating than the retained quiz image.",,
881,/Users/chriselwell/Desktop/Pulm/Pulm Pictures/Pulm Picture/Pulmonary Sarcoidosis.jpg,Pulmonary Sarcoidosis.jpg,e711205cb09b739493c4d71aaa0798e4e8ac5837fd765c8b82caca43c4d1a9a7,1369,1000,,REFERENCE_ONLY,"Visually reviewed in the complete candidate-sheet pass; not promoted because it duplicated an existing scored concept, depended on answer-revealing teaching text, functioned primarily as a reference table/diagram, or was less discriminating than the retained quiz image.",,
882,/Users/chriselwell/Desktop/Pulm/Pulm Pictures/Pulm Picture/Pulmonary Tuberculosis Fact Sheet.jpg,Pulmonary Tuberculosis Fact Sheet.jpg,60ec4bfcfa80ecfe0fec248226defe0fef2b870c18760b6b3c7a375a68c0c5d8,1600,836,,REFERENCE_ONLY,"Visually reviewed in the complete candidate-sheet pass; not promoted because it duplicated an existing scored concept, depended on answer-revealing teaching text, functioned primarily as a reference table/diagram, or was less discriminating than the retained quiz image.",,
883,/Users/chriselwell/Desktop/Pulm/Pulm Pictures/Pulm Picture/Pulmonary Tuberculosis in the Left Upper Lobe.jpg,Pulmonary Tuberculosis in the Left Upper Lobe.jpg,52357c190192f17dec39d254985cab1de0baf07f650e4b6847b638b605840d14,1478,1000,,REFERENCE_ONLY,"Visually reviewed in the complete candidate-sheet pass; not promoted because it duplicated an existing scored concept, depended on answer-revealing teaching text, functioned primarily as a reference table/diagram, or was less discriminating than the retained quiz image.",,
884,/Users/chriselwell/Desktop/Pulm/Pulm Pictures/Pulm Picture/Pulmonary Tuberculosis.jpg,Pulmonary Tuberculosis.jpg,c9c008026445733cb79426afced073c55b47b768f418b3bb7c79f021fc1e23fa,1508,999,,REFERENCE_ONLY,"Visually reviewed in the complete candidate-sheet pass; not promoted because it duplicated an existing scored concept, depended on answer-revealing teaching text, functioned primarily as a reference table/diagram, or was less discriminating than the retained quiz image.",,
885,/Users/chriselwell/Desktop/Pulm/Pulm Pictures/Pulm Picture/Pulmonary-Adenocarcinoma.png,Pulmonary-Adenocarcinoma.png,186df75607d92bc22ff9f40aecc080f5929c4b02766c35ae09b1bea19a51e4e4,700,530,,REFERENCE_ONLY,"Visually reviewed in the complete candidate-sheet pass; not promoted because it duplicated an existing scored concept, depended on answer-revealing teaching text, functioned primarily as a reference table/diagram, or was less discriminating than the retained quiz image.",,
886,/Users/chriselwell/Desktop/Pulm/Pulm Pictures/Pulm Picture/Pulmonary-Arterial-Hypertension.jpg,Pulmonary-Arterial-Hypertension.jpg,d38c18d84388267c8f10c168285789de3b4a6d764329943beb34b501f57441a2,700,370,,REFERENCE_ONLY,"Visually reviewed in the complete candidate-sheet pass; not promoted because it duplicated an existing scored concept, depended on answer-revealing teaching text, functioned primarily as a reference table/diagram, or was less discriminating than the retained quiz image.",,
887,/Users/chriselwell/Desktop/Pulm/Pulm Pictures/Pulm Picture/Pulmonary-Artery-Pressure-Equation-Phtn.png,Pulmonary-Artery-Pressure-Equation-Phtn.png,f10d288d04dca37bd7f02fa9ba85a331ecbd3dec3c230bc399ce205c0bda3a94,1070,1014,,REFERENCE_ONLY,"Visually reviewed in the complete candidate-sheet pass; not promoted because it duplicated an existing scored concept, depended on answer-revealing teaching text, functioned primarily as a reference table/diagram, or was less discriminating than the retained quiz image.",,
888,/Users/chriselwell/Desktop/Pulm/Pulm Pictures/Pulm Picture/Pulmonary-Bleb.jpg,Pulmonary-Bleb.jpg,e81e6eb50d9db99c61a49a7016cf44fc94606da7c95718e978669b138ebb54b3,622,489,,REFERENCE_ONLY,"Visually reviewed in the complete candidate-sheet pass; not promoted because it duplicated an existing scored concept, depended on answer-revealing teaching text, functioned primarily as a reference table/diagram, or was less discriminating than the retained quiz image.",,
889,/Users/chriselwell/Desktop/Pulm/Pulm Pictures/Pulm Picture/Pulmonary-Blood-Flow-Zones.png,Pulmonary-Blood-Flow-Zones.png,0b958eb29086d5537911cfd7d1a82cb4ad126490501f0412c70dc64d2e9f09e1,736,878,,REFERENCE_ONLY,"Visually reviewed in the complete candidate-sheet pass; not promoted because it duplicated an existing scored concept, depended on answer-revealing teaching text, functioned primarily as a reference table/diagram, or was less discriminating than the retained quiz image.",,
890,/Users/chriselwell/Desktop/Pulm/Pulm Pictures/Pulm Picture/Pulmonary-Capillary-Pressures-Diagram.png,Pulmonary-Capillary-Pressures-Diagram.png,fce9f931b54bc7e4df5f77945af06b329739744b49c70a4365c27a18d21282c9,2034,698,,REFERENCE_ONLY,"Visually reviewed in the complete candidate-sheet pass; not promoted because it duplicated an existing scored concept, depended on answer-revealing teaching text, functioned primarily as a reference table/diagram, or was less discriminating than the retained quiz image.",,
891,/Users/chriselwell/Desktop/Pulm/Pulm Pictures/Pulm Picture/Pulmonary-Carcinoid-Tumor.jpg,Pulmonary-Carcinoid-Tumor.jpg,a380d69cba26e078333f54e5e94c97b3547632b585befae4c4c2fc30447b4442,700,503,,REFERENCE_ONLY,"Visually reviewed in the complete candidate-sheet pass; not promoted because it duplicated an existing scored concept, depended on answer-revealing teaching text, functioned primarily as a reference table/diagram, or was less discriminating than the retained quiz image.",,
892,/Users/chriselwell/Desktop/Pulm/Pulm Pictures/Pulm Picture/Pulmonary-Contusion-Chest-Xray.jpg,Pulmonary-Contusion-Chest-Xray.jpg,81fa5da927ca7129dc39c01376c3cdb803c1620392f5a7e49447a5b5dfb2046b,700,399,,REFERENCE_ONLY,"Visually reviewed in the complete candidate-sheet pass; not promoted because it duplicated an existing scored concept, depended on answer-revealing teaching text, functioned primarily as a reference table/diagram, or was less discriminating than the retained quiz image.",,
893,/Users/chriselwell/Desktop/Pulm/Pulm Pictures/Pulm Picture/Pulmonary-Contusion-Ct.jpg,Pulmonary-Contusion-Ct.jpg,bfab70353b54e511e70b672c352484131396b9726b1817d625836ed1141ee8b1,700,528,,ADDED_SCORED,The complete unannotated sagittal CT panel shows a peripheral nonlobar traumatic opacity without redundant answer-labeled material.,q_69b0a713ddbd,public/assets/images/quiz_907a7765faa232cc.png
894,/Users/chriselwell/Desktop/Pulm/Pulm Pictures/Pulm Picture/Pulmonary-Emboli.png,Pulmonary-Emboli.png,831e30077e241c88f82d7433de41a7eb24a44d7d15622e37290e627151d458ce,2472,1742,,REFERENCE_ONLY,"Visually reviewed in the complete candidate-sheet pass; not promoted because it duplicated an existing scored concept, depended on answer-revealing teaching text, functioned primarily as a reference table/diagram, or was less discriminating than the retained quiz image.",,
895,/Users/chriselwell/Desktop/Pulm/Pulm Pictures/Pulm Picture/Pulmonary-Embolism.jpg,Pulmonary-Embolism.jpg,a3d1c8256c641dc283f70a0be78d29eb60c53ebefcb5588bc74f9e12c7fb5ca3,700,700,,REFERENCE_ONLY,"Visually reviewed in the complete candidate-sheet pass; not promoted because it duplicated an existing scored concept, depended on answer-revealing teaching text, functioned primarily as a reference table/diagram, or was less discriminating than the retained quiz image.",,
896,/Users/chriselwell/Desktop/Pulm/Pulm Pictures/Pulm Picture/Pulmonary-Fibrosis-vs-Obesity-Pft-Table.png,Pulmonary-Fibrosis-vs-Obesity-Pft-Table.png,462a1d4b3fbb1b64440982a575ffba1c2696b856c300e879cae9d09033c3dab1,714,582,,REFERENCE_ONLY,"Visually reviewed in the complete candidate-sheet pass; not promoted because it duplicated an existing scored concept, depended on answer-revealing teaching text, functioned primarily as a reference table/diagram, or was less discriminating than the retained quiz image.",,
897,/Users/chriselwell/Desktop/Pulm/Pulm Pictures/Pulm Picture/Pulmonary-Hypertension.png,Pulmonary-Hypertension.png,2b697004dc82b2aa2bec643a041f24505e2b7ed6da66552d2636d3d478d09d4d,657,532,,REFERENCE_ONLY,"Visually reviewed in the complete candidate-sheet pass; not promoted because it duplicated an existing scored concept, depended on answer-revealing teaching text, functioned primarily as a reference table/diagram, or was less discriminating than the retained quiz image.",,
898,/Users/chriselwell/Desktop/Pulm/Pulm Pictures/Pulm Picture/Pulmonary-Ntm-Infection-Cavitary.png,Pulmonary-Ntm-Infection-Cavitary.png,a60e635170e0fa8f33f3ebaba525b2483d7649519595c2d05fe396e3bc37b34b,700,440,,REFERENCE_ONLY,"Visually reviewed in the complete candidate-sheet pass; not promoted because it duplicated an existing scored concept, depended on answer-revealing teaching text, functioned primarily as a reference table/diagram, or was less discriminating than the retained quiz image.",,
899,/Users/chriselwell/Desktop/Pulm/Pulm Pictures/Pulm Picture/Pulmonary-Ntm-Infection-Nodulobronchiectatic.jpg,Pulmonary-Ntm-Infection-Nodulobronchiectatic.jpg,90414fddf38a761a1691e754cddcb4282c3ceac63ef5c007aae47cacf8baf5d6,700,461,,ADDED_SCORED,A reproducible title-and-label crop preserves the complete CT and magnified inset needed to recognize branching centrilobular nodules.,q_9aebde0f198d,public/assets/images/quiz_b84cd04c5b5e45e0.png
900,/Users/chriselwell/Desktop/Pulm/Pulm Pictures/Pulm Picture/Pulmonary-Tuberculosis.png,Pulmonary-Tuberculosis.png,a88b557e5f8ba08b054a45b8dace8758871b5a21666baa1185dd00adbef36b6c,429,397,,REFERENCE_ONLY,"Visually reviewed in the complete candidate-sheet pass; not promoted because it duplicated an existing scored concept, depended on answer-revealing teaching text, functioned primarily as a reference table/diagram, or was less discriminating than the retained quiz image.",,
901,/Users/chriselwell/Desktop/Pulm/Pulm Pictures/Pulm Picture/Pulmonary-Vasculature-Endothelin-No-Prostacyclin-Pathways.png,Pulmonary-Vasculature-Endothelin-No-Prostacyclin-Pathways.png,1f06395728dc9ac5022a1a90c0b6278088075e86e2bfedbfbbae72098dd93758,1146,512,,REFERENCE_ONLY,"Visually reviewed in the complete candidate-sheet pass; not promoted because it duplicated an existing scored concept, depended on answer-revealing teaching text, functioned primarily as a reference table/diagram, or was less discriminating than the retained quiz image.",,
902,/Users/chriselwell/Desktop/Pulm/Pulm Pictures/Pulm Picture/Pulmonary-vs-Systemic-Blood-Flow-vs-Pao2.png,Pulmonary-vs-Systemic-Blood-Flow-vs-Pao2.png,0bfb671a5ee02619193ec01a1a51189540ca65be394d884f0bbe89e16d7db56b,1062,938,,REFERENCE_ONLY,"Visually reviewed in the complete candidate-sheet pass; not promoted because it duplicated an existing scored concept, depended on answer-revealing teaching text, functioned primarily as a reference table/diagram, or was less discriminating than the retained quiz image.",,
903,/Users/chriselwell/Desktop/Pulm/Pulm Pictures/Pulm Picture/Recombination.jpg,Recombination.jpg,f5342b7284155cf2415cf6a0460dc3c8f450c1022441933cb9c023e279612330,700,882,,REFERENCE_ONLY,"Visually reviewed in the complete candidate-sheet pass; not promoted because it duplicated an existing scored concept, depended on answer-revealing teaching text, functioned primarily as a reference table/diagram, or was less discriminating than the retained quiz image.",,
904,/Users/chriselwell/Desktop/Pulm/Pulm Pictures/Pulm Picture/Respiratory Distress Syndrome Part 1 of 3.jpg,Respiratory Distress Syndrome Part 1 of 3.jpg,4dd8f43db677444da4ad556ff76be81a4a85a6b6a0dba86aaadfc6594d637a7e,1023,1000,,REFERENCE_ONLY,"Visually reviewed in the complete candidate-sheet pass; not promoted because it duplicated an existing scored concept, depended on answer-revealing teaching text, functioned primarily as a reference table/diagram, or was less discriminating than the retained quiz image.",,
905,/Users/chriselwell/Desktop/Pulm/Pulm Pictures/Pulm Picture/Respiratory Distress Syndrome Part 2 of 3.jpg,Respiratory Distress Syndrome Part 2 of 3.jpg,964d17ec3893b2d494656456124df1de6ae0e23b1563a9571efcf39625bcdfba,882,1000,,REFERENCE_ONLY,"Visually reviewed in the complete candidate-sheet pass; not promoted because it duplicated an existing scored concept, depended on answer-revealing teaching text, functioned primarily as a reference table/diagram, or was less discriminating than the retained quiz image.",,
906,/Users/chriselwell/Desktop/Pulm/Pulm Pictures/Pulm Picture/Respiratory Distress Syndrome Part 3 of 3.jpg,Respiratory Distress Syndrome Part 3 of 3.jpg,07ace9ee01896d861c57361054532d4e46f6ece0c560d358e35168a39bfcb387,989,1000,,REFERENCE_ONLY,"Visually reviewed in the complete candidate-sheet pass; not promoted because it duplicated an existing scored concept, depended on answer-revealing teaching text, functioned primarily as a reference table/diagram, or was less discriminating than the retained quiz image.",,
907,/Users/chriselwell/Desktop/Pulm/Pulm Pictures/Pulm Picture/Respiratory Syncytial Virus.jpg,Respiratory Syncytial Virus.jpg,7081813af035d4f7987854f3767bcb91835988b2a53e696e4d089a48026d5a06,1499,1000,,REFERENCE_ONLY,"Visually reviewed in the complete candidate-sheet pass; not promoted because it duplicated an existing scored concept, depended on answer-revealing teaching text, functioned primarily as a reference table/diagram, or was less discriminating than the retained quiz image.",,
908,/Users/chriselwell/Desktop/Pulm/Pulm Pictures/Pulm Picture/Respiratory-Distress-Syndrome.jpg,Respiratory-Distress-Syndrome.jpg,a6905929b0badf642492786162d9f7338ea80d429ff46fec41278e3913c1eb18,700,390,,REFERENCE_ONLY,"Visually reviewed in the complete candidate-sheet pass; not promoted because it duplicated an existing scored concept, depended on answer-revealing teaching text, functioned primarily as a reference table/diagram, or was less discriminating than the retained quiz image.",,
909,/Users/chriselwell/Desktop/Pulm/Pulm Pictures/Pulm Picture/Respiratory-Histology-Overview-Notes.png,Respiratory-Histology-Overview-Notes.png,4b32af876a7890c4468cd0ed06bea2cf234adb3f8f97020449c07f380542b33f,2262,1214,,REFERENCE_ONLY,"Visually reviewed in the complete candidate-sheet pass; not promoted because it duplicated an existing scored concept, depended on answer-revealing teaching text, functioned primarily as a reference table/diagram, or was less discriminating than the retained quiz image.",,
910,/Users/chriselwell/Desktop/Pulm/Pulm Pictures/Pulm Picture/Respiratory-System-Function-Notes.png,Respiratory-System-Function-Notes.png,23d4b66047b9e7a24b361077c0994d188301b1b4ba456f8da59dd92cb1576d1a,2054,1198,,REFERENCE_ONLY,"Visually reviewed in the complete candidate-sheet pass; not promoted because it duplicated an existing scored concept, depended on answer-revealing teaching text, functioned primarily as a reference table/diagram, or was less discriminating than the retained quiz image.",,
911,/Users/chriselwell/Desktop/Pulm/Pulm Pictures/Pulm Picture/Respiratory-Tract-Zones-Notes.png,Respiratory-Tract-Zones-Notes.png,8f2adaa796d3a60b77a7402024b40e71ca98943b632f33711ebfe685b028f2ed,1394,866,,REFERENCE_ONLY,"Visually reviewed in the complete candidate-sheet pass; not promoted because it duplicated an existing scored concept, depended on answer-revealing teaching text, functioned primarily as a reference table/diagram, or was less discriminating than the retained quiz image.",,
912,/Users/chriselwell/Desktop/Pulm/Pulm Pictures/Pulm Picture/Respirographic Patterns.png,Respirographic Patterns.png,550e8557f923352bfae590cd5604fc116e6272a9c64e2b6c56e597f893f73332,3600,2934,,REFERENCE_ONLY,"Visually reviewed in the complete candidate-sheet pass; not promoted because it duplicated an existing scored concept, depended on answer-revealing teaching text, functioned primarily as a reference table/diagram, or was less discriminating than the retained quiz image.",,
913,/Users/chriselwell/Desktop/Pulm/Pulm Pictures/Pulm Picture/Retropharyngeal-Abscess.jpg,Retropharyngeal-Abscess.jpg,bc566e33e86de86ef43c1332f8ba0420163132933a7414d4c2441d4dcbd208bf,700,626,,ADDED_SCORED,The diagnosis label is masked while the complete sagittal anatomy and highlighted posterior pharyngeal-space collection remain visible.,q_3de250d13643,public/assets/images/quiz_0b1d2983e43b4571.png
914,/Users/chriselwell/Desktop/Pulm/Pulm Pictures/Pulm Picture/Rheumatoid-Associated Interstitial Lung Disease (RA-ILD).jpg,Rheumatoid-Associated Interstitial Lung Disease (RA-ILD).jpg,d14a79d2b51eb9b4e2cae852c80d559f7fc4ddc3c5b399ba3aef4dfdbffffa81,512,512,,REFERENCE_ONLY,"Visually reviewed in the complete candidate-sheet pass; not promoted because it duplicated an existing scored concept, depended on answer-revealing teaching text, functioned primarily as a reference table/diagram, or was less discriminating than the retained quiz image.",,
915,/Users/chriselwell/Desktop/Pulm/Pulm Pictures/Pulm Picture/Rhinovirus.png,Rhinovirus.png,4cfeba38e50bad9a91923de4d4622a5f13858d300b1c23cdd6106c1451522b8f,1405,1120,,REFERENCE_ONLY,"Visually reviewed in the complete candidate-sheet pass; not promoted because it duplicated an existing scored concept, depended on answer-revealing teaching text, functioned primarily as a reference table/diagram, or was less discriminating than the retained quiz image.",,
916,/Users/chriselwell/Desktop/Pulm/Pulm Pictures/Pulm Picture/Rib-Fractures-and-Pneumothorax.jpg,Rib-Fractures-and-Pneumothorax.jpg,714ae6d6e4751d0dc8fa5c6f4c714dbe772423feab06e43470ffb1b5b8546774,700,372,,REFERENCE_ONLY,"Visually reviewed in the complete candidate-sheet pass; not promoted because it duplicated an existing scored concept, depended on answer-revealing teaching text, functioned primarily as a reference table/diagram, or was less discriminating than the retained quiz image.",,
917,/Users/chriselwell/Desktop/Pulm/Pulm Pictures/Pulm Picture/Right Lower Lobe Consolidation.jpg,Right Lower Lobe Consolidation.jpg,d3875dd89ab0f3729adc0f404b70d2b9b9ccb9e459b4349f8eba102adec8b72d,810,1000,,REFERENCE_ONLY,"Visually reviewed in the complete candidate-sheet pass; not promoted because it duplicated an existing scored concept, depended on answer-revealing teaching text, functioned primarily as a reference table/diagram, or was less discriminating than the retained quiz image.",,
918,/Users/chriselwell/Desktop/Pulm/Pulm Pictures/Pulm Picture/Right Upper Lobe Lung Mass.jpg,Right Upper Lobe Lung Mass.jpg,140c1cce0ef39871febd967a4dacf8fdb4430be87f97b5f867ec9b595eeefef9,1246,1000,,REFERENCE_ONLY,"Visually reviewed in the complete candidate-sheet pass; not promoted because it duplicated an existing scored concept, depended on answer-revealing teaching text, functioned primarily as a reference table/diagram, or was less discriminating than the retained quiz image.",,
919,/Users/chriselwell/Desktop/Pulm/Pulm Pictures/Pulm Picture/Risk Factors for Developing Pneumonia.png,Risk Factors for Developing Pneumonia.png,cfdc4e96e68836d99e3db87602cc882bbfdc40e4d8e14d47c7be83adee838512,1184,648,,REFERENCE_ONLY,"Visually reviewed in the complete candidate-sheet pass; not promoted because it duplicated an existing scored concept, depended on answer-revealing teaching text, functioned primarily as a reference table/diagram, or was less discriminating than the retained quiz image.",,
920,/Users/chriselwell/Desktop/Pulm/Pulm Pictures/Pulm Picture/RNA Viruses.png,RNA Viruses.png,8b01edf653c9441faa94af36776bd6078a7294c8e5025ad17f75335e6f4e14ea,700,806,,REFERENCE_ONLY,"Visually reviewed in the complete candidate-sheet pass; not promoted because it duplicated an existing scored concept, depended on answer-revealing teaching text, functioned primarily as a reference table/diagram, or was less discriminating than the retained quiz image.",,
921,/Users/chriselwell/Desktop/Pulm/Pulm Pictures/Pulm Picture/Saddle Pulmonary Embolism.jpg,Saddle Pulmonary Embolism.jpg,dbc57bad07fb74ea15f47fdc5b8235e727cde6aa62c3f5034309639421bbb91a,1270,1000,,ADDED_SCORED,Complete axial CTPA image clearly localizes thrombus across the pulmonary-artery bifurcation and aligns with P26.,q_c5909e0f0017,public/assets/images/quiz_13665993c4fb4492.png
922,/Users/chriselwell/Desktop/Pulm/Pulm Pictures/Pulm Picture/Sarcoidosis CT.jpg,Sarcoidosis CT.jpg,7fed8a22b4d8523417c3a6916ee1b223c8434479a1fbc4158fa7efe0305b1eec,1158,1000,,REFERENCE_ONLY,"Visually reviewed in the complete candidate-sheet pass; not promoted because it duplicated an existing scored concept, depended on answer-revealing teaching text, functioned primarily as a reference table/diagram, or was less discriminating than the retained quiz image.",,
923,/Users/chriselwell/Desktop/Pulm/Pulm Pictures/Pulm Picture/Sarcoidosis Fact Sheet.jpg,Sarcoidosis Fact Sheet.jpg,945bd7687464a8790ba080fe86a8950e794a79416a7fcba2f79a440e3707036f,1358,1000,,REFERENCE_ONLY,"Visually reviewed in the complete candidate-sheet pass; not promoted because it duplicated an existing scored concept, depended on answer-revealing teaching text, functioned primarily as a reference table/diagram, or was less discriminating than the retained quiz image.",,
924,/Users/chriselwell/Desktop/Pulm/Pulm Pictures/Pulm Picture/Sarcoidosis with Mediastinal and Hilar Lymphadenopathy.png,Sarcoidosis with Mediastinal and Hilar Lymphadenopathy.png,91f717178ff0759ccd8cd11fa23946884590c145d320c4a16be6f9242a144577,596,692,,REFERENCE_ONLY,"Visually reviewed in the complete candidate-sheet pass; not promoted because it duplicated an existing scored concept, depended on answer-revealing teaching text, functioned primarily as a reference table/diagram, or was less discriminating than the retained quiz image.",,
925,/Users/chriselwell/Desktop/Pulm/Pulm Pictures/Pulm Picture/Sarcoidosis-Notes-and-Imaging.png,Sarcoidosis-Notes-and-Imaging.png,e4458224010de9142d5c4cf2d4f2e61dcfb0402a62844de4fb9d908a28d41bb1,1162,616,,REFERENCE_ONLY,"Visually reviewed in the complete candidate-sheet pass; not promoted because it duplicated an existing scored concept, depended on answer-revealing teaching text, functioned primarily as a reference table/diagram, or was less discriminating than the retained quiz image.",,
926,/Users/chriselwell/Desktop/Pulm/Pulm Pictures/Pulm Picture/Sarcoidosis.png,Sarcoidosis.png,8ced9daf1abdea01eb963430f857e4fac9c5fe1f4f83c03ad357d3a9ded74bc2,1500,786,,REFERENCE_ONLY,"Visually reviewed in the complete candidate-sheet pass; not promoted because it duplicated an existing scored concept, depended on answer-revealing teaching text, functioned primarily as a reference table/diagram, or was less discriminating than the retained quiz image.",,
927,/Users/chriselwell/Desktop/Pulm/Pulm Pictures/Pulm Picture/SARS-Cov-2 Life Cycle.jpg,SARS-Cov-2 Life Cycle.jpg,3a60048934904f3ac986d5840c4f5a2f34a1d3bc4b488b8665831189f3484785,1599,879,,REFERENCE_ONLY,"Visually reviewed in the complete candidate-sheet pass; not promoted because it duplicated an existing scored concept, depended on answer-revealing teaching text, functioned primarily as a reference table/diagram, or was less discriminating than the retained quiz image.",,
928,/Users/chriselwell/Desktop/Pulm/Pulm Pictures/Pulm Picture/SARS-CoV-2 Overview.png,SARS-CoV-2 Overview.png,0639f51585ec2314f4e3c768194d6c00748cbf9b0e81a6d698e5f48e30710223,1808,1266,,REFERENCE_ONLY,"Visually reviewed in the complete candidate-sheet pass; not promoted because it duplicated an existing scored concept, depended on answer-revealing teaching text, functioned primarily as a reference table/diagram, or was less discriminating than the retained quiz image.",,
929,/Users/chriselwell/Desktop/Pulm/Pulm Pictures/Pulm Picture/Scar Sarcoidosis.jpg,Scar Sarcoidosis.jpg,45d264892f6d5dbf9bf763ba89bab79f647e9e260df0d7223a4e0d462ccfeed4,1500,1000,,REFERENCE_ONLY,"Visually reviewed in the complete candidate-sheet pass; not promoted because it duplicated an existing scored concept, depended on answer-revealing teaching text, functioned primarily as a reference table/diagram, or was less discriminating than the retained quiz image.",,
930,/Users/chriselwell/Desktop/Pulm/Pulm Pictures/Pulm Picture/Screenshot 2026-02-13 at 5.14.33 PM.png,Screenshot 2026-02-13 at 5.14.33 PM.png,61ffcc39e4c4cf1e36934a19c7602cbacc0af08f6fd723db45f0346f37cd9135,1200,718,,REFERENCE_ONLY,"Visually reviewed in the complete candidate-sheet pass; not promoted because it duplicated an existing scored concept, depended on answer-revealing teaching text, functioned primarily as a reference table/diagram, or was less discriminating than the retained quiz image.",,
931,/Users/chriselwell/Desktop/Pulm/Pulm Pictures/Pulm Picture/Segmented Virus Reassortment.jpg,Segmented Virus Reassortment.jpg,5dfb7016506e6fac2dbc544b8402ad63f0240aad906bfbf2ab0398b2adaddfcd,700,862,,REFERENCE_ONLY,"Visually reviewed in the complete candidate-sheet pass; not promoted because it duplicated an existing scored concept, depended on answer-revealing teaching text, functioned primarily as a reference table/diagram, or was less discriminating than the retained quiz image.",,
932,/Users/chriselwell/Desktop/Pulm/Pulm Pictures/Pulm Picture/Silicosis Chest.jpg,Silicosis Chest.jpg,1debca1c8bfe33464fca18deff73b291fc67f120579b169f4f5ac21d03d5cb21,991,1000,,REFERENCE_ONLY,"Visually reviewed in the complete candidate-sheet pass; not promoted because it duplicated an existing scored concept, depended on answer-revealing teaching text, functioned primarily as a reference table/diagram, or was less discriminating than the retained quiz image.",,
933,/Users/chriselwell/Desktop/Pulm/Pulm Pictures/Pulm Picture/Silicosis Lateral.jpg,Silicosis Lateral.jpg,b61929eeb914b65cb31e7595fb1a21cb5c91bd4dab384385a8decbacf9c4ae8d,993,999,,REFERENCE_ONLY,"Visually reviewed in the complete candidate-sheet pass; not promoted because it duplicated an existing scored concept, depended on answer-revealing teaching text, functioned primarily as a reference table/diagram, or was less discriminating than the retained quiz image.",,
934,/Users/chriselwell/Desktop/Pulm/Pulm Pictures/Pulm Picture/Silicosis X Ray.jpeg,Silicosis X Ray.jpeg,2fcc1506545f42888654aed09db49e9160d8f5512e9edf8cc2a1f9a22aec60c0,1481,1800,,REFERENCE_ONLY,"Visually reviewed in the complete candidate-sheet pass; not promoted because it duplicated an existing scored concept, depended on answer-revealing teaching text, functioned primarily as a reference table/diagram, or was less discriminating than the retained quiz image.",,
935,/Users/chriselwell/Desktop/Pulm/Pulm Pictures/Pulm Picture/Silicosis-Chronic.png,Silicosis-Chronic.png,79bf0bf26250d6fb575600340235a254b9e7e6688133ac7d2b73b35ae9b39704,672,383,,REFERENCE_ONLY,"Visually reviewed in the complete candidate-sheet pass; not promoted because it duplicated an existing scored concept, depended on answer-revealing teaching text, functioned primarily as a reference table/diagram, or was less discriminating than the retained quiz image.",,
936,/Users/chriselwell/Desktop/Pulm/Pulm Pictures/Pulm Picture/Silicosis.jpg,Silicosis.jpg,f927078dd9140f391efc61dc47bb1d12460d37a8d6a1592f666ef1d9e23372fc,1208,1000,,REFERENCE_ONLY,"Visually reviewed in the complete candidate-sheet pass; not promoted because it duplicated an existing scored concept, depended on answer-revealing teaching text, functioned primarily as a reference table/diagram, or was less discriminating than the retained quiz image.",,
937,/Users/chriselwell/Desktop/Pulm/Pulm Pictures/Pulm Picture/Silicotic Nodule.jpg,Silicotic Nodule.jpg,ecefac22a797768fd84c54bec3e8d1923894937318bb20ecf4879492304981a3,1499,1000,,REFERENCE_ONLY,"Visually reviewed in the complete candidate-sheet pass; not promoted because it duplicated an existing scored concept, depended on answer-revealing teaching text, functioned primarily as a reference table/diagram, or was less discriminating than the retained quiz image.",,
938,/Users/chriselwell/Desktop/Pulm/Pulm Pictures/Pulm Picture/Small Cell Lung Cancer.jpg,Small Cell Lung Cancer.jpg,83061f1db34aa2b9aa2b3298799ca9545369e4ab8494460baf6c8c586ba4a8b4,1324,1000,,REFERENCE_ONLY,"Visually reviewed in the complete candidate-sheet pass; not promoted because it duplicated an existing scored concept, depended on answer-revealing teaching text, functioned primarily as a reference table/diagram, or was less discriminating than the retained quiz image.",,
939,/Users/chriselwell/Desktop/Pulm/Pulm Pictures/Pulm Picture/Small Cell Lung Carcinoma HE.jpg,Small Cell Lung Carcinoma HE.jpg,34f35d86069685e678b4953ea6df3cf0731d964058cb7f019c75895536478499,1576,1000,,REFERENCE_ONLY,"Visually reviewed in the complete candidate-sheet pass; not promoted because it duplicated an existing scored concept, depended on answer-revealing teaching text, functioned primarily as a reference table/diagram, or was less discriminating than the retained quiz image.",,
940,/Users/chriselwell/Desktop/Pulm/Pulm Pictures/Pulm Picture/Small Cell Lung Carcinoma.jpg,Small Cell Lung Carcinoma.jpg,5dadf4a12960ec0e6128489519bc0e8f755420da7b819d7ad17ce81de80152cf,1241,999,,REFERENCE_ONLY,"Visually reviewed in the complete candidate-sheet pass; not promoted because it duplicated an existing scored concept, depended on answer-revealing teaching text, functioned primarily as a reference table/diagram, or was less discriminating than the retained quiz image.",,
941,/Users/chriselwell/Desktop/Pulm/Pulm Pictures/Pulm Picture/Small Pulmonary Nodules.jpg,Small Pulmonary Nodules.jpg,5148f9ba3513f3c8e5f285e9855b987a06a7152c32b60e72f5743b94ab104d36,1146,1000,,REFERENCE_ONLY,"Visually reviewed in the complete candidate-sheet pass; not promoted because it duplicated an existing scored concept, depended on answer-revealing teaching text, functioned primarily as a reference table/diagram, or was less discriminating than the retained quiz image.",,
942,/Users/chriselwell/Desktop/Pulm/Pulm Pictures/Pulm Picture/Small-Cell-Lung-Carcinoma.jpg,Small-Cell-Lung-Carcinoma.jpg,96242c83792056e53a7bce15c320d82273e97f98b38085568b661b16a88a2bcd,700,704,,REFERENCE_ONLY,"Visually reviewed in the complete candidate-sheet pass; not promoted because it duplicated an existing scored concept, depended on answer-revealing teaching text, functioned primarily as a reference table/diagram, or was less discriminating than the retained quiz image.",,
943,/Users/chriselwell/Desktop/Pulm/Pulm Pictures/Pulm Picture/Spectrum of Pulmonary Aspergillosis.png,Spectrum of Pulmonary Aspergillosis.png,20f741a7a943e87d4ae4aec8259d98b65b7221e9bff725562f2a4873cdbdfbdd,906,688,,REFERENCE_ONLY,"Visually reviewed in the complete candidate-sheet pass; not promoted because it duplicated an existing scored concept, depended on answer-revealing teaching text, functioned primarily as a reference table/diagram, or was less discriminating than the retained quiz image.",,
944,/Users/chriselwell/Desktop/Pulm/Pulm Pictures/Pulm Picture/Spectrum-of-Pulmonary-Aspergillosis.jpg,Spectrum-of-Pulmonary-Aspergillosis.jpg,fd23bb61f4bf98f298f8f492a213d3233510f8751c38ec6fc64a237b30d1c6e5,700,592,,REFERENCE_ONLY,"Visually reviewed in the complete candidate-sheet pass; not promoted because it duplicated an existing scored concept, depended on answer-revealing teaching text, functioned primarily as a reference table/diagram, or was less discriminating than the retained quiz image.",,
945,/Users/chriselwell/Desktop/Pulm/Pulm Pictures/Pulm Picture/Spiculated Lung Mass 2.jpg,Spiculated Lung Mass 2.jpg,846a31dbb1102d03e1ea8fdc3340cde77d81ead28b135473c3ffcfac51d2383d,1216,1000,,REFERENCE_ONLY,"Visually reviewed in the complete candidate-sheet pass; not promoted because it duplicated an existing scored concept, depended on answer-revealing teaching text, functioned primarily as a reference table/diagram, or was less discriminating than the retained quiz image.",,
946,/Users/chriselwell/Desktop/Pulm/Pulm Pictures/Pulm Picture/Split-Pleura Sign.jpg,Split-Pleura Sign.jpg,2ba76faeb866943c10e2ac5edfd14a4938edcdf53ac4b5b36c45954e3a96c9cb,1289,1000,,ADDED_SCORED,Complete contrast-enhanced CT makes separation of the enhancing pleural layers by a lentiform collection visually decisive.,q_f2d764e078f0,public/assets/images/quiz_5ebbdc32af5c9d46.png
947,/Users/chriselwell/Desktop/Pulm/Pulm Pictures/Pulm Picture/Squamous Cell Carcinoma of the Lung.jpg,Squamous Cell Carcinoma of the Lung.jpg,3dbfad71e3d147fd3a226461ae2bd39e38dea15eac9f5646194aac90ba7b93f9,1546,1000,,REFERENCE_ONLY,"Visually reviewed in the complete candidate-sheet pass; not promoted because it duplicated an existing scored concept, depended on answer-revealing teaching text, functioned primarily as a reference table/diagram, or was less discriminating than the retained quiz image.",,
948,/Users/chriselwell/Desktop/Pulm/Pulm Pictures/Pulm Picture/Squamous-Cell-Lung-Carcinoma.jpg,Squamous-Cell-Lung-Carcinoma.jpg,7d4b3c721b0fccd5ec65eddf236c8eb12b249a87b48a39473fef9a007590214f,700,498,,REFERENCE_ONLY,"Visually reviewed in the complete candidate-sheet pass; not promoted because it duplicated an existing scored concept, depended on answer-revealing teaching text, functioned primarily as a reference table/diagram, or was less discriminating than the retained quiz image.",,
949,/Users/chriselwell/Desktop/Pulm/Pulm Pictures/Pulm Picture/Stages of Pulmonary Tuberculosis.jpg,Stages of Pulmonary Tuberculosis.jpg,7dddaa95d4c2eac98453a631d3897d6beeee32892d7b58063db331970fdf834a,1600,862,,REFERENCE_ONLY,"Visually reviewed in the complete candidate-sheet pass; not promoted because it duplicated an existing scored concept, depended on answer-revealing teaching text, functioned primarily as a reference table/diagram, or was less discriminating than the retained quiz image.",,
950,/Users/chriselwell/Desktop/Pulm/Pulm Pictures/Pulm Picture/Stages-of-Lung-Development.png,Stages-of-Lung-Development.png,6a25cf3ce3432f0b04957f1ebbd881b3fde206e0ee771c2e6d21d699d28b95e2,1430,742,,REFERENCE_ONLY,"Visually reviewed in the complete candidate-sheet pass; not promoted because it duplicated an existing scored concept, depended on answer-revealing teaching text, functioned primarily as a reference table/diagram, or was less discriminating than the retained quiz image.",,
951,/Users/chriselwell/Desktop/Pulm/Pulm Pictures/Pulm Picture/Staph Aureus.jpg,Staph Aureus.jpg,03efdfb1fc9a94076c288e68545cfe3e8124435955d626947ddce2e9f5075ea0,540,556,,REFERENCE_ONLY,"Visually reviewed in the complete candidate-sheet pass; not promoted because it duplicated an existing scored concept, depended on answer-revealing teaching text, functioned primarily as a reference table/diagram, or was less discriminating than the retained quiz image.",,
952,/Users/chriselwell/Desktop/Pulm/Pulm Pictures/Pulm Picture/Staphylococcus Aureus (S. Aureus).jpg,Staphylococcus Aureus (S. Aureus).jpg,e9539e26f564e9bfc2a979835e13ff93958969ea51fc8f670708c9f0bc2d863b,1313,1000,,REFERENCE_ONLY,"Visually reviewed in the complete candidate-sheet pass; not promoted because it duplicated an existing scored concept, depended on answer-revealing teaching text, functioned primarily as a reference table/diagram, or was less discriminating than the retained quiz image.",,
953,/Users/chriselwell/Desktop/Pulm/Pulm Pictures/Pulm Picture/Staphylococcus Aureus Overview.png,Staphylococcus Aureus Overview.png,d43c60ac1cec9c287d5428e8b9d72f20776e90d8ffacaecde9914e4a0acbf7bd,896,876,,REFERENCE_ONLY,"Visually reviewed in the complete candidate-sheet pass; not promoted because it duplicated an existing scored concept, depended on answer-revealing teaching text, functioned primarily as a reference table/diagram, or was less discriminating than the retained quiz image.",,
954,/Users/chriselwell/Desktop/Pulm/Pulm Pictures/Pulm Picture/Static Pressure-Volume Curve.jpg,Static Pressure-Volume Curve.jpg,e7338542b754d8f32353e19fea69022927510ee72e20cea734c15f414c7e1eb5,1430,1000,,REFERENCE_ONLY,"Visually reviewed in the complete candidate-sheet pass; not promoted because it duplicated an existing scored concept, depended on answer-revealing teaching text, functioned primarily as a reference table/diagram, or was less discriminating than the retained quiz image.",,
955,/Users/chriselwell/Desktop/Pulm/Pulm Pictures/Pulm Picture/Steeple Sign.jpg,Steeple Sign.jpg,2ec7397c1ac44b859b0fbd0f1e82b477dd7af52fb8d6fa45456353f44e5cddf3,993,1000,,REFERENCE_ONLY,"Visually reviewed in the complete candidate-sheet pass; not promoted because it duplicated an existing scored concept, depended on answer-revealing teaching text, functioned primarily as a reference table/diagram, or was less discriminating than the retained quiz image.",,
956,/Users/chriselwell/Desktop/Pulm/Pulm Pictures/Pulm Picture/Step Pneumo.png,Step Pneumo.png,f2d8e6cadf202eb0676bfdc357e9fd0a34ce47142aff6dcdd0cfaf7a1e3c6dc2,1448,1086,,REFERENCE_ONLY,"Visually reviewed in the complete candidate-sheet pass; not promoted because it duplicated an existing scored concept, depended on answer-revealing teaching text, functioned primarily as a reference table/diagram, or was less discriminating than the retained quiz image.",,
957,/Users/chriselwell/Desktop/Pulm/Pulm Pictures/Pulm Picture/Strawberry Tongue.jpg,Strawberry Tongue.jpg,5d5d5ffb6cb4c5134e5a9c8f193ccd37f9eeed496d8efef9e3afe825b7a2c469,1102,1000,,REFERENCE_ONLY,"Visually reviewed in the complete candidate-sheet pass; not promoted because it duplicated an existing scored concept, depended on answer-revealing teaching text, functioned primarily as a reference table/diagram, or was less discriminating than the retained quiz image.",,
958,/Users/chriselwell/Desktop/Pulm/Pulm Pictures/Pulm Picture/Strep ID.jpg,Strep ID.jpg,a216479fd99a842dcfa923ed7382fdc0dc58e73ab196ab22bd0ec5ac6463dbb7,700,688,,REFERENCE_ONLY,"Visually reviewed in the complete candidate-sheet pass; not promoted because it duplicated an existing scored concept, depended on answer-revealing teaching text, functioned primarily as a reference table/diagram, or was less discriminating than the retained quiz image.",,
959,/Users/chriselwell/Desktop/Pulm/Pulm Pictures/Pulm Picture/Streptococcus Pneumoniae (Pneumococci).jpg,Streptococcus Pneumoniae (Pneumococci).jpg,d2d9daf6d80ec4631b7abc27d100380769de24b4b16fd2b9a9d2ebc30e428130,1433,1000,,REFERENCE_ONLY,"Visually reviewed in the complete candidate-sheet pass; not promoted because it duplicated an existing scored concept, depended on answer-revealing teaching text, functioned primarily as a reference table/diagram, or was less discriminating than the retained quiz image.",,
960,/Users/chriselwell/Desktop/Pulm/Pulm Pictures/Pulm Picture/Streptococcus Pneumoniae Gram Stain.png,Streptococcus Pneumoniae Gram Stain.png,4243c36a83eacb8423d816ed820de7e5877fdc5b06bf2c38b09a4606eedcebcb,308,380,,REFERENCE_ONLY,"Visually reviewed in the complete candidate-sheet pass; not promoted because it duplicated an existing scored concept, depended on answer-revealing teaching text, functioned primarily as a reference table/diagram, or was less discriminating than the retained quiz image.",,
961,/Users/chriselwell/Desktop/Pulm/Pulm Pictures/Pulm Picture/Streptococcus Pneumoniae Overview.png,Streptococcus Pneumoniae Overview.png,0286d33d6613d88d539a2def5534f2efb707cd2cdccc91d9ed4e7395a03039ae,1454,380,,REFERENCE_ONLY,"Visually reviewed in the complete candidate-sheet pass; not promoted because it duplicated an existing scored concept, depended on answer-revealing teaching text, functioned primarily as a reference table/diagram, or was less discriminating than the retained quiz image.",,
962,/Users/chriselwell/Desktop/Pulm/Pulm Pictures/Pulm Picture/Structure-of-Small-Airways-Secondary-Lobule.png,Structure-of-Small-Airways-Secondary-Lobule.png,8a7cdc5cb4def502da5f6c574af02d3fd68cfae50af7ad133af94f7fac0bcd58,1376,1142,,REFERENCE_ONLY,"Visually reviewed in the complete candidate-sheet pass; not promoted because it duplicated an existing scored concept, depended on answer-revealing teaching text, functioned primarily as a reference table/diagram, or was less discriminating than the retained quiz image.",,
963,/Users/chriselwell/Desktop/Pulm/Pulm Pictures/Pulm Picture/Superior Vena Cava Obstruction.jpg,Superior Vena Cava Obstruction.jpg,ad7697a0d9cd93fb0e6288df1f4b3c702d924a2d0e135639bc6a46ce4d8462ea,1238,1000,,REFERENCE_ONLY,"Visually reviewed in the complete candidate-sheet pass; not promoted because it duplicated an existing scored concept, depended on answer-revealing teaching text, functioned primarily as a reference table/diagram, or was less discriminating than the retained quiz image.",,
964,/Users/chriselwell/Desktop/Pulm/Pulm Pictures/Pulm Picture/Superior Vena Cava Syndrome.jpg,Superior Vena Cava Syndrome.jpg,48ceba06ac1c18b40cbf3e9c7104d4ef8743267ad390c6d387aa1e4e80f8ada3,1381,999,,REFERENCE_ONLY,"Visually reviewed in the complete candidate-sheet pass; not promoted because it duplicated an existing scored concept, depended on answer-revealing teaching text, functioned primarily as a reference table/diagram, or was less discriminating than the retained quiz image.",,
965,/Users/chriselwell/Desktop/Pulm/Pulm Pictures/Pulm Picture/Superior-Vena-Cava-Syndrome.png,Superior-Vena-Cava-Syndrome.png,5da23c7534e0144c175063791c32b0130717045e8202bfd5fb460f1f1254d1f2,308,384,,REFERENCE_ONLY,"Visually reviewed in the complete candidate-sheet pass; not promoted because it duplicated an existing scored concept, depended on answer-revealing teaching text, functioned primarily as a reference table/diagram, or was less discriminating than the retained quiz image.",,
966,/Users/chriselwell/Desktop/Pulm/Pulm Pictures/Pulm Picture/Systemic Mycoses Overview.png,Systemic Mycoses Overview.png,1cb73037ab0b4647df53d58fa919b6958f655a1341dd80a10584a256ac69a7b8,1480,228,,REFERENCE_ONLY,"Visually reviewed in the complete candidate-sheet pass; not promoted because it duplicated an existing scored concept, depended on answer-revealing teaching text, functioned primarily as a reference table/diagram, or was less discriminating than the retained quiz image.",,
967,/Users/chriselwell/Desktop/Pulm/Pulm Pictures/Pulm Picture/Targets-of-Therapy-for-Pulmonary-Arterial-Hypertension.jpg,Targets-of-Therapy-for-Pulmonary-Arterial-Hypertension.jpg,2380891c94b7e0ebec7dd4b68099f3f7d662e7a976ba0d258de68979794d8e3d,700,562,,REFERENCE_ONLY,"Visually reviewed in the complete candidate-sheet pass; not promoted because it duplicated an existing scored concept, depended on answer-revealing teaching text, functioned primarily as a reference table/diagram, or was less discriminating than the retained quiz image.",,
968,/Users/chriselwell/Desktop/Pulm/Pulm Pictures/Pulm Picture/Tension Pneumothorax.png,Tension Pneumothorax.png,df6b474fee047407932f5285fbd6135ec8975f5bdf52520e7dc39ab1390655a8,2400,1786,,REFERENCE_ONLY,"Visually reviewed in the complete candidate-sheet pass; not promoted because it duplicated an existing scored concept, depended on answer-revealing teaching text, functioned primarily as a reference table/diagram, or was less discriminating than the retained quiz image.",,
969,/Users/chriselwell/Desktop/Pulm/Pulm Pictures/Pulm Picture/Tension-Pneumothorax-Anatomy.jpg,Tension-Pneumothorax-Anatomy.jpg,da25d5d15043b69d8f5f896b87234e7fce0f6b11124bf59b4342d05b8a8be199,700,700,,REFERENCE_ONLY,"Visually reviewed in the complete candidate-sheet pass; not promoted because it duplicated an existing scored concept, depended on answer-revealing teaching text, functioned primarily as a reference table/diagram, or was less discriminating than the retained quiz image.",,
970,/Users/chriselwell/Desktop/Pulm/Pulm Pictures/Pulm Picture/Tension-Pneumothorax-Anatomy.png,Tension-Pneumothorax-Anatomy.png,3e1705b065c4197652bfbc8327581a4cd5dcb6a5dc8296351daba53163d859fb,820,868,,REFERENCE_ONLY,"Visually reviewed in the complete candidate-sheet pass; not promoted because it duplicated an existing scored concept, depended on answer-revealing teaching text, functioned primarily as a reference table/diagram, or was less discriminating than the retained quiz image.",,
971,/Users/chriselwell/Desktop/Pulm/Pulm Pictures/Pulm Picture/Tension-Pneumothorax-Pathophysiology.jpg,Tension-Pneumothorax-Pathophysiology.jpg,1eafdb86fd84ea1b238cb5f4c347cbff1a89531ba658fdb6b6c251b8d2cb6a9c,700,601,,REFERENCE_ONLY,"Visually reviewed in the complete candidate-sheet pass; not promoted because it duplicated an existing scored concept, depended on answer-revealing teaching text, functioned primarily as a reference table/diagram, or was less discriminating than the retained quiz image.",,
972,/Users/chriselwell/Desktop/Pulm/Pulm Pictures/Pulm Picture/Thoracic Sarcoidosis.jpg,Thoracic Sarcoidosis.jpg,10a7add6040c5a0727313d7465bbade04f31a98860ebbfe419adedfd71661088,1087,1000,,REFERENCE_ONLY,"Visually reviewed in the complete candidate-sheet pass; not promoted because it duplicated an existing scored concept, depended on answer-revealing teaching text, functioned primarily as a reference table/diagram, or was less discriminating than the retained quiz image.",,
973,/Users/chriselwell/Desktop/Pulm/Pulm Pictures/Pulm Picture/Tonsillar and Pharyngeal Diphtheria.jpg,Tonsillar and Pharyngeal Diphtheria.jpg,37d59fa06b02ae27563825695da9232858e91d3708bdd8e6c8bc93808f81e76c,701,1000,,REFERENCE_ONLY,"Visually reviewed in the complete candidate-sheet pass; not promoted because it duplicated an existing scored concept, depended on answer-revealing teaching text, functioned primarily as a reference table/diagram, or was less discriminating than the retained quiz image.",,
974,/Users/chriselwell/Desktop/Pulm/Pulm Pictures/Pulm Picture/Trachea (Transverse Section).jpeg,Trachea (Transverse Section).jpeg,9d2ac4ca443fbfd4cba8507a9d79a3f01e3cc3ccbf9e81695fd2541610ab1219,3600,2409,,REFERENCE_ONLY,"Visually reviewed in the complete candidate-sheet pass; not promoted because it duplicated an existing scored concept, depended on answer-revealing teaching text, functioned primarily as a reference table/diagram, or was less discriminating than the retained quiz image.",,
975,/Users/chriselwell/Desktop/Pulm/Pulm Pictures/Pulm Picture/Trachea-Anatomy.jpeg,Trachea-Anatomy.jpeg,a34ef038801c4c7d07fd473e5239386972de3bceb13d59d8ffdd9f4e2e2379fd,3600,3174,,REFERENCE_ONLY,"Visually reviewed in the complete candidate-sheet pass; not promoted because it duplicated an existing scored concept, depended on answer-revealing teaching text, functioned primarily as a reference table/diagram, or was less discriminating than the retained quiz image.",,
976,/Users/chriselwell/Desktop/Pulm/Pulm Pictures/Pulm Picture/Trachea-Histology-Hae-Stain-1.png,Trachea-Histology-Hae-Stain-1.png,267103b9d093796335a6e2e8ee9bd150512b1ff20842abb710d1af875b9039ba,2882,1392,,REFERENCE_ONLY,"Visually reviewed in the complete candidate-sheet pass; not promoted because it duplicated an existing scored concept, depended on answer-revealing teaching text, functioned primarily as a reference table/diagram, or was less discriminating than the retained quiz image.",,
977,/Users/chriselwell/Desktop/Pulm/Pulm Pictures/Pulm Picture/Tram Track Sign.jpg,Tram Track Sign.jpg,f3a635cb876f96db9b591248d6ea760f3e31e8a380838cd1f176ba149b58df34,1181,1000,,REFERENCE_ONLY,"Visually reviewed in the complete candidate-sheet pass; not promoted because it duplicated an existing scored concept, depended on answer-revealing teaching text, functioned primarily as a reference table/diagram, or was less discriminating than the retained quiz image.",,
978,/Users/chriselwell/Desktop/Pulm/Pulm Pictures/Pulm Picture/Transient-Tachypnea-of-the-Newborn.jpg,Transient-Tachypnea-of-the-Newborn.jpg,01131ff87378bc7bc23e2fe23aa33c429cd0ce108caff29f5b045b13e6e4d80d,700,378,,ADDED_SCORED,"The complete unannotated neonatal radiograph shows hyperinflation, perihilar streaking, and fissural fluid in a useful neonatal differential.",q_258da53caab0,public/assets/images/quiz_f6ce130b783eaf35.png
979,/Users/chriselwell/Desktop/Pulm/Pulm Pictures/Pulm Picture/Transpulmonary-Pressure-Worked-Example.png,Transpulmonary-Pressure-Worked-Example.png,4bb4bde10dce2576f416a73f751b51f9e8ca6c699f0d92ec8eae2b33e3341c79,2312,1094,,REFERENCE_ONLY,"Visually reviewed in the complete candidate-sheet pass; not promoted because it duplicated an existing scored concept, depended on answer-revealing teaching text, functioned primarily as a reference table/diagram, or was less discriminating than the retained quiz image.",,
980,/Users/chriselwell/Desktop/Pulm/Pulm Pictures/Pulm Picture/Transpulmonary-Static-Pressure-Emphysema-Fibrosis.png,Transpulmonary-Static-Pressure-Emphysema-Fibrosis.png,27da9a69da2d28c0b4d84c85f7141a55b044765b46e0e954833a3fd6984052d8,444,364,,REFERENCE_ONLY,"Visually reviewed in the complete candidate-sheet pass; not promoted because it duplicated an existing scored concept, depended on answer-revealing teaching text, functioned primarily as a reference table/diagram, or was less discriminating than the retained quiz image.",,
981,/Users/chriselwell/Desktop/Pulm/Pulm Pictures/Pulm Picture/Traumatic-Hemothorax.png,Traumatic-Hemothorax.png,d7cf57a5c303957e0979344da0351cf56d928f6aada18b24cb204ba5675a23ff,661,311,,ADDED_SCORED,The answer-title crop retains paired supine radiograph and CT panels that jointly localize hyperattenuating blood to the pleural space.,q_1c5effc65e64,public/assets/images/quiz_ac04e7521ce785fa.png
982,/Users/chriselwell/Desktop/Pulm/Pulm Pictures/Pulm Picture/Tuberculin Skin Test (Mendel-Mantoux Test).jpg,Tuberculin Skin Test (Mendel-Mantoux Test).jpg,55d5455510dad2e4ff72b1fdaa769bf5a3927aa659d362d388e21a54616a7ccd,1524,1000,,REFERENCE_ONLY,"Visually reviewed in the complete candidate-sheet pass; not promoted because it duplicated an existing scored concept, depended on answer-revealing teaching text, functioned primarily as a reference table/diagram, or was less discriminating than the retained quiz image.",,
983,/Users/chriselwell/Desktop/Pulm/Pulm Pictures/Pulm Picture/Tuberculosis Fact Sheet and Incidence Map.jpg,Tuberculosis Fact Sheet and Incidence Map.jpg,997e2dc5a91daa29d58946d813ec8894a5567a0915f046e8877de2ced01e8921,1600,677,,REFERENCE_ONLY,"Visually reviewed in the complete candidate-sheet pass; not promoted because it duplicated an existing scored concept, depended on answer-revealing teaching text, functioned primarily as a reference table/diagram, or was less discriminating than the retained quiz image.",,
984,/Users/chriselwell/Desktop/Pulm/Pulm Pictures/Pulm Picture/Tuberculosis Fact Sheet.jpg,Tuberculosis Fact Sheet.jpg,eff4d75ca3c194cad36f78cef2523b0f95023a8be05cbacae9374c68048f75fb,1600,662,,REFERENCE_ONLY,"Visually reviewed in the complete candidate-sheet pass; not promoted because it duplicated an existing scored concept, depended on answer-revealing teaching text, functioned primarily as a reference table/diagram, or was less discriminating than the retained quiz image.",,
985,/Users/chriselwell/Desktop/Pulm/Pulm Pictures/Pulm Picture/Tuberculosis Pathogenesis Diagram.png,Tuberculosis Pathogenesis Diagram.png,996b959aa8624ff3fc5a7d61a0aa7a45f2bc637c35fe3ec9342349394adfada4,886,928,,REFERENCE_ONLY,"Visually reviewed in the complete candidate-sheet pass; not promoted because it duplicated an existing scored concept, depended on answer-revealing teaching text, functioned primarily as a reference table/diagram, or was less discriminating than the retained quiz image.",,
986,/Users/chriselwell/Desktop/Pulm/Pulm Pictures/Pulm Picture/Tuberculosis.png,Tuberculosis.png,8d6f0f446bc313a437781db7bfefeca834950fa8988a763602ddd74b03d42e24,1500,1049,,REFERENCE_ONLY,"Visually reviewed in the complete candidate-sheet pass; not promoted because it duplicated an existing scored concept, depended on answer-revealing teaching text, functioned primarily as a reference table/diagram, or was less discriminating than the retained quiz image.",,
987,/Users/chriselwell/Desktop/Pulm/Pulm Pictures/Pulm Picture/Tuberculous Granuloma with Langhans Cells.jpg,Tuberculous Granuloma with Langhans Cells.jpg,5f70b36bcd03984f764f63c6be32693654be7e49c631aef3f8d60ca824b274a0,1328,1000,,REFERENCE_ONLY,"Visually reviewed in the complete candidate-sheet pass; not promoted because it duplicated an existing scored concept, depended on answer-revealing teaching text, functioned primarily as a reference table/diagram, or was less discriminating than the retained quiz image.",,
988,/Users/chriselwell/Desktop/Pulm/Pulm Pictures/Pulm Picture/Tuberculous-Lymphadenitis.png,Tuberculous-Lymphadenitis.png,a20133d165a72ecf4e9bc31af72d308477024878b6946da6185845f47b257afe,700,497,,REFERENCE_ONLY,"Visually reviewed in the complete candidate-sheet pass; not promoted because it duplicated an existing scored concept, depended on answer-revealing teaching text, functioned primarily as a reference table/diagram, or was less discriminating than the retained quiz image.",,
989,/Users/chriselwell/Desktop/Pulm/Pulm Pictures/Pulm Picture/Types-of-Epithelial-Tissue.png,Types-of-Epithelial-Tissue.png,4dc2e43cd87bf07fdc89e0780896247052cf6f8f36a5578f7a0ec572b9beeaf0,896,874,,REFERENCE_ONLY,"Visually reviewed in the complete candidate-sheet pass; not promoted because it duplicated an existing scored concept, depended on answer-revealing teaching text, functioned primarily as a reference table/diagram, or was less discriminating than the retained quiz image.",,
990,/Users/chriselwell/Desktop/Pulm/Pulm Pictures/Pulm Picture/Types-of-Esophageal-Atresia-and-Tef.png,Types-of-Esophageal-Atresia-and-Tef.png,3c9b227166e7d98f4b3023838c1fd3ca254862f705322f72b9525269ce109aec,694,870,,REFERENCE_ONLY,"Visually reviewed in the complete candidate-sheet pass; not promoted because it duplicated an existing scored concept, depended on answer-revealing teaching text, functioned primarily as a reference table/diagram, or was less discriminating than the retained quiz image.",,
991,/Users/chriselwell/Desktop/Pulm/Pulm Pictures/Pulm Picture/Upper-and-Lower-Respiratory-Tract-Anatomy.png,Upper-and-Lower-Respiratory-Tract-Anatomy.png,92baa8711cb3c614b5b7c646dba082bbe9cdd9f99b6ad3c940e4bdb24922ec84,912,776,,REFERENCE_ONLY,"Visually reviewed in the complete candidate-sheet pass; not promoted because it duplicated an existing scored concept, depended on answer-revealing teaching text, functioned primarily as a reference table/diagram, or was less discriminating than the retained quiz image.",,
992,/Users/chriselwell/Desktop/Pulm/Pulm Pictures/Pulm Picture/Upper-and-Lower-Respiratory-Tracts.jpg,Upper-and-Lower-Respiratory-Tracts.jpg,0f05ece1e2aa8ce6ce25bd30fd8023a12a99838011b570112f60e6cdfabce504,700,700,,REFERENCE_ONLY,"Visually reviewed in the complete candidate-sheet pass; not promoted because it duplicated an existing scored concept, depended on answer-revealing teaching text, functioned primarily as a reference table/diagram, or was less discriminating than the retained quiz image.",,
993,/Users/chriselwell/Desktop/Pulm/Pulm Pictures/Pulm Picture/Usual Interstitial Pneumonia (UIP).jpg,Usual Interstitial Pneumonia (UIP).jpg,30d8ba7b99136073e51fe4061dcf2c7414440a9a387a75bcd1ae2f8466630b80,1600,676,,REFERENCE_ONLY,"Visually reviewed in the complete candidate-sheet pass; not promoted because it duplicated an existing scored concept, depended on answer-revealing teaching text, functioned primarily as a reference table/diagram, or was less discriminating than the retained quiz image.",,
994,/Users/chriselwell/Desktop/Pulm/Pulm Pictures/Pulm Picture/Vaccine Types Against COVID-19 (2).jpg,Vaccine Types Against COVID-19 (2).jpg,651fc86dd5a957d7c4715a0875be4ab2c3c957f6caca5dfa2ea32d7f7b20ad73,1339,999,,REFERENCE_ONLY,"Visually reviewed in the complete candidate-sheet pass; not promoted because it duplicated an existing scored concept, depended on answer-revealing teaching text, functioned primarily as a reference table/diagram, or was less discriminating than the retained quiz image.",,
995,/Users/chriselwell/Desktop/Pulm/Pulm Pictures/Pulm Picture/Vaccine Types.jpg,Vaccine Types.jpg,3b1cd11a15f2da8d7f601158299c7fe15a0413f6d93c7cf57e33546293709f11,1600,954,,REFERENCE_ONLY,"Visually reviewed in the complete candidate-sheet pass; not promoted because it duplicated an existing scored concept, depended on answer-revealing teaching text, functioned primarily as a reference table/diagram, or was less discriminating than the retained quiz image.",,
996,/Users/chriselwell/Desktop/Pulm/Pulm Pictures/Pulm Picture/Venous-Air-Embolism.png,Venous-Air-Embolism.png,cb4e806e1bf85a11523105cd789f59a7ce5a89fb7c42601fc1665641fea159d3,798,356,,REFERENCE_ONLY,"Visually reviewed in the complete candidate-sheet pass; not promoted because it duplicated an existing scored concept, depended on answer-revealing teaching text, functioned primarily as a reference table/diagram, or was less discriminating than the retained quiz image.",,
997,/Users/chriselwell/Desktop/Pulm/Pulm Pictures/Pulm Picture/Venous-vs-Arterial-Air-Embolism.png,Venous-vs-Arterial-Air-Embolism.png,ed638469875c7ef7a5927e1be4598ab6de93b354882445cbdf58778b378a5daf,1184,958,,REFERENCE_ONLY,"Visually reviewed in the complete candidate-sheet pass; not promoted because it duplicated an existing scored concept, depended on answer-revealing teaching text, functioned primarily as a reference table/diagram, or was less discriminating than the retained quiz image.",,
998,/Users/chriselwell/Desktop/Pulm/Pulm Pictures/Pulm Picture/Ventilation-and-Perfusion-Basics.png,Ventilation-and-Perfusion-Basics.png,cbdfd40a4b40edfb8ca97a6e0b443603403c0e76ad943aa4d41883f6c67eed2e,2356,1062,,REFERENCE_ONLY,"Visually reviewed in the complete candidate-sheet pass; not promoted because it duplicated an existing scored concept, depended on answer-revealing teaching text, functioned primarily as a reference table/diagram, or was less discriminating than the retained quiz image.",,
999,/Users/chriselwell/Desktop/Pulm/Pulm Pictures/Pulm Picture/Ventilation-Perfusion-Ratio-Apex-vs-Base.png,Ventilation-Perfusion-Ratio-Apex-vs-Base.png,f5695469ef3c498401f605c5e4d362a2160f1e6f96127eba9f46b4817f56d0b1,2274,1240,,REFERENCE_ONLY,"Visually reviewed in the complete candidate-sheet pass; not promoted because it duplicated an existing scored concept, depended on answer-revealing teaching text, functioned primarily as a reference table/diagram, or was less discriminating than the retained quiz image.",,
1000,/Users/chriselwell/Desktop/Pulm/Pulm Pictures/Pulm Picture/Ventilation:perfusion Mismatch (V:Q Mismatch).jpg,Ventilation:perfusion Mismatch (V:Q Mismatch).jpg,6a9fc55b2c94f2b88d0a13731975739e00de391acaff420ab81d1421841e9f7c,1600,950,,REFERENCE_ONLY,"Visually reviewed in the complete candidate-sheet pass; not promoted because it duplicated an existing scored concept, depended on answer-revealing teaching text, functioned primarily as a reference table/diagram, or was less discriminating than the retained quiz image.",,
1001,/Users/chriselwell/Desktop/Pulm/Pulm Pictures/Pulm Picture/Viral Bronchiolitis.jpg,Viral Bronchiolitis.jpg,f9fcab3ca7878cbda80943c0681ad3b81af29c3b40add868d6614e5963fb0bbf,976,1000,,REFERENCE_ONLY,"Visually reviewed in the complete candidate-sheet pass; not promoted because it duplicated an existing scored concept, depended on answer-revealing teaching text, functioned primarily as a reference table/diagram, or was less discriminating than the retained quiz image.",,
1002,/Users/chriselwell/Desktop/Pulm/Pulm Pictures/Pulm Picture/Virchow Triad.png,Virchow Triad.png,3b43646e0ec8b2a5a64de82dfd9cd1e49eeb81ccb308e609877bfa702ae655df,1934,906,,REFERENCE_ONLY,"Visually reviewed in the complete candidate-sheet pass; not promoted because it duplicated an existing scored concept, depended on answer-revealing teaching text, functioned primarily as a reference table/diagram, or was less discriminating than the retained quiz image.",,
1003,/Users/chriselwell/Desktop/Pulm/Pulm Pictures/Pulm Picture/VQ Chart.png,VQ Chart.png,5ab23bbcc9ff226f5c68cd8335ebe4babfaff14dee6ccc533f63e9fd780a4092,843,168,,REFERENCE_ONLY,"Visually reviewed in the complete candidate-sheet pass; not promoted because it duplicated an existing scored concept, depended on answer-revealing teaching text, functioned primarily as a reference table/diagram, or was less discriminating than the retained quiz image.",,
1004,/Users/chriselwell/Desktop/Pulm/Pulm Pictures/Pulm Picture/Vq-Mismatch-Spectrum-2.png,Vq-Mismatch-Spectrum-2.png,41c2705712277b0ae1c1f44d1caa2c5d7f722b99b7203d509035055fac5833f8,984,854,,REFERENCE_ONLY,"Visually reviewed in the complete candidate-sheet pass; not promoted because it duplicated an existing scored concept, depended on answer-revealing teaching text, functioned primarily as a reference table/diagram, or was less discriminating than the retained quiz image.",,
1005,/Users/chriselwell/Desktop/Pulm/Pulm Pictures/Pulm Picture/Vq-Ratio-Base-to-Apex.png,Vq-Ratio-Base-to-Apex.png,8575f0b9b7e78e4dd06c7d88a73f5a7848f36b57e44f29b449fb19be5df19a30,824,866,,REFERENCE_ONLY,"Visually reviewed in the complete candidate-sheet pass; not promoted because it duplicated an existing scored concept, depended on answer-revealing teaching text, functioned primarily as a reference table/diagram, or was less discriminating than the retained quiz image.",,
1006,/Users/chriselwell/Desktop/Pulm/Pulm Pictures/Pulm Picture/Vq-Ratio-Blood-Flow-Ventilation-Apex-to-Base.png,Vq-Ratio-Blood-Flow-Ventilation-Apex-to-Base.png,897a1df6435b5e3fdc771068cea5614b39af3a4de029d731b8c9c9b5c6ed6b9c,1328,916,,REFERENCE_ONLY,"Visually reviewed in the complete candidate-sheet pass; not promoted because it duplicated an existing scored concept, depended on answer-revealing teaching text, functioned primarily as a reference table/diagram, or was less discriminating than the retained quiz image.",,
1007,/Users/chriselwell/Desktop/Pulm/Pulm Pictures/Pulm Picture/VQ.png,VQ.png,1fe0d748e3e70fa1ee7bcf8880901fe96f53bc7cac348001dffff9fe1592e7ef,3869,2999,,REFERENCE_ONLY,"Visually reviewed in the complete candidate-sheet pass; not promoted because it duplicated an existing scored concept, depended on answer-revealing teaching text, functioned primarily as a reference table/diagram, or was less discriminating than the retained quiz image.",,
1008,/Users/chriselwell/Desktop/Pulm/Pulm Pictures/Pulm Picture/West-Lung-Zones-1-2-3.png,West-Lung-Zones-1-2-3.png,cb16f86b6b8bf4a1df6898f7a7afe4e5c308e24cfa80f1f2a7d79bff3745b929,1716,978,,REFERENCE_ONLY,"Visually reviewed in the complete candidate-sheet pass; not promoted because it duplicated an existing scored concept, depended on answer-revealing teaching text, functioned primarily as a reference table/diagram, or was less discriminating than the retained quiz image.",,
1009,/Users/chriselwell/Desktop/Pulm/Pulm Pictures/Pulm Picture/West-Zone-1-Pressure-Relationships.png,West-Zone-1-Pressure-Relationships.png,a36b51563de191f57818db77be0f587cf67730c2776a5b7f69c89e3c091c5220,750,930,,REFERENCE_ONLY,"Visually reviewed in the complete candidate-sheet pass; not promoted because it duplicated an existing scored concept, depended on answer-revealing teaching text, functioned primarily as a reference table/diagram, or was less discriminating than the retained quiz image.",,
1010,/Users/chriselwell/Desktop/Pulm/Pulm Pictures/Pulm Picture/West-Zone-2-Pressure-Relationships.png,West-Zone-2-Pressure-Relationships.png,c8c0f1b2fa4131ef826a434e025bb47c6856ead13adefeccf29d8a046b7b97eb,1066,634,,REFERENCE_ONLY,"Visually reviewed in the complete candidate-sheet pass; not promoted because it duplicated an existing scored concept, depended on answer-revealing teaching text, functioned primarily as a reference table/diagram, or was less discriminating than the retained quiz image.",,
1011,/Users/chriselwell/Desktop/Pulm/Pulm Pictures/Pulm Picture/West-Zone-3-Pressure-Relationships.png,West-Zone-3-Pressure-Relationships.png,171542ef08180a050bf52748d652a17c6c0bd951543de19faf11e0097749ef2c,1208,710,,REFERENCE_ONLY,"Visually reviewed in the complete candidate-sheet pass; not promoted because it duplicated an existing scored concept, depended on answer-revealing teaching text, functioned primarily as a reference table/diagram, or was less discriminating than the retained quiz image.",,
1012,/Users/chriselwell/Desktop/Pulm/Pulm Pictures/Pulm Picture/Westermark-Sign.png,Westermark-Sign.png,8dcca69bb178313e46daacd95bc8dfe4b7c78ffc69f8dc8606a3c79c859dbf6b,662,625,,ADDED_SCORED,The retained comparison radiographs and magnified regions directly demonstrate abrupt pulmonary-artery cutoff with distal oligemia.,q_ea64902d3274,public/assets/images/quiz_e484c307702abf9b.png
