index,sha256,filename,path,lectures,topics,relevance
1,13b3b5a6e354f66dc8284c9ef00d4dbc2b487678dafb6aa096319d3ed36b5278,A ARDS Intraalveolar Hyaline Membranes Histology.png,/Users/chriselwell/Desktop/Pulm/Pulm Pictures/A ARDS Intraalveolar Hyaline Membranes Histology.png,"P26 - Diseases of the Respiratory Tract - Part 3 - Vascular, Cancer, Other Disease (Pathology)",Pathology | Diagnostics,Provides a verified lecture-aligned visual anchor for A ARDS Intraalveolar Hyaline Membranes Histology
2,919c9a36b9c44a88eb6a6b447789f63118efeb924f8f93a6dc04147243424779,A Asbestos Related Pleural Plaques CT.png,/Users/chriselwell/Desktop/Pulm/Pulm Pictures/A Asbestos Related Pleural Plaques CT.png,P24 - Diseases of the Respiratory Tract - Part 2 - Restrictive Disease (Pathology) | P27.2 - Chest X-Ray Final Review | Pulmonary - Comprehensive Study Guide,asbestos | pleura | CT,Shows calcified pleural plaques as an asbestos exposure marker.
3,57630f0725db7298d302c49fe8f393c40a08f48b0b5902c6592147550a473708,A Sarcoidosis Noncaseating Granuloma Histology.png,/Users/chriselwell/Desktop/Pulm/Pulm Pictures/A Sarcoidosis Noncaseating Granuloma Histology.png,P24 - Diseases of the Respiratory Tract - Part 2 - Restrictive Disease (Pathology),sarcoidosis | histology,Shows a compact non-necrotizing sarcoid granuloma.
4,48142b8f0e16c4a3958bb8c6b06af432f33851bcfccf19339d970e009c8eb577,A Small Cell Lung Carcinoma Small Dark Blue Cells Histology.png,/Users/chriselwell/Desktop/Pulm/Pulm Pictures/A Small Cell Lung Carcinoma Small Dark Blue Cells Histology.png,P14 - Introduction to Pulmonary Pathophysiology,small-cell lung carcinoma | histology | lung cancer,Histology demonstrates the small dark blue cell pattern of small-cell lung carcinoma.
5,ab405a8b61e6d369df866d0a0abdb37244f096390ae7daca13c422e060e8e598,Acid-Base Nomogram.jpg,/Users/chriselwell/Desktop/Pulm/Pulm Pictures/Acid-Base Nomogram.jpg,"P7 - Gas Exchange, Part 2 - Causes of Hypoxemia",Acid Base Nomogram,"Visually verified course-aligned reference for Gas Exchange, Part 2 - Causes of Hypoxemia: Acid Base Nomogram."
6,acd1bcf4168346a63d33b4d9714eaa20d49cc1dc1b3d3ec0db7a8a3d8e054f98,Acute-Respiratory-Distress-Syndrome-Initial-Ventilator-Management.png,/Users/chriselwell/Desktop/Pulm/Pulm Pictures/Acute-Respiratory-Distress-Syndrome-Initial-Ventilator-Management.png,P35 - Acute Respiratory Failure,ARDS | mechanical ventilation | lung-protective ventilation,"Initial ARDS ventilator-management algorithm reinforces low-tidal-volume ventilation, plateau-pressure limitation, and PEEP/FiO2 titration."
7,2d1d1cf5cd09a74e346e30f7ca15338cea730b7abbc3fba5670ad9e43414bec5,acute-respiratory-distress-syndrome.jpg,/Users/chriselwell/Desktop/Pulm/Pulm Pictures/acute-respiratory-distress-syndrome.jpg,P13 - Pulmonary Problem Solving Exercise Part 1,ARDS | acute dyspnea | chest radiograph,Annotated chest radiograph showing diffuse bilateral infiltrates in ARDS.
8,3a4ff8390c637e9d540a946683f9ad0993a3200999608a183fb9d1498bddaea6,Adenovirus Febrile Pharyngitis.png,/Users/chriselwell/Desktop/Pulm/Pulm Pictures/Adenovirus Febrile Pharyngitis.png,P29 - Microbiology of Pneumonia - Viral Infections of the Respiratory Tract,Microbiology | Clinical,Provides a verified lecture-aligned visual anchor for Adenovirus Febrile Pharyngitis
9,7183dde595b4523c46a7bc5827192771724d40643295e78cdbf9d2e76696121c,Adenovirus.png,/Users/chriselwell/Desktop/Pulm/Pulm Pictures/Adenovirus.png,P29 - Microbiology of Pneumonia - Viral Infections of the Respiratory Tract,Microbiology | Clinical,Provides a verified lecture-aligned visual anchor for Adenovirus
10,29ccd9e31cdd9cbc7e33f9c0e1778175afe0db7729da37dbacb9c7b4c2a57704,adverse-effects-of-inhaled-corticosteroids.png,/Users/chriselwell/Desktop/Pulm/Pulm Pictures/adverse-effects-of-inhaled-corticosteroids.png,P22-23 - Drugs Used for Treatment of Asthma and COPD,inhaled corticosteroids | oral thrush | dysphonia | adverse effects,Readable table separates local ICS toxicity from the less common systemic effects and reinforces mouth rinsing and spacer use.
11,e0ff0eba97ef3749c9fc1b36508c99a3991f253d0d748ddd6cab80f33728468b,Air-Bronchogram.jpg,/Users/chriselwell/Desktop/Pulm/Pulm Pictures/Air-Bronchogram.jpg,P27 - Radiology of Pulmonary Infections and Lung Cancer | P27.2 - Chest X-Ray Final Review | P31 - Review of Pneumonia - Pathology and Pharmacology,Diagnostics | Pathology,Provides a verified lecture-aligned visual anchor for Air Bronchogram
12,a3014e3f226554412dc1e914cd8bce292590401b5aa225e62450ca8c56d420ae,Airspace Consolidation (1:2).jpg,/Users/chriselwell/Desktop/Pulm/Pulm Pictures/Airspace Consolidation (1:2).jpg,P17 - Introduction to Respiratory Pathophysiology | P18 - Basic Interpretation of Chest X-Ray | P31 - Review of Pneumonia - Pathology and Pharmacology,alveolar filling | airspace consolidation | chest radiograph,Radiograph shows an alveolar-filling pattern with dense lobar airspace consolidation.
13,527661d668564974004c4372b69e8f62796928a6cbaafb384a636999ed61ab2d,Airway Pressure in Spontaneous Breathing and Mechanical Ventilation.jpg,/Users/chriselwell/Desktop/Pulm/Pulm Pictures/Airway Pressure in Spontaneous Breathing and Mechanical Ventilation.jpg,"P35 - Acute Respiratory Failure | P5 - Spirometry, Obstructive and Restrictive Pulmonary Diseases",positive pressure ventilation | airway pressure | lung mechanics,Contrasts negative-pressure spontaneous inspiration with positive-pressure mechanical ventilation.
14,65ce5aea7c1f92aa15266e10e93c694c1b9eb3aa2d6665f8648405b930602b2f,Airway Sizes.png,/Users/chriselwell/Desktop/Pulm/Pulm Pictures/Airway Sizes.png,P2 - Structure and Volumes,Airway Sizes,Visually verified course-aligned reference for Structure and Volumes: Airway Sizes.
15,81f877b88cd6f34e5d69b58ffbc346a4b33f89713b0219894378143f7dbdb393,alpha-1-antitrypsin-deficiency.jpg,/Users/chriselwell/Desktop/Pulm/Pulm Pictures/alpha-1-antitrypsin-deficiency.jpg,P19 - Obstructive Diseases and Airway Diseases,alpha-1 antitrypsin deficiency | emphysema | liver,Integrates antiprotease loss in lung with misfolded protein accumulation in liver.
16,a417dfc1367e89fcb39cecc353dd758035b84e7f0d1f151a045dd151ca0ae3eb,Alveolar Structure.jpeg,/Users/chriselwell/Desktop/Pulm/Pulm Pictures/Alveolar Structure.jpeg,P2 - Structure and Volumes,Alveolar Structure,Visually verified course-aligned reference for Structure and Volumes: Alveolar Structure.
17,ca1795d4d92e979eaf1555127d83bf6851f9caabe41582d130747907aad4a553,Alveolar-and-Pleural-Pressures-Tidal-Breathing.png,/Users/chriselwell/Desktop/Pulm/Pulm Pictures/Alveolar-and-Pleural-Pressures-Tidal-Breathing.png,"P4 - Mechanics, Compliance and Ventilation | P9 - Pulmonary Physiology Review | Pulmonary - Comprehensive Study Guide",Alveolar and Pleural Pressures Tidal Breathing,"Visually verified course-aligned reference for Mechanics, Compliance and Ventilation: Alveolar and Pleural Pressures Tidal Breathing."
18,45fd34ba2a88539eaad5b83447ba157df3d012d81aa05ef9dfff8b460bf0ba61,Alveolar-Gas-Equation-Formula.png,/Users/chriselwell/Desktop/Pulm/Pulm Pictures/Alveolar-Gas-Equation-Formula.png,"P10 - Physiology Six-Case Workshop | P6 - Gas Exchange, Part 1 - Pressures, Diffusion and Transport",Alveolar Gas Equation Formula,Visually verified course-aligned reference for Physiology Six-Case Workshop: Alveolar Gas Equation Formula.
19,6b512083ed429d1900f1662b93d1670799a30ab4c9ff43c31975fe1875c8660c,Alveolar-Hypoventilation-Aa-Gradient.png,/Users/chriselwell/Desktop/Pulm/Pulm Pictures/Alveolar-Hypoventilation-Aa-Gradient.png,"P10 - Physiology Six-Case Workshop | P7 - Gas Exchange, Part 2 - Causes of Hypoxemia",Alveolar Hypoventilation Aa Gradient,Visually verified course-aligned reference for Physiology Six-Case Workshop: Alveolar Hypoventilation Aa Gradient.
20,c350e9a6be3906fce1ff4c8a3fba33aea9d716f812c44815ff688d970b8e805f,Alveoli-Toluidine-Blue-Pneumocytes-Histology.png,/Users/chriselwell/Desktop/Pulm/Pulm Pictures/Alveoli-Toluidine-Blue-Pneumocytes-Histology.png,P1 - Histology of the Respiratory System Review,Alveoli Toluidine Blue Pneumocytes Histology,Visually verified course-aligned reference for Histology of the Respiratory System Review: Alveoli Toluidine Blue Pneumocytes Histology.
21,70b604643094efed54ca0241b500d7fbdc746fde45e198bc2ea83cdc5f33fe7c,Alveolus-and-Respiratory-Bronchiole-Histology.png,/Users/chriselwell/Desktop/Pulm/Pulm Pictures/Alveolus-and-Respiratory-Bronchiole-Histology.png,P1 - Histology of the Respiratory System Review,Alveolus and Respiratory Bronchiole Histology,Visually verified course-aligned reference for Histology of the Respiratory System Review: Alveolus and Respiratory Bronchiole Histology.
22,5ec487433f77aed730fbdb5605d24b7353ea92c6d844173dee145f8f28eaa18c,alveolus-gas-exchange-diagram.png,/Users/chriselwell/Desktop/Pulm/Pulm Pictures/alveolus-gas-exchange-diagram.png,P17 - Introduction to Respiratory Pathophysiology,gas exchange | diffusion | alveolar-capillary barrier,Illustrates oxygen and carbon-dioxide diffusion across the alveolar-capillary interface.
23,a4eb814f025c01a9be06ddda7f106775d11fd5f4cc6f001e1564b79c983bf863,Alveolus-Size-Surfactant-Collapsing-Pressure.png,/Users/chriselwell/Desktop/Pulm/Pulm Pictures/Alveolus-Size-Surfactant-Collapsing-Pressure.png,P3 - Airway and Vascular Flow | P9 - Pulmonary Physiology Review | Pulmonary - Comprehensive Study Guide,Alveolus Size Surfactant Collapsing Pressure,Visually verified course-aligned reference for Airway and Vascular Flow: Alveolus Size Surfactant Collapsing Pressure.
24,c59c56776ead0fb5247c55e204ef7ff7fb70f6167f7f42fbe4a77895d02d9cfa,Amphotericin B Overview.png,/Users/chriselwell/Desktop/Pulm/Pulm Pictures/Amphotericin B Overview.png,P30 - Microbiology of Pneumonia - Fungal Infections,Pathology | Microbiology | Pharmacology,Provides a verified lecture-aligned visual anchor for Amphotericin B Overview
25,f97085a64906328ed15c161a31b210b984ab611395e95abe522598b9c2c59b66,Anatomic-Physiological-Dead-Space-Shunt-Diagram.png,/Users/chriselwell/Desktop/Pulm/Pulm Pictures/Anatomic-Physiological-Dead-Space-Shunt-Diagram.png,P9 - Pulmonary Physiology Review,Anatomic Physiological Dead Space Shunt Diagram,Visually verified course-aligned reference for Pulmonary Physiology Review: Anatomic Physiological Dead Space Shunt Diagram.
26,fc595158452f796559b1392b39771c0b26e14124463e7175a3dd1ae57615c566,Anatomical Vs. Alveolar Dead Space (Minute Ventilation).jpg,/Users/chriselwell/Desktop/Pulm/Pulm Pictures/Anatomical Vs. Alveolar Dead Space (Minute Ventilation).jpg,"P35 - Acute Respiratory Failure | P4 - Mechanics, Compliance and Ventilation | Pulmonary - Comprehensive Study Guide",minute ventilation | alveolar ventilation | dead space,"Shows how tidal volume partitions into dead space and alveolar ventilation, the core quantitative mechanism of type 2 failure."
27,001456011a670f4cd7bf2915d68ddea4c8a00e2de30d2642fb79c6d9942c30c7,Anatomy of the Intercostal Muscles.jpg,/Users/chriselwell/Desktop/Pulm/Pulm Pictures/Anatomy of the Intercostal Muscles.jpg,P2 - Structure and Volumes,Anatomy of the Intercostal Muscles,Visually verified course-aligned reference for Structure and Volumes: Anatomy of the Intercostal Muscles.
28,0fd6680ca1eac3d2df9d2b3705d68d4ec2a6b1051a994aece9dc94e4a80f6bbb,Antifungal Therapy Mechanisms Diagram.png,/Users/chriselwell/Desktop/Pulm/Pulm Pictures/Antifungal Therapy Mechanisms Diagram.png,P30 - Microbiology of Pneumonia - Fungal Infections,Pathology | Microbiology | Pharmacology,Provides a verified lecture-aligned visual anchor for Antifungal Therapy Mechanisms Diagram
29,35427b31d472b83f4fa35693beccf7260345ec5fa03592d1123de6b771c5eeaf,Approach-to-Hypoxemia-Algorithm.png,/Users/chriselwell/Desktop/Pulm/Pulm Pictures/Approach-to-Hypoxemia-Algorithm.png,"P10 - Physiology Six-Case Workshop | P7 - Gas Exchange, Part 2 - Causes of Hypoxemia | P9 - Pulmonary Physiology Review",Approach to Hypoxemia Algorithm,Visually verified course-aligned reference for Physiology Six-Case Workshop: Approach to Hypoxemia Algorithm.
30,6f078c56b9dccd6977ca031056dd5860e60ca940668a36bf563f88210943cbdb,ARDS X Ray.png,/Users/chriselwell/Desktop/Pulm/Pulm Pictures/ARDS X Ray.png,P35 - Acute Respiratory Failure,ARDS | chest radiograph | bilateral opacities,Demonstrates the bilateral diffuse pulmonary opacities used in the lecture's ARDS recognition criteria.
31,c02bef8588a319a0204e05df4301a88f658e77a0a0f0e837c1b4c2d41c74a85d,Ards-Pathogenesis.jpg,/Users/chriselwell/Desktop/Pulm/Pulm Pictures/Ards-Pathogenesis.jpg,P35 - Acute Respiratory Failure,ARDS | alveolar-capillary injury | noncardiogenic edema,"Normal-versus-ARDS alveolar schematic demonstrates permeability edema, inflammatory injury, and impaired oxygen exchange."
32,e77c6caeebc48c5c4e510841c20e1e57cdd5e9964839d2b6dd39a15a0a6c0a12,ARDS.png,/Users/chriselwell/Desktop/Pulm/Pulm Pictures/ARDS.png,P35 - Acute Respiratory Failure,ARDS | alveolar injury | surfactant | fibrosis,"Contrasts a healthy and injured alveolus to show inflammation, permeability edema, surfactant loss, collapse, and fibroblast response in ARDS."
33,a8900f10f1b9399ca74806050d9caff5f50538d33a9d6f3e9a594e77000e5849,Asbestos-related pleural disease axial.jpg,/Users/chriselwell/Desktop/Pulm/Pulm Pictures/Asbestos-related pleural disease axial.jpg,P25 - Radiology of Restrictive Lung Disease and Extras,asbestos | pleura | CT,Shows pleural plaques/thickening on axial CT.
34,5448145615fd950b4f9c92d5952916afc82552a1a7231fa955bf05ff9851a935,Aspergillis.png,/Users/chriselwell/Desktop/Pulm/Pulm Pictures/Aspergillis.png,P30 - Microbiology of Pneumonia - Fungal Infections,Pathology | Microbiology | Pharmacology,Provides a verified lecture-aligned visual anchor for Aspergillis
35,f081c66f6f11f4e3a3ccd4c519e6e303e473a1fdf594eb22a4a56963abdf38a7,Aspergilloma.jpg,/Users/chriselwell/Desktop/Pulm/Pulm Pictures/Aspergilloma.jpg,"P26 - Diseases of the Respiratory Tract - Part 3 - Vascular, Cancer, Other Disease (Pathology) | P26.2 - Lung Infections - Pathology Review and Study Supplement | P30 - Microbiology of Pneumonia - Fungal Infections",Pathology | Diagnostics,P26.2 (p.22-23) describes colonization of a pre-existing lung cavity by Aspergillus forming a fungus ball (aspergilloma); this labeled CT shows exactly that cavitary fungus ball
36,bc2a36e9d9b4837f3bf471a6f09624acf3a3687eeb7f0eb2f6c89b59365a154c,Asteroid bodies in pulmonary sarcoidosis.jpg,/Users/chriselwell/Desktop/Pulm/Pulm Pictures/Asteroid bodies in pulmonary sarcoidosis.jpg,P24 - Diseases of the Respiratory Tract - Part 2 - Restrictive Disease (Pathology),sarcoidosis | asteroid body,Shows asteroid bodies within sarcoidal giant cells.
37,657fd4d57e75e89dcaa6e7197d1c25526e3a1b4bd25ec5f7a78205ac9536aa49,asthma-allergen-pathophysiology.png,/Users/chriselwell/Desktop/Pulm/Pulm Pictures/asthma-allergen-pathophysiology.png,P19 - Obstructive Diseases and Airway Diseases,asthma | type I hypersensitivity | Th2 inflammation,"Maps allergen sensitization, IgE cross-linking, mast-cell activation, Th2 cytokines, eosinophils, bronchoconstriction, and remodeling."
38,f219faaff2cb8bec500531fefa56c27721e80049a959e6f31421b01df601055d,asthma-pathophysiology-and-pharmacology-diagram.png,/Users/chriselwell/Desktop/Pulm/Pulm Pictures/asthma-pathophysiology-and-pharmacology-diagram.png,P22-23 - Drugs Used for Treatment of Asthma and COPD,mepolizumab | benralizumab | PDE inhibitors | asthma mechanisms,Comprehensive mechanism map adds the anti-IL-5 and IL-5-receptor targets while linking acute bronchodilation to chronic inflammatory control.
39,1abe1ef58888273e9b560d83df22d18942d0e19ab4d7680f0c8f4aa7689301b7,Asthma-Severity-for-Patients-Not-on-Controller-Medication.png,/Users/chriselwell/Desktop/Pulm/Pulm Pictures/Asthma-Severity-for-Patients-Not-on-Controller-Medication.png,P34 - Respiratory Medicine Clinical Case Studies - Obstructive Diseases (Pathophysiology),asthma | severity | control,"Severity table reinforces symptom, awakening, and treatment-step classification."
40,3109b48b653896a1c781817ea4a562af09ab24ba83c7dcf5943ec87090789111,Asthma-TH2-Pathways-and-Biologic-Targets.jpg,/Users/chriselwell/Desktop/Pulm/Pulm Pictures/P34 - Respiratory Medicine Clinical Case Studies - Obstructive Diseases (Pathophysiology)/Web Sources/Asthma-TH2-Pathways-and-Biologic-Targets.jpg,Pulmonary - Comprehensive Study Guide,P22-23 | P34 | asthma | biologics | type 2 inflammation,Maps type-2 asthma cytokine pathways to current biologic targets.
41,a2491abf6ab357ae8805949ddeb3cd547ddb35ffd30f69e078c446c44518c04a,asthma-vs-copd.png,/Users/chriselwell/Desktop/Pulm/Pulm Pictures/asthma-vs-copd.png,P13 - Pulmonary Problem Solving Exercise Part 1 | P14 - Introduction to Pulmonary Pathophysiology | P19 - Obstructive Diseases and Airway Diseases | P20 - Radiology of Obstructive Lung Disease,asthma | COPD | chronic dyspnea,"Distinguishes two common chronic causes of dyspnea by onset, exposures, symptoms, reversibility, and treatment."
42,c5b0b2fea5813082ec57cd32aa17592bdee9df094ba3ddf86b10925abb0661f2,Atelectasis-Causing-Mediastinal-Shift.jpg,/Users/chriselwell/Desktop/Pulm/Pulm Pictures/Atelectasis-Causing-Mediastinal-Shift.jpg,P27 - Radiology of Pulmonary Infections and Lung Cancer,Diagnostics | Pathology,Provides a verified lecture-aligned visual anchor for Atelectasis Causing Mediastinal Shift
43,f84d2bdc4ae40bfea7b7bbf8830dd600d314a702f3a32426a9bde4f21ac5839b,B ARDS Bilateral Diffuse Lung Opacities CXR.png,/Users/chriselwell/Desktop/Pulm/Pulm Pictures/B ARDS Bilateral Diffuse Lung Opacities CXR.png,P14 - Introduction to Pulmonary Pathophysiology | P18 - Basic Interpretation of Chest X-Ray | P27.2 - Chest X-Ray Final Review | P35 - Acute Respiratory Failure | P39 - Clinical Pathology & Imaging - Interactive Workshop | Pulmonary - Comprehensive Study Guide,ARDS | diffuse opacities | chest radiograph,Annotated radiograph shows the diffuse bilateral opacities characteristic of ARDS.
44,96d60ea62605375217ad6435536b7cd8d459b6254b13c868da2a8048a143d065,B Lung Adenocarcinoma Glandular Histology.png,/Users/chriselwell/Desktop/Pulm/Pulm Pictures/B Lung Adenocarcinoma Glandular Histology.png,"P26 - Diseases of the Respiratory Tract - Part 3 - Vascular, Cancer, Other Disease (Pathology) | Pulmonary - Comprehensive Study Guide",Pathology | Diagnostics,Provides a verified lecture-aligned visual anchor for B Lung Adenocarcinoma Glandular Histology
45,5720078660f16da070f47ecc2ed34bda8991b986fc435ec2bf19e288465699d2,B Sarcoidosis Bilateral Hilar Adenopathy and Coarse Reticular Opacities CXR.png,/Users/chriselwell/Desktop/Pulm/Pulm Pictures/B Sarcoidosis Bilateral Hilar Adenopathy and Coarse Reticular Opacities CXR.png,P14 - Introduction to Pulmonary Pathophysiology | P24 - Diseases of the Respiratory Tract - Part 2 - Restrictive Disease (Pathology) | P27.2 - Chest X-Ray Final Review,sarcoidosis | bilateral hilar adenopathy | chest radiograph,Demonstrates bilateral hilar adenopathy and coarse reticular opacities of pulmonary sarcoidosis.
46,5557cb9351f83d9d6c77f1bb3fa11d0e0902a3c8c3c35e7c42780cdccaa49a70,B Tension Pneumothorax CXR Tracheal Deviation Collapsed Lung.png,/Users/chriselwell/Desktop/Pulm/Pulm Pictures/B Tension Pneumothorax CXR Tracheal Deviation Collapsed Lung.png,P18 - Basic Interpretation of Chest X-Ray | P27.2 - Chest X-Ray Final Review,tension pneumothorax | tracheal deviation | chest radiograph,Demonstrates absent peripheral markings collapsed lung and tracheal deviation in tension pneumothorax.
47,17d3840e832159ab6b7ec5ef7613ed43375b999c2e1a7927f65e74ae3b61b1fa,B_Emphysema_Alveolar_Wall_Destruction_Histology.png,/Users/chriselwell/Desktop/Pulm/Pulm Pictures/B_Emphysema_Alveolar_Wall_Destruction_Histology.png,P19 - Obstructive Diseases and Airway Diseases | P34 - Respiratory Medicine Clinical Case Studies - Obstructive Diseases (Pathophysiology),emphysema | histology | alveolar wall destruction,Histology shows enlarged airspaces and destruction of alveolar septa without fibrosis.
48,e979bf55ecc0bec24efea208ec372e91033e47d496ce485a994819254030ffb1,Baroreceptors-and-Peripheral-Chemoreceptors.png,/Users/chriselwell/Desktop/Pulm/Pulm Pictures/Baroreceptors-and-Peripheral-Chemoreceptors.png,P11 - Physiology Practice Question Review | P8 - Control of Ventilation,Baroreceptors and Peripheral Chemoreceptors,Visually verified course-aligned reference for Physiology Practice Question Review: Baroreceptors and Peripheral Chemoreceptors.
49,3ba49d02080a93199ab5399b8ec07514a734108b873728cd3f4fb53b3a20f98e,Bilateral pleural effusion.jpg,/Users/chriselwell/Desktop/Pulm/Pulm Pictures/Bilateral pleural effusion.jpg,P18 - Basic Interpretation of Chest X-Ray | P25 - Radiology of Restrictive Lung Disease and Extras,bilateral pleural effusions | CT,Shows small bilateral dependent effusions that may not shift the mediastinum.
50,25845d4981f6f2f233b937132063692d788d09661adb2ab5158f4d62ed95413c,bilateral-hilar-adenopathy-chest-xray.jpg,/Users/chriselwell/Desktop/Pulm/Pulm Pictures/bilateral-hilar-adenopathy-chest-xray.jpg,P18 - Basic Interpretation of Chest X-Ray,hilar adenopathy | chest radiograph,Compares normal hila with bilateral hilar adenopathy.
51,390426d05b867378217f955e38556b128d58bbb5dc68ba7d5902fc4b433be3c4,Blastomycosis Fact Sheet and US Endemicity Map.jpg,/Users/chriselwell/Desktop/Pulm/Pulm Pictures/Blastomycosis Fact Sheet and US Endemicity Map.jpg,P30 - Microbiology of Pneumonia - Fungal Infections,Pathology | Microbiology | Pharmacology,Provides a verified lecture-aligned visual anchor for Blastomycosis Fact Sheet and US Endemicity Map
52,bb581a15e77caa3fa048cddeffb17aad2fa9941c8991f9d540a62cb49e303dfd,Blastomycosis Histology.png,/Users/chriselwell/Desktop/Pulm/Pulm Pictures/Blastomycosis Histology.png,P30 - Microbiology of Pneumonia - Fungal Infections,Pathology | Microbiology | Pharmacology,Provides a verified lecture-aligned visual anchor for Blastomycosis Histology
53,b08f944d8d7d1bf4e9fbf0aa40cee0f190b4eae4df8b204a43de9dd9eab70e11,Bohr and Haldane Effects.jpg,/Users/chriselwell/Desktop/Pulm/Pulm Pictures/Bohr and Haldane Effects.jpg,"P6 - Gas Exchange, Part 1 - Pressures, Diffusion and Transport",Bohr and Haldane Effects,"Visually verified course-aligned reference for Gas Exchange, Part 1 - Pressures, Diffusion and Transport: Bohr and Haldane Effects."
54,be10fd27dff9fac96803a64005a45f8ff44d66f9b6107e1089a135754b1c56e0,Breathing Rhythms.png,/Users/chriselwell/Desktop/Pulm/Pulm Pictures/Breathing Rhythms.png,P8 - Control of Ventilation,Breathing Rhythms,Visually verified course-aligned reference for Control of Ventilation: Breathing Rhythms.
55,c87716158ab7e26d83a485214957f886969e9f05fe525379489ad5aa7d0798d2,bronchiectasis-gross-pathology.png,/Users/chriselwell/Desktop/Pulm/Pulm Pictures/bronchiectasis-gross-pathology.png,P20 - Radiology of Obstructive Lung Disease,bronchiectasis | cystic fibrosis | CT,CT demonstrates dilated bronchi and thickened walls in cystic-fibrosis bronchiectasis.
56,9458d3b55df5ab67c8aebcb41b9b6c727ae8b6708446c3da0b65542785b2b1d5,Bronchiectasis-Radiographic-Signs.png,/Users/chriselwell/Desktop/Pulm/Pulm Pictures/Bronchiectasis-Radiographic-Signs.png,P16 - Mystery Illness Review Video | P20 - Radiology of Obstructive Lung Disease | P27.2 - Chest X-Ray Final Review,Bronchiectasis Radiographic Signs,Visually verified aid for the P16 history/examination pattern and structural or suppurative-airway differential: Bronchiectasis Radiographic Signs.
57,3d7486f1a9410941b243d5b5ac782423626467a23ad380ff9f3c422ea05270a5,Bronchiectasis-Signet-Ring-Sign.png,/Users/chriselwell/Desktop/Pulm/Pulm Pictures/Bronchiectasis-Signet-Ring-Sign.png,P16 - Mystery Illness Review Video | P19 - Obstructive Diseases and Airway Diseases | P20 - Radiology of Obstructive Lung Disease | P38 - Mystery Illness Review Session - Interactive Workshop | Pulmonary - Comprehensive Study Guide,Bronchiectasis Signet Ring Sign,Visually verified aid for the P16 history/examination pattern and structural or suppurative-airway differential: Bronchiectasis Signet Ring Sign.
58,fae76322e2b5eac8a58a80c1c63e23c3e4cc3791944d6dc1206ef740bef2d042,Bronchiectasis-Tram-Track-Sign.png,/Users/chriselwell/Desktop/Pulm/Pulm Pictures/Bronchiectasis-Tram-Track-Sign.png,P16 - Mystery Illness Review Video | P19 - Obstructive Diseases and Airway Diseases | P20 - Radiology of Obstructive Lung Disease,Bronchiectasis Tram Track Sign,Visually verified aid for the P16 history/examination pattern and structural or suppurative-airway differential: Bronchiectasis Tram Track Sign.
59,6fabf77f9e39d8a72a7f2630137c87751c8048b5f2486bb4b5e278a521ae255b,Bronchogenic Cyst.jpg,/Users/chriselwell/Desktop/Pulm/Pulm Pictures/Bronchogenic Cyst.jpg,P36 - Pulmonary Developmental Anomalies,bronchogenic cyst | histopathology,Histology demonstrates the respiratory-type epithelial lining and wall structure of a bronchogenic cyst.
60,a9c2862f93a2fcf3aaf02c1c70772731692d87c89f17edd25eb0c3f690548d7c,Bronchopneumonia-Pathology.png,/Users/chriselwell/Desktop/Pulm/Pulm Pictures/Bronchopneumonia-Pathology.png,P39 - Clinical Pathology & Imaging - Interactive Workshop,bronchopneumonia | histology,Integrated histology schematic emphasizes bronchiolocentric patchy neutrophilic inflammation.
61,ae60d5c7b073b544f06edb3539c4bf7e6423ea7142c206f75ffd574d854fd7f5,Bronchopneumonia.jpg,/Users/chriselwell/Desktop/Pulm/Pulm Pictures/Bronchopneumonia.jpg,P31 - Review of Pneumonia - Pathology and Pharmacology,bronchopneumonia | histopathology,Shows airway-centered suppurative bronchopneumonia histology.
62,b3b01d4f57023dbdfbd3caf461ffe8523c12594ecee61618d59754fecda42caa,Bronchopulmonary Dysplasia.jpg,/Users/chriselwell/Desktop/Pulm/Pulm Pictures/Bronchopulmonary Dysplasia.jpg,P27.2 - Chest X-Ray Final Review | P37 - Advanced Spirometry Review - Interactive Workshop,bronchopulmonary dysplasia | prematurity | CXR,Shows the coarse chronic lung changes of bronchopulmonary dysplasia in a premature infant.
63,f84473e58e690544c4e47722dca3e74d36d759518b381a321c4893dd72d5069e,C Emphysema Gross Lung Bullae.png,/Users/chriselwell/Desktop/Pulm/Pulm Pictures/C Emphysema Gross Lung Bullae.png,P20 - Radiology of Obstructive Lung Disease,emphysema | gross pathology | bullae,Gross lung shows destructive bullous airspaces and limited intervening parenchyma.
64,a5e1fdb4ac7c89d1b041ffee3014fe414da2924d3753f94060bda441c9a72d89,C Squamous Cell Lung Carcinoma Hilar Mass CXR.png,/Users/chriselwell/Desktop/Pulm/Pulm Pictures/C Squamous Cell Lung Carcinoma Hilar Mass CXR.png,P27 - Radiology of Pulmonary Infections and Lung Cancer | P39 - Clinical Pathology & Imaging - Interactive Workshop,Diagnostics | Pathology,Provides a verified lecture-aligned visual anchor for C Squamous Cell Lung Carcinoma Hilar Mass CXR
65,a9e85e361a460ebb144384a1be5a82a6309b0a1017260fcde1adb0d81bf81cfe,Causes-of-Hypoxemia-Table-Compact.png,/Users/chriselwell/Desktop/Pulm/Pulm Pictures/Causes-of-Hypoxemia-Table-Compact.png,"P35 - Acute Respiratory Failure | P7 - Gas Exchange, Part 2 - Causes of Hypoxemia",hypoxemic respiratory failure | V/Q mismatch | diffusion impairment | shunt,"Compact comparison of hypoventilation, V/Q mismatch, diffusion defect, and shunt supports type 1 mechanism localization."
66,dcdbac33bce158062ca36ed910faf8ef337c4bb661dcff95d4d678151fb97e97,Central-Respiratory-Control.png,/Users/chriselwell/Desktop/Pulm/Pulm Pictures/Central-Respiratory-Control.png,P8 - Control of Ventilation | P9 - Pulmonary Physiology Review | Pulmonary - Comprehensive Study Guide,Central Respiratory Control,Visually verified course-aligned reference for Control of Ventilation: Central Respiratory Control.
67,793c29650f14f15d751154879b5990fe4133d70be0a8376549f1f590c73b54af,central-sleep-apnea.jpg,/Users/chriselwell/Desktop/Pulm/Pulm Pictures/central-sleep-apnea.jpg,P21 - Overview of Sleep Disorders,CSA | diagnostic tracing | respiratory effort,Tracing shows simultaneous loss of airflow and respiratory effort in CSA.
68,bd49920669238cf5e4a4af34c698ba7eb79aaa8fa7c7c100564bb01c9b41cf59,centriacinar-vs-panacinar-emphysema.png,/Users/chriselwell/Desktop/Pulm/Pulm Pictures/centriacinar-vs-panacinar-emphysema.png,P19 - Obstructive Diseases and Airway Diseases | P20 - Radiology of Obstructive Lung Disease | P39 - Clinical Pathology & Imaging - Interactive Workshop,emphysema | centriacinar | panacinar,Directly compares smoking-associated centriacinar disease with alpha-1 antitrypsin-associated panacinar disease.
69,8c05d03ad5b124dbcf711eb67f9909b41d661a5aa70f8ed424fa42d9da36a34f,changes-in-fev1-with-smoking.png,/Users/chriselwell/Desktop/Pulm/Pulm Pictures/changes-in-fev1-with-smoking.png,P15 - Approach to the Patient with Respiratory Disease and Pulmonary Preventative Care,smoking | FEV1 | smoking cessation,Graph shows accelerated FEV1 decline with continued smoking and the benefit of cessation.
70,fb7a0b02e72fada579c9d5f28cb14a80c46b2787afa7aa28b9c0754a66cf1ed9,Chemoreceptor-Activity-Table.png,/Users/chriselwell/Desktop/Pulm/Pulm Pictures/Chemoreceptor-Activity-Table.png,P11 - Physiology Practice Question Review | P8 - Control of Ventilation | P9 - Pulmonary Physiology Review,Chemoreceptor Activity Table,Visually verified course-aligned reference for Physiology Practice Question Review: Chemoreceptor Activity Table.
71,a5bfa65b25724d706fd25d0a058f0a6c0521919eb106e63db335e92e22ea5a9a,Chest-Wall-Lung-Combined-Compliance-Curves.png,/Users/chriselwell/Desktop/Pulm/Pulm Pictures/Chest-Wall-Lung-Combined-Compliance-Curves.png,"P35 - Acute Respiratory Failure | P4 - Mechanics, Compliance and Ventilation | P9 - Pulmonary Physiology Review",compliance | chest wall | elastic recoil,Combined pressure-volume curves show opposing lung and chest-wall recoil and their effect on respiratory-system compliance.
72,b212c30d5133a4790d057e4db344aeec276f80ca897ec92fad45d8d994d4d720,Chlamydia.png,/Users/chriselwell/Desktop/Pulm/Pulm Pictures/Chlamydia.png,P28 - Microbiology of Pneumonia - Bacterial Infections,Microbiology | Diagnostics,Provides a verified lecture-aligned visual anchor for Chlamydia
73,2476092e330639a0554bd58aad442dd4a2a70942204c29267e42188b7d932cd4,Chronic interstitial lung disease.jpg,/Users/chriselwell/Desktop/Pulm/Pulm Pictures/Chronic interstitial lung disease.jpg,P13 - Pulmonary Problem Solving Exercise Part 1 | P18 - Basic Interpretation of Chest X-Ray,interstitial lung disease | chronic dyspnea | chest CT,High-resolution chest CT showing fibrotic interstitial lung disease as a chronic dyspnea cause.
74,82346a5021ea64d269eae96d28af665d3cd368a672062fd1daa201a59ef5cbb2,Chronic Rhinosinusitis with Nasal Polyps.jpg,/Users/chriselwell/Desktop/Pulm/Pulm Pictures/Chronic Rhinosinusitis with Nasal Polyps.jpg,P33 - Otolaryngology - Upper Airway Pathology,nasal polyps | chronic rhinosinusitis | CT,Coronal CT showing extensive sinonasal polyposis and opacification.
75,7b43e205ffba2426539dfcccfe528847b979c5b5310cc540d75a28dce3a1f2a0,Chronic-Obstructive-Pulmonary-Disease-Chest-Xray.jpg,/Users/chriselwell/Desktop/Pulm/Pulm Pictures/Chronic-Obstructive-Pulmonary-Disease-Chest-Xray.jpg,Pulmonary - Comprehensive Study Guide,P19 | P20 | COPD | hyperinflation | chest radiograph,Shows hyperinflation and diaphragmatic flattening on COPD chest radiography.
76,c2c567a1f0085361c6bbe5b65b8513231996fd6328879e4254c600840e49afb2,chronic-silicosis-progressive-massive-fibrosis-chest-xray.png,/Users/chriselwell/Desktop/Pulm/Pulm Pictures/chronic-silicosis-progressive-massive-fibrosis-chest-xray.png,P24 - Diseases of the Respiratory Tract - Part 2 - Restrictive Disease (Pathology),silicosis | X-ray,Shows upper-lobe progressive massive fibrosis in silicosis.
77,ee71031f474e88c9e31a82ad5ca102855c79ebe5f8f839ee54b3018ae394d197,cigarette-smoke-inflammatory-pathway-copd.png,/Users/chriselwell/Desktop/Pulm/Pulm Pictures/cigarette-smoke-inflammatory-pathway-copd.png,P15 - Approach to the Patient with Respiratory Disease and Pulmonary Preventative Care,cigarette smoke | COPD | lung injury,"Mechanistic diagram links cigarette smoke to inflammation, mucus hypersecretion, fibrosis, and alveolar destruction."
78,7b4f692edc2f571d9110e04484c2b94261bd3fc96806cbf59aee3c272facbb3d,Classic Pertussis.png,/Users/chriselwell/Desktop/Pulm/Pulm Pictures/Classic Pertussis.png,P15 - Approach to the Patient with Respiratory Disease and Pulmonary Preventative Care | P28 - Microbiology of Pneumonia - Bacterial Infections,pertussis | cough | vaccination,"Timeline shows catarrhal, paroxysmal, and convalescent stages of pertussis."
79,3ccd55dfdbf0bbe40df485ad5c44de858963463936a838f93f538f18eb06df4e,CO2 Transport.png,/Users/chriselwell/Desktop/Pulm/Pulm Pictures/CO2 Transport.png,"P6 - Gas Exchange, Part 1 - Pressures, Diffusion and Transport | P9 - Pulmonary Physiology Review",CO2 Transport,"Visually verified course-aligned reference for Gas Exchange, Part 1 - Pressures, Diffusion and Transport: CO2 Transport."
80,6386956075ffed446b6b08d9ea4bf95dd6b324d59f9b965c765827c46e28529e,Co2-Transport-Rbc-Tissue-Diagram.png,/Users/chriselwell/Desktop/Pulm/Pulm Pictures/Co2-Transport-Rbc-Tissue-Diagram.png,"P6 - Gas Exchange, Part 1 - Pressures, Diffusion and Transport",Co2 Transport Rbc Tissue Diagram,"Visually verified course-aligned reference for Gas Exchange, Part 1 - Pressures, Diffusion and Transport: Co2 Transport Rbc Tissue Diagram."
81,1812bf06a451e10e09b2871fd3ce88c3a53f7862f0a9c9612463238f274e8e7a,Coccidioidomycosis Histology.png,/Users/chriselwell/Desktop/Pulm/Pulm Pictures/Coccidioidomycosis Histology.png,P26.2 - Lung Infections - Pathology Review and Study Supplement | P30 - Microbiology of Pneumonia - Fungal Infections,Coccidioides | endemic fungi | histology,Shows the tissue spherule morphology of Coccidioides.
82,fbc56e1fef77369ff5f539fd336890832f0f32d90a1942cc44e232e6a238a344,common-etiologies-of-chronic-cough.png,/Users/chriselwell/Desktop/Pulm/Pulm Pictures/common-etiologies-of-chronic-cough.png,P15 - Approach to the Patient with Respiratory Disease and Pulmonary Preventative Care,chronic cough | differential diagnosis | respiratory symptoms,"Concise differential organizes common upper-airway, lower-airway, parenchymal, and other causes of chronic cough."
83,67e18fc4e1cb3421c19fafec90ec1f430b812190b92e9d26b4d9c69c72303943,Common-Pathogens-in-Hospital-Acquired-Pneumonia.png,/Users/chriselwell/Desktop/Pulm/Pulm Pictures/Common-Pathogens-in-Hospital-Acquired-Pneumonia.png,P31 - Review of Pneumonia - Pathology and Pharmacology,hospital-acquired pneumonia | ventilator-associated pneumonia | pathogens,Compact pathogen chart supports empiric coverage choices for hospital-acquired and ventilator-associated pneumonia.
84,4bf72a1907a7ca01ecbe09c224651e27995e9eab184bc87dcaa80f3dd09d317d,common-pathologies-breath-sounds-percussion.png,/Users/chriselwell/Desktop/Pulm/Pulm Pictures/common-pathologies-breath-sounds-percussion.png,P13 - Pulmonary Problem Solving Exercise Part 1 | P15 - Approach to the Patient with Respiratory Disease and Pulmonary Preventative Care | P16 - Mystery Illness Review Video,dyspnea differential | auscultation | percussion,"Concise pattern table linking common acute pulmonary disorders to breath sounds, percussion, and tracheal deviation."
85,8fd35daa60d2e0da2a8282c4a9777fda7155f6e1e899914d4c750aab2fb5e55a,Common-Triggers-of-Asthma.png,/Users/chriselwell/Desktop/Pulm/Pulm Pictures/Common-Triggers-of-Asthma.png,P34 - Respiratory Medicine Clinical Case Studies - Obstructive Diseases (Pathophysiology),asthma | triggers | case reasoning,"Compact trigger table aligns with the case differential for allergens, irritants, exercise, infection, and reflux."
86,e6cadd7a8efc3e8211fcdc9d6182f8966af16832e4c0d49a47adff8624fee199,Conducting-and-Respiratory-Zone-Histology-Overview.png,/Users/chriselwell/Desktop/Pulm/Pulm Pictures/Conducting-and-Respiratory-Zone-Histology-Overview.png,P1 - Histology of the Respiratory System Review | P17 - Introduction to Respiratory Pathophysiology | P9 - Pulmonary Physiology Review | Pulmonary - Comprehensive Study Guide,Conducting and Respiratory Zone Histology Overview,Visually verified course-aligned reference for Histology of the Respiratory System Review: Conducting and Respiratory Zone Histology Overview.
87,a81c5496fcbf2f69a8fafd4aa1bd6d75c6462ac4181e9c77664d535f998f6176,Conducting-vs-Respiratory-Zones-Chart.png,/Users/chriselwell/Desktop/Pulm/Pulm Pictures/Conducting-vs-Respiratory-Zones-Chart.png,P2 - Structure and Volumes,Conducting vs Respiratory Zones Chart,Visually verified course-aligned reference for Structure and Volumes: Conducting vs Respiratory Zones Chart.
88,ed97914b374e0f1ae1055662600cbeeb3933a81bc73ecfbe7b1e5f75c70c5d1f,Congenital Diaphragmatic Hernias.jpg,/Users/chriselwell/Desktop/Pulm/Pulm Pictures/Congenital Diaphragmatic Hernias.jpg,P36 - Pulmonary Developmental Anomalies,diaphragmatic hernia | Bochdalek | Morgagni | anatomy,"Axial anatomy map distinguishes Bochdalek, Morgagni, central, and Larrey diaphragmatic hernia locations."
89,6a28d0410577ff9d7351939ad17790028827acfb68510740a24bd15f733706d7,Congenital-Diaphragmatic-Hernia-Chest-Xray.jpg,/Users/chriselwell/Desktop/Pulm/Pulm Pictures/Congenital-Diaphragmatic-Hernia-Chest-Xray.jpg,P36 - Pulmonary Developmental Anomalies | Pulmonary - Comprehensive Study Guide,congenital diaphragmatic hernia | chest radiograph | enteric tube,"Annotated neonatal radiographs demonstrate intrathoracic bowel, displaced cardiac silhouette, indistinct hemidiaphragm, and an enteric tube in the chest."
90,517e5c65b0c17287ced77b97d17dc4c35299d407ad70142896070dc30707038d,Congenital-Diaphragmatic-Hernia-Embryology.jpg,/Users/chriselwell/Desktop/Pulm/Pulm Pictures/Congenital-Diaphragmatic-Hernia-Embryology.jpg,P36 - Pulmonary Developmental Anomalies,congenital diaphragmatic hernia | embryology | pleuroperitoneal fold,Embryology diagram shows pleuroperitoneal-fold failure and the posterolateral defect underlying congenital diaphragmatic hernia.
91,0febbc21f54cc3ce52abfa3dde4415b6f7a13ce1dccceb0d4398295275e356e3,Congenital-Diaphragmatic-Hernia.png,/Users/chriselwell/Desktop/Pulm/Pulm Pictures/Congenital-Diaphragmatic-Hernia.png,P36 - Pulmonary Developmental Anomalies,congenital diaphragmatic hernia | initial management | pulmonary hypoplasia,"Compact comparison summarizes CDH pathogenesis, clinical findings, radiographic clues, and immediate intubation/decompression management."
92,451003e2a2077f4d54c1200a5cc95b4e28bc52962c111ba8c27d33fa47732a38,congestive-heart-failure-chest-xray-findings.png,/Users/chriselwell/Desktop/Pulm/Pulm Pictures/congestive-heart-failure-chest-xray-findings.png,P13 - Pulmonary Problem Solving Exercise Part 1,heart failure | pulmonary edema | chest radiograph,Annotated ABCDE chest-radiograph findings of cardiogenic pulmonary edema and heart failure.
93,d76c823ebc3fdf05b61f611bcf625eff7327ae7ddc3a216ca75bcbb96a6b2947,COPD Pathophysiology.png,/Users/chriselwell/Desktop/Pulm/Pulm Pictures/COPD Pathophysiology.png,P34 - Respiratory Medicine Clinical Case Studies - Obstructive Diseases (Pathophysiology),COPD | chronic bronchitis | emphysema,Side-by-side airway mucus narrowing and emphysematous membrane destruction capture the mixed case phenotype.
94,7f4927043163f29b6936306712a07e189235bd9a3c550ffb1a2fc0a9d0fcc0cb,copd-vs-healthy-alveoli-and-airway.png,/Users/chriselwell/Desktop/Pulm/Pulm Pictures/copd-vs-healthy-alveoli-and-airway.png,P14 - Introduction to Pulmonary Pathophysiology,COPD | emphysema | chronic bronchitis,Contrasts normal airways and alveoli with chronic bronchitis and emphysema changes.
95,df891f3b096539bb9284729c3894035321f2297e975606915636eaa51e65fd0e,Cornona sketchy.png,/Users/chriselwell/Desktop/Pulm/Pulm Pictures/Cornona sketchy.png,P29 - Microbiology of Pneumonia - Viral Infections of the Respiratory Tract | P29 - Microbiology of Pneumonia - Viral Infections of the Respiratory Tract,coronavirus | SARS-CoV-2 | COVID-19 | diagnostics,"Dense but readable coronavirus retrieval map covering SARS-CoV-2 structure, replication, transmission, clinical disease, diagnostics, and immune testing."
96,a9f32fc54277a6b5ed08e4a7e34dc5789c5d472a67f92c947cdffd831635ce7f,Coronavirus SARS-Cov-2 Structure.jpg,/Users/chriselwell/Desktop/Pulm/Pulm Pictures/Coronavirus SARS-Cov-2 Structure.jpg,P29 - Microbiology of Pneumonia - Viral Infections of the Respiratory Tract,Microbiology | Clinical,Provides a verified lecture-aligned visual anchor for Coronavirus SARS Cov 2 Structure
97,489347deb23c8acab9196f7943bdae2067eeeccab7bea38e4c1d5bc440522df7,Costophrenic sulcus blunting from pleural effusion.jpg,/Users/chriselwell/Desktop/Pulm/Pulm Pictures/Costophrenic sulcus blunting from pleural effusion.jpg,P18 - Basic Interpretation of Chest X-Ray,pleural effusion | costophrenic angle | meniscus,Shows subtle costophrenic angle blunting and meniscus formation from a small effusion.
98,0fc06d53d75e63eaf49a9414d89f72ab3d6d20fe962d109babed0500536ddec6,Cough and Hemoptysis.png,/Users/chriselwell/Desktop/Pulm/Pulm Pictures/Cough and Hemoptysis.png,P16 - Mystery Illness Review Video,Cough and Hemoptysis,Visually verified aid for the P16 history/examination pattern and structural or suppurative-airway differential: Cough and Hemoptysis.
99,f9a949f379aa638cf974060d0a6b414e4decd14595d68daf4203d6ade0c4b4ca,Cough and Sputum.png,/Users/chriselwell/Desktop/Pulm/Pulm Pictures/Cough and Sputum.png,P16 - Mystery Illness Review Video,Cough and Sputum,Visually verified aid for the P16 history/examination pattern and structural or suppurative-airway differential: Cough and Sputum.
100,ad64a938fcc45146b08139569fbde7bc9b8cd848c1af6b059520ef9afbadcd03,COVID-19 Pneumonia.jpg,/Users/chriselwell/Desktop/Pulm/Pulm Pictures/COVID-19 Pneumonia.jpg,P29 - Microbiology of Pneumonia - Viral Infections of the Respiratory Tract,Microbiology | Clinical,Provides a verified lecture-aligned visual anchor for COVID 19 Pneumonia
101,5551693a617932d2d1929b2c28bc35ac86ed95281f387d497784fc68fd37abe4,Croup-Steeple-Sign.png,/Users/chriselwell/Desktop/Pulm/Pulm Pictures/Croup-Steeple-Sign.png,P33 - Otolaryngology - Upper Airway Pathology,croup | steeple sign | radiography,AP neck radiograph showing the subglottic steeple sign of croup.
102,5e4faa80d7635151a8a07c8d71a76a9533e7c3ac374b4d5ec74a41af0215aa52,Croup-Upper-Airway-Anatomy.jpg,/Users/chriselwell/Desktop/Pulm/Pulm Pictures/Croup-Upper-Airway-Anatomy.jpg,P33 - Otolaryngology - Upper Airway Pathology,croup | subglottic edema | airway anatomy,Sagittal anatomy diagram localizing croup edema to the subglottis/proximal trachea.
103,f80febf77e3bb6e0476e3b2b92b0067eac3dfb65f644d5936adf31033f1f73f5,Crypto Capsule.png,/Users/chriselwell/Desktop/Pulm/Pulm Pictures/Crypto Capsule.png,P30 - Microbiology of Pneumonia - Fungal Infections,Pathology | Microbiology | Pharmacology,Provides a verified lecture-aligned visual anchor for Crypto Capsule
104,0938850e7e8c9a6e31a0da1f5f595740ab363abac3ae2c32548cb4c42168e586,Cryptococcus Neoformans India Ink Stain.png,/Users/chriselwell/Desktop/Pulm/Pulm Pictures/Cryptococcus Neoformans India Ink Stain.png,P30 - Microbiology of Pneumonia - Fungal Infections,Pathology | Microbiology | Pharmacology,Provides a verified lecture-aligned visual anchor for Cryptococcus Neoformans India Ink Stain
105,14f64005a331b6b53feb39aab7c7f3e7ae3786c9e89e29f64da56cdb1a3e01fa,cryptogenic-organizing-pneumonia.png,/Users/chriselwell/Desktop/Pulm/Pulm Pictures/cryptogenic-organizing-pneumonia.png,P17 - Introduction to Respiratory Pathophysiology | P24 - Diseases of the Respiratory Tract - Part 2 - Restrictive Disease (Pathology),organizing pneumonia | pathologic repair | CT,CT demonstrates patchy consolidation from an organizing inflammatory repair response.
106,bbe4dd313ba93bcb41ee3b9421a12eba9d2888750721b867f4111fe931db88c0,Cystic fibrosis pathophysiology.jpg,/Users/chriselwell/Desktop/Pulm/Pulm Pictures/Cystic fibrosis pathophysiology.jpg,P20 - Radiology of Obstructive Lung Disease | P38 - Mystery Illness Review Session - Interactive Workshop | Pulmonary - Comprehensive Study Guide,cystic fibrosis | CFTR | mucus,Diagram links defective CFTR to dehydrated airway mucus.
107,e5a60abd9c33c688d74f4b3c9584b89ee8654878d5750e146026ba4f3cc09780,Cystic Fibrosis Sweat Test.jpg,/Users/chriselwell/Desktop/Pulm/Pulm Pictures/Cystic Fibrosis Sweat Test.jpg,P38 - Mystery Illness Review Session - Interactive Workshop,CF | sweat chloride | CFTR,Shows why CF sweat chloride rises despite reduced airway chloride secretion.
108,c14a25a9a84e61144007f6c79452662d30db3828af7d38c5a5270d5af25a8310,Cystic Fibrosis.jpg,/Users/chriselwell/Desktop/Pulm/Pulm Pictures/Cystic Fibrosis.jpg,P38 - Mystery Illness Review Session - Interactive Workshop,multiorgan CF | clinical phenotype,"Multiorgan clinical summary connects lung, sinus, pancreas, GI, fertility, and sweat-gland disease."
109,39f4c0d5adf133d29cf21efe7551bde422f9aaf4e70ac4218015c91f1af27f8b,cystic-fibrosis-sweat-duct-pathophysiology.jpg,/Users/chriselwell/Desktop/Pulm/Pulm Pictures/cystic-fibrosis-sweat-duct-pathophysiology.jpg,P19 - Obstructive Diseases and Airway Diseases | P38 - Mystery Illness Review Session - Interactive Workshop,cystic fibrosis | CFTR | sweat chloride | airway mucus,"Contrasts CFTR effects in sweat ducts and respiratory mucosa, including dehydrated airway mucus."
110,2b75f78505fe3fdf55670c3f55d3a547ccb45aa4e1a2970576f1450a0e77af52,D Emphysema CT Low Attenuation Bullae.png,/Users/chriselwell/Desktop/Pulm/Pulm Pictures/D Emphysema CT Low Attenuation Bullae.png,P20 - Radiology of Obstructive Lung Disease,emphysema | bullae | CT,CT demonstrates low-attenuation emphysematous spaces and bullae.
111,64d99ec51daf38b0134844a6b9d8420ecefea64aa1ff6f4792f6c455044887eb,D Squamous Cell Lung Carcinoma Keratin Pearls Histology.png,/Users/chriselwell/Desktop/Pulm/Pulm Pictures/D Squamous Cell Lung Carcinoma Keratin Pearls Histology.png,"P26 - Diseases of the Respiratory Tract - Part 3 - Vascular, Cancer, Other Disease (Pathology) | P39 - Clinical Pathology & Imaging - Interactive Workshop | Pulmonary - Comprehensive Study Guide",Pathology | Diagnostics,Provides a verified lecture-aligned visual anchor for D Squamous Cell Lung Carcinoma Keratin Pearls Histology
112,9d0b1b5c963e9ad7d5b0cd0d23abe22b0342431d8225be32e2ddcd2311e5a1ce,Dead-Space-Hypercapnia-Response.png,/Users/chriselwell/Desktop/Pulm/Pulm Pictures/Dead-Space-Hypercapnia-Response.png,P35 - Acute Respiratory Failure | P8 - Control of Ventilation,dead space | hypercapnia | minute ventilation,Response diagram links increased dead-space fraction to compensatory minute ventilation and eventual hypercapnia.
113,e9d69328db82f7d37340fe899feb4e3ab5dd4966ed796b5639600c214c2095e2,Diagnosis-of-Cystic-Fibrosis.png,/Users/chriselwell/Desktop/Pulm/Pulm Pictures/Diagnosis-of-Cystic-Fibrosis.png,P38 - Mystery Illness Review Session - Interactive Workshop,CF diagnosis | screening,"Compact diagnostic algorithm integrates newborn screening, sweat chloride, and genetics."
114,b588097e3d3903bb92271bf74d86a359eb3affefcc8d509bb491c936edaad38e,diagnostic-approach-to-pulmonary-embolism.png,/Users/chriselwell/Desktop/Pulm/Pulm Pictures/diagnostic-approach-to-pulmonary-embolism.png,P13 - Pulmonary Problem Solving Exercise Part 1,pulmonary embolism | diagnostic algorithm | D-dimer,"Clear algorithm connecting hemodynamic stability and pretest probability to D-dimer, CTPA/VQ scanning, or emergent echocardiography."
115,d3a0b92fecb72b0605f20636aaa2624f80d62a348a0665708a1c0b3e4f7e8d5d,Diaphragm-Muscle-Anatomy.png,/Users/chriselwell/Desktop/Pulm/Pulm Pictures/Diaphragm-Muscle-Anatomy.png,P2 - Structure and Volumes,Diaphragm Muscle Anatomy,Visually verified course-aligned reference for Structure and Volumes: Diaphragm Muscle Anatomy.
116,59286e6da8f6f4f4a3805923ecc479653b32aade08398d1e4dfe4f971fc59eaa,Differential diagnoses of pulmonary function testing (PFTs).jpg,/Users/chriselwell/Desktop/Pulm/Pulm Pictures/Differential diagnoses of pulmonary function testing (PFTs).jpg,P13 - Pulmonary Problem Solving Exercise Part 1 | P14 - Introduction to Pulmonary Pathophysiology | P15 - Approach to the Patient with Respiratory Disease and Pulmonary Preventative Care,pulmonary function testing | obstructive disease | restrictive disease | DLCO,"Comprehensive PFT interpretation tree separating obstructive, restrictive, mixed, diffusion, and extrapulmonary patterns."
117,2f6b55b11a6dedc60be981a31d97846ffa868ae7bd5b1fb01532f062ca455d73,diffuse-alveolar-damage.jpg,/Users/chriselwell/Desktop/Pulm/Pulm Pictures/diffuse-alveolar-damage.jpg,P17 - Introduction to Respiratory Pathophysiology,diffuse alveolar damage | hyaline membranes | lung injury,Annotated histology shows hyaline membranes and alveolar injury in diffuse alveolar damage.
118,ab9d8b39816a8468b5cb6e6101d115590a157bbbd2fb5c88f442ddd8ecbf4169,Diffusion-Impairment-Aa-Gradient.png,/Users/chriselwell/Desktop/Pulm/Pulm Pictures/Diffusion-Impairment-Aa-Gradient.png,"P10 - Physiology Six-Case Workshop | P35 - Acute Respiratory Failure | P7 - Gas Exchange, Part 2 - Causes of Hypoxemia",Diffusion Impairment Aa Gradient,Visually verified course-aligned reference for Physiology Six-Case Workshop: Diffusion Impairment Aa Gradient.
119,b7ffd53db038620f75daa1f3817b4e936343f2a034034104c38ed5f6a1c22758,E_Asthma_Mucus_Plug_Histology.png,/Users/chriselwell/Desktop/Pulm/Pulm Pictures/E_Asthma_Mucus_Plug_Histology.png,P19 - Obstructive Diseases and Airway Diseases | P34 - Respiratory Medicine Clinical Case Studies - Obstructive Diseases (Pathophysiology),asthma | histology | mucus plug,Histology of an asthmatic small airway with luminal mucus plugging.
120,ab06707700a76beaaa916b2eb101f312f2c07d3d10551158ec43de4e6715ba35,ECG in Pulmonary Hypertension Secondary to an Atrial Septal Defect.jpg,/Users/chriselwell/Desktop/Pulm/Pulm Pictures/ECG in Pulmonary Hypertension Secondary to an Atrial Septal Defect.jpg,P32 - Pulmonary Hypertension - A Clinical Reasoning Approach,ECG | right-heart strain,ECG example of right-axis/right-heart strain in pulmonary hypertension.
121,aed5a954e0b46aa4a281a80537564137a8f4b8053d334a35347a5b1c366d09e1,Echocardiogram in Pulmonary Artery Hypertension (1:3).jpg,/Users/chriselwell/Desktop/Pulm/Pulm Pictures/Echocardiogram in Pulmonary Artery Hypertension (1:3).jpg,P32 - Pulmonary Hypertension - A Clinical Reasoning Approach,echocardiography | RV pressure overload | ventricular interdependence,Parasternal long-axis echo showing severe RV enlargement and LV compression.
122,7e1b7eb0877376a82c296256bd579cfb7a3f17cc043b087b66bf5b0b1a7d1bdd,Echocardiogram in Pulmonary Artery Hypertension (2:3).jpg,/Users/chriselwell/Desktop/Pulm/Pulm Pictures/Echocardiogram in Pulmonary Artery Hypertension (2:3).jpg,P32 - Pulmonary Hypertension - A Clinical Reasoning Approach,echocardiography | septal flattening | ventricular interdependence,Short-axis echo showing an enlarged RV and flattened/compressed LV configuration.
123,208b64414530a995dec801de4175316170a8cf8f231a1619492633a869b8c910,Echocardiogram in Pulmonary Artery Hypertension (3:3).jpg,/Users/chriselwell/Desktop/Pulm/Pulm Pictures/Echocardiogram in Pulmonary Artery Hypertension (3:3).jpg,P32 - Pulmonary Hypertension - A Clinical Reasoning Approach,echocardiography | RA enlargement | RV enlargement,Apical four-chamber echo showing marked right-sided chamber enlargement.
124,e6a6898e768954d359dd9b37b1aaa20d1c7cfe559ea76ed31ce0fdffc0d95f72,Effect of Positioning on V:Q Mismatch in Unilateral Pneumonia.jpg,/Users/chriselwell/Desktop/Pulm/Pulm Pictures/Effect of Positioning on V:Q Mismatch in Unilateral Pneumonia.jpg,P31 - Review of Pneumonia - Pathology and Pharmacology,unilateral pneumonia | positioning | V/Q mismatch,Positioning diagram explains why placing the healthy lung down can improve V/Q matching in unilateral pneumonia.
125,114deb6db3c946aa4e3c5fc6c63bb0d02ce7726ff657eb896168d24ee312d0c9,Effect of Positioning on V:Q Mismatch- ARDS.jpg,/Users/chriselwell/Desktop/Pulm/Pulm Pictures/Effect of Positioning on V:Q Mismatch- ARDS.jpg,P35 - Acute Respiratory Failure,ARDS | prone positioning | V/Q matching,Prone-positioning diagram shows recruitment and redistribution of ventilation toward better-perfused dependent lung.
126,1a5a551f6fb858d6d596798c3f8005fe3381d1a4a055bad6379701a9edd2c8b5,Eisenmenger-Syndrome.png,/Users/chriselwell/Desktop/Pulm/Pulm Pictures/Eisenmenger-Syndrome.png,P32 - Pulmonary Hypertension - A Clinical Reasoning Approach,Eisenmenger syndrome | congenital heart disease | right-to-left shunt,Diagram of rising PVR and reversal of a congenital left-to-right shunt in Eisenmenger physiology.
127,94d29144cdf01ddff9a20d0989ebf516560290229d89f3e9556f2f20ccd99c37,Emphysema Type.png,/Users/chriselwell/Desktop/Pulm/Pulm Pictures/Emphysema Type.png,P34 - Respiratory Medicine Clinical Case Studies - Obstructive Diseases (Pathophysiology),emphysema | acinar subtypes | pathology,"Diagram distinguishes centriacinar, panacinar, and distal acinar/paraseptal emphysema."
128,7ba6300b6eb7b99615ca4d79d56a69ac3e9b0cdfb6adec58bae445b33bdfa53c,emphysema-vs-normal-chest-ct.png,/Users/chriselwell/Desktop/Pulm/Pulm Pictures/emphysema-vs-normal-chest-ct.png,P19 - Obstructive Diseases and Airway Diseases | P20 - Radiology of Obstructive Lung Disease | Pulmonary - Comprehensive Study Guide,emphysema | CT | airspace enlargement,CT comparison highlights low-attenuation enlarged airspaces in emphysema.
129,c917b553ebd0edf5953be53c22f7797e6e0cb6760f8226c2f162ae42c5935205,Empyema.png,/Users/chriselwell/Desktop/Pulm/Pulm Pictures/Empyema.png,P27 - Radiology of Pulmonary Infections and Lung Cancer | P31 - Review of Pneumonia - Pathology and Pharmacology | P39 - Clinical Pathology & Imaging - Interactive Workshop,Diagnostics | Pathology,Provides a verified lecture-aligned visual anchor for Empyema
130,dd849e2d43f0530fa32b8eb526f4612e5e0caca818ea1660751387af436c11ec,Enlarged Lymph Nodes in Lung Cancer.jpg,/Users/chriselwell/Desktop/Pulm/Pulm Pictures/Enlarged Lymph Nodes in Lung Cancer.jpg,P27 - Radiology of Pulmonary Infections and Lung Cancer,Diagnostics | Pathology,Provides a verified lecture-aligned visual anchor for Enlarged Lymph Nodes in Lung Cancer
131,0acee42d7192b836f4e6bfdd62cd119ef71a50003c2870ae988d4740ec8caaf2,Epiglottitis-Normal-vs-Enlarged-Epiglottis.png,/Users/chriselwell/Desktop/Pulm/Pulm Pictures/Epiglottitis-Normal-vs-Enlarged-Epiglottis.png,P33 - Otolaryngology - Upper Airway Pathology | Pulmonary - Comprehensive Study Guide,epiglottitis | thumbprint sign | radiography,Side-by-side lateral neck radiographs showing the epiglottitis thumbprint sign.
132,02a17e780447220f1a0b2f1c9c7a0e2c853bb8bd58d7c84a4cde3adba083dca6,example-ecg-seen-in-pulmonary-embolism.jpg,/Users/chriselwell/Desktop/Pulm/Pulm Pictures/example-ecg-seen-in-pulmonary-embolism.jpg,P13 - Pulmonary Problem Solving Exercise Part 1,pulmonary embolism | ECG | right-heart strain,Annotated ECG showing S1Q3T3 and right-heart-strain changes that may accompany pulmonary embolism.
133,82a397e2dca138ffe45ce4c6286791db18d33561cc890a0c46732d6a5228ba60,Exercise-Altitude-Panic-Attack-Vq-Table.png,/Users/chriselwell/Desktop/Pulm/Pulm Pictures/Exercise-Altitude-Panic-Attack-Vq-Table.png,"P10 - Physiology Six-Case Workshop | P7 - Gas Exchange, Part 2 - Causes of Hypoxemia | P8 - Control of Ventilation",Exercise Altitude Panic Attack Vq Table,Visually verified course-aligned reference for Physiology Six-Case Workshop: Exercise Altitude Panic Attack Vq Table.
134,70d9c22a563e798250c1718d0baf79c753849c0f7e5b5718d3a7aa2dc9a89a74,exudative-vs-transudative-pleural-effusions.png,/Users/chriselwell/Desktop/Pulm/Pulm Pictures/exudative-vs-transudative-pleural-effusions.png,P15 - Approach to the Patient with Respiratory Disease and Pulmonary Preventative Care | P31 - Review of Pneumonia - Pathology and Pharmacology,pleural effusion | Light criteria | transudate | exudate,"Directly compares Light criteria, mechanisms, and common causes of exudative and transudative effusions."
135,887cb6bd3ccd02534977e37e3df7b97adaa4ecdb4cef8bc9b4149d5988bfabbe,F_Asthma_Curschmann_Spirals.png,/Users/chriselwell/Desktop/Pulm/Pulm Pictures/F_Asthma_Curschmann_Spirals.png,P19 - Obstructive Diseases and Airway Diseases,asthma | Curschmann spirals | sputum,Demonstrates Curschmann spirals from small-airway mucus casts in sputum.
136,bf0ea3fa0a7a22888c7d0dfe3e64406574bc7123591cbd86ad1b9ac8c1957f2e,Facial features in chronic bronchitis.jpg,/Users/chriselwell/Desktop/Pulm/Pulm Pictures/Facial features in chronic bronchitis.jpg,P12 - Approach to Pulmonary Abnormalities,general appearance | cyanosis | chronic bronchitis,Clinical photograph illustrating the cyanotic/plethoric chronic-bronchitis appearance discussed in the lecture.
137,5d79f8118a461f18fa363d3d5bceab8dda05346fa298e3135d38bc39a859316d,Fick-Law-of-Diffusion.png,/Users/chriselwell/Desktop/Pulm/Pulm Pictures/Fick-Law-of-Diffusion.png,"P6 - Gas Exchange, Part 1 - Pressures, Diffusion and Transport",Fick Law of Diffusion,"Visually verified course-aligned reference for Gas Exchange, Part 1 - Pressures, Diffusion and Transport: Fick Law of Diffusion."
138,581c329856ef6e4044fe8d2da63376f82fef1b4c6d26211439367a762ac7e6ff,Final Section of the Bronchial Tree.jpg,/Users/chriselwell/Desktop/Pulm/Pulm Pictures/Final Section of the Bronchial Tree.jpg,P2 - Structure and Volumes,Final Section of the Bronchial Tree,Visually verified course-aligned reference for Structure and Volumes: Final Section of the Bronchial Tree.
139,40f1bfacecf747f5ae21e9b2b677a998fec24f0361a5e594377cdc6a4109eb62,Finger Clubbing and Hippocratic Nails in Cystic Fibrosis.jpg,/Users/chriselwell/Desktop/Pulm/Pulm Pictures/Finger Clubbing and Hippocratic Nails in Cystic Fibrosis.jpg,P38 - Mystery Illness Review Session - Interactive Workshop | Pulmonary - Comprehensive Study Guide,clubbing | cystic fibrosis,Clinical image reinforces the P38 clubbing examination finding.
140,e3cf8908bdea0ab4ceee7fc204361c26dbad5ebe277e1f954279dc8e6e748979,"Fleischner sign, Westermark sign, and knuckle sign in pulmonary embolism.jpg","/Users/chriselwell/Desktop/Pulm/Pulm Pictures/Fleischner sign, Westermark sign, and knuckle sign in pulmonary embolism.jpg",P25 - Radiology of Restrictive Lung Disease and Extras,pulmonary embolism | radiography,Shows classic pulmonary embolism radiographic signs.
141,dcf8885276e0079b487a159dcbaabb86be663adc7595f4ffd0899d528469c069,Flow-Volume Loop in Obstructive and Restrictive Lung Diseases.jpg,/Users/chriselwell/Desktop/Pulm/Pulm Pictures/Flow-Volume Loop in Obstructive and Restrictive Lung Diseases.jpg,"P5 - Spirometry, Obstructive and Restrictive Pulmonary Diseases",Flow Volume Loop in Obstructive and Restrictive Lung Diseases,"Visually verified course-aligned reference for Spirometry, Obstructive and Restrictive Pulmonary Diseases: Flow Volume Loop in Obstructive and Restrictive Lung Diseases."
142,e588e4ed049d7e9fabe9740283bac60767d1fabf697c1d625dc025e8cc927ecc,Flow-Volume-Loop-for-Fixed-Immobile-Upper-Airway-Obstruction.jpg,/Users/chriselwell/Desktop/Pulm/Pulm Pictures/Flow-Volume-Loop-for-Fixed-Immobile-Upper-Airway-Obstruction.jpg,"P37 - Advanced Spirometry Review - Interactive Workshop | P5 - Spirometry, Obstructive and Restrictive Pulmonary Diseases | Pulmonary - Comprehensive Study Guide",fixed obstruction | flow-volume loop | tracheal stenosis,Shows flattening of both limbs in fixed upper-airway obstruction with representative lesion types.
143,27154896066bf2b0f92e12fa8f1b501a5c37be6821d8c9debce10279cabb97f4,Flow-Volume-Loop-for-Mobile-Variable-Intrathoracic-Obstruction.jpg,/Users/chriselwell/Desktop/Pulm/Pulm Pictures/Flow-Volume-Loop-for-Mobile-Variable-Intrathoracic-Obstruction.jpg,"P37 - Advanced Spirometry Review - Interactive Workshop | P5 - Spirometry, Obstructive and Restrictive Pulmonary Diseases",variable intrathoracic obstruction | expiratory flattening | tracheomalacia,Shows expiratory-limb limitation in variable intrathoracic obstruction and links it to tracheobronchomalacia.
144,01db6624be6aaa2ddfee8f1a7149ab1f1adb3ec63dc87e019eeef35c4caee195,Flow-Volume-Loop-for-Parenchymal-Restrictive-Lung-Disease.jpg,/Users/chriselwell/Desktop/Pulm/Pulm Pictures/Flow-Volume-Loop-for-Parenchymal-Restrictive-Lung-Disease.jpg,"P5 - Spirometry, Obstructive and Restrictive Pulmonary Diseases",Flow Volume Loop for Parenchymal Restrictive Lung Disease,"Visually verified course-aligned reference for Spirometry, Obstructive and Restrictive Pulmonary Diseases: Flow Volume Loop for Parenchymal Restrictive Lung Disease."
145,f6f8f8447b68ce0238c997696c817c42e00909f31d1ab5607b14e31744dc2cc7,flow-volume-loop-for-small-airway-obstructive-lung-disease.jpg,/Users/chriselwell/Desktop/Pulm/Pulm Pictures/flow-volume-loop-for-small-airway-obstructive-lung-disease.jpg,"P19 - Obstructive Diseases and Airway Diseases | P5 - Spirometry, Obstructive and Restrictive Pulmonary Diseases",spirometry | flow-volume loop | air trapping,"Shows the scooped expiratory limb, air trapping, increased residual volume, and reduced vital capacity emphasized in the lecture."
146,4d70c125a1f75b942e5aea969490033f19d065c8e92d0f7065683ef3ce41a71b,Flow-Volume-Loop-for-Variable-Mobile-Extrathoracic-Obstruction.jpg,/Users/chriselwell/Desktop/Pulm/Pulm Pictures/Flow-Volume-Loop-for-Variable-Mobile-Extrathoracic-Obstruction.jpg,"P37 - Advanced Spirometry Review - Interactive Workshop | P5 - Spirometry, Obstructive and Restrictive Pulmonary Diseases",variable extrathoracic obstruction | inspiratory flattening | VCD/ILO,Shows inspiratory-limb flattening and pressure mechanics of variable extrathoracic obstruction.
147,9fd9e34f4aa794c8376988062092db4751b523964459ccd3ee68fc4f3b060833,Flow-Volume-Loops-Normal-Obstructive-Restrictive-Table.png,/Users/chriselwell/Desktop/Pulm/Pulm Pictures/Flow-Volume-Loops-Normal-Obstructive-Restrictive-Table.png,"P11 - Physiology Practice Question Review | P37 - Advanced Spirometry Review - Interactive Workshop | P5 - Spirometry, Obstructive and Restrictive Pulmonary Diseases | P9 - Pulmonary Physiology Review | Pulmonary - Comprehensive Study Guide",Flow Volume Loops Normal Obstructive Restrictive Table,Visually verified course-aligned reference for Physiology Practice Question Review: Flow Volume Loops Normal Obstructive Restrictive Table.
148,69d98757674d19753ed228f4b8be2ccf0e53ebae1ad2977b7fb8be86562f97ef,Flu sketchy.png,/Users/chriselwell/Desktop/Pulm/Pulm Pictures/Flu sketchy.png,P29 - Microbiology of Pneumonia - Viral Infections of the Respiratory Tract,influenza | antigenic drift and shift | antivirals | complications,"Dense but readable Sketchy-style influenza retrieval map covering genome, replication, drift/shift, neuraminidase, complications, and antivirals."
149,032a879b33d157fdb94a42a46924f64e89f817c7b3efc9c473672fd4399b061b,G_Asthma_Charcot_Leyden_Crystal.png,/Users/chriselwell/Desktop/Pulm/Pulm Pictures/G_Asthma_Charcot_Leyden_Crystal.png,P19 - Obstructive Diseases and Airway Diseases,asthma | Charcot-Leyden crystals | eosinophils,Demonstrates a Charcot-Leyden crystal associated with eosinophil-rich asthma.
150,018cfad3e8801af3a8983ba10c0c7c8671c61e81a2e594f339589bd4bafe69f0,Gas-Exchange-Pressures-Diagram.png,/Users/chriselwell/Desktop/Pulm/Pulm Pictures/Gas-Exchange-Pressures-Diagram.png,"P6 - Gas Exchange, Part 1 - Pressures, Diffusion and Transport | P9 - Pulmonary Physiology Review | Pulmonary - Comprehensive Study Guide",Gas Exchange Pressures Diagram,"Visually verified course-aligned reference for Gas Exchange, Part 1 - Pressures, Diffusion and Transport: Gas Exchange Pressures Diagram."
151,9e744681656aa992c2f6c1140c405a5cc0d4e1d425f8815bdd1019806d2b6c8c,H Bronchiectasis CF Inspissated Mucus Plug.png,/Users/chriselwell/Desktop/Pulm/Pulm Pictures/H Bronchiectasis CF Inspissated Mucus Plug.png,P20 - Radiology of Obstructive Lung Disease | P38 - Mystery Illness Review Session - Interactive Workshop,cystic fibrosis | mucus plugging | bronchiectasis,Gross inspissated mucus cast makes secretion retention visually concrete.
152,7c7f6082e2c4cb01324d7afb08b9f5897592ad39d7dc76fd16df9e43c008a2ab,Haemophilus Influenzae Overview.png,/Users/chriselwell/Desktop/Pulm/Pulm Pictures/Haemophilus Influenzae Overview.png,P28 - Microbiology of Pneumonia - Bacterial Infections,Microbiology | Diagnostics,Provides a verified lecture-aligned visual anchor for Haemophilus Influenzae Overview
153,40779a8cd9b19383c595d021a83cc8a054ec1d75a2801f91824dc93ed1f83494,Haldane-Bohr-Chloride-Shift-Rbc-Cycle.png,/Users/chriselwell/Desktop/Pulm/Pulm Pictures/Haldane-Bohr-Chloride-Shift-Rbc-Cycle.png,"P6 - Gas Exchange, Part 1 - Pressures, Diffusion and Transport",Haldane Bohr Chloride Shift Rbc Cycle,"Visually verified course-aligned reference for Gas Exchange, Part 1 - Pressures, Diffusion and Transport: Haldane Bohr Chloride Shift Rbc Cycle."
154,4e8b04c971d360b2e1b205101cf0f8baf739d3a8d3a200ecb8825f7bc21ed3cf,Hampton Hump in Pulmonary Infarction.jpg,/Users/chriselwell/Desktop/Pulm/Pulm Pictures/Hampton Hump in Pulmonary Infarction.jpg,"P26 - Diseases of the Respiratory Tract - Part 3 - Vascular, Cancer, Other Disease (Pathology)",Pathology | Diagnostics,Provides a verified lecture-aligned visual anchor for Hampton Hump in Pulmonary Infarction
155,f935031279adb95548a71958d1cc00de5e9902edcab85f65c6c6f56cccb016e0,Hampton-Hump-from-Pulmonary-Embolism.png,/Users/chriselwell/Desktop/Pulm/Pulm Pictures/Hampton-Hump-from-Pulmonary-Embolism.png,P39 - Clinical Pathology & Imaging - Interactive Workshop,Hampton hump | pulmonary infarct,Normal-versus-abnormal comparison localizes the pleural-based wedge of pulmonary infarction.
156,9962153a36363bc88ddf98406ca72c6aa306823c527ad28a8d807ef63470f759,Hemoglobin Curves.png,/Users/chriselwell/Desktop/Pulm/Pulm Pictures/Hemoglobin Curves.png,"P11 - Physiology Practice Question Review | P6 - Gas Exchange, Part 1 - Pressures, Diffusion and Transport",Hemoglobin Curves,Visually verified course-aligned reference for Physiology Practice Question Review: Hemoglobin Curves.
157,e0edf5097b9e4a7e7d2e3ebfcaf5d62fee33db915ae0783a8524ce000d9550f4,Hemoglobin DC.png,/Users/chriselwell/Desktop/Pulm/Pulm Pictures/Hemoglobin DC.png,"P6 - Gas Exchange, Part 1 - Pressures, Diffusion and Transport",Hemoglobin DC,"Visually verified course-aligned reference for Gas Exchange, Part 1 - Pressures, Diffusion and Transport: Hemoglobin DC."
158,e7674c1425d24bedd8a6efa6c25219d490bf29b93774a266d82dffcbae245328,Histology-of-Bronchial-Mucosa.png,/Users/chriselwell/Desktop/Pulm/Pulm Pictures/Histology-of-Bronchial-Mucosa.png,P1 - Histology of the Respiratory System Review,Histology of Bronchial Mucosa,Visually verified course-aligned reference for Histology of the Respiratory System Review: Histology of Bronchial Mucosa.
159,97707de0109a16e51cd5f55fc4aaee2084bab948cef923c4ac243351f20f64ec,Histoplasmosis Histology.png,/Users/chriselwell/Desktop/Pulm/Pulm Pictures/Histoplasmosis Histology.png,P26.2 - Lung Infections - Pathology Review and Study Supplement | P30 - Microbiology of Pneumonia - Fungal Infections | Pulmonary - Comprehensive Study Guide,Histoplasma | endemic fungi | histology,Provides the characteristic intracellular yeast morphology for Histoplasma.
160,a3ec4974577e7f3356a0ec8665185166af25ec6a203ea3f53203183f1bb79e89,honeycombing.jpg,/Users/chriselwell/Desktop/Pulm/Pulm Pictures/honeycombing.jpg,P24 - Diseases of the Respiratory Tract - Part 2 - Restrictive Disease (Pathology),UIP | honeycombing | CT,Shows basal honeycombing on CT.
161,b3fdfdbcac95b6b48165fd5e7a68df0da0bf2903c377748808940cde0aa87863,Hyperinflation in COPD.jpg,/Users/chriselwell/Desktop/Pulm/Pulm Pictures/Hyperinflation in COPD.jpg,P18 - Basic Interpretation of Chest X-Ray | P20 - Radiology of Obstructive Lung Disease | P27.2 - Chest X-Ray Final Review | P37 - Advanced Spirometry Review - Interactive Workshop,COPD | hyperinflation | chest radiograph,Shows flattened diaphragms increased rib count hyperlucency and a stretched narrow heart.
162,3b2592a0887d48a37e225b946ec21984a9cf75f9c6801801714cf4c28c18734a,hyperinflation-in-obstructive-lung-disease.jpg,/Users/chriselwell/Desktop/Pulm/Pulm Pictures/hyperinflation-in-obstructive-lung-disease.jpg,P12 - Approach to Pulmonary Abnormalities | P18 - Basic Interpretation of Chest X-Ray | P20 - Radiology of Obstructive Lung Disease,inspection | hyperinflation | COPD | diaphragm,"Connects obstructive air trapping to hyperinflation, flattened diaphragm, and increased work of breathing."
163,ce07db9ef09969f756068ade6cc6a7116e1c5a08156f6b53e7a8290b875ba366,Hypersensitivity pneumonitis HE 2.jpg,/Users/chriselwell/Desktop/Pulm/Pulm Pictures/Hypersensitivity pneumonitis HE 2.jpg,P24 - Diseases of the Respiratory Tract - Part 2 - Restrictive Disease (Pathology),hypersensitivity pneumonitis | histology,Shows poorly formed granulomatous inflammation in HP.
164,359b02ed29b04d7466fc172d69e9d24725d336857ecf740ae33d4b0a9b304882,Hyperventilation-Effect-on-Vq-Mismatch.png,/Users/chriselwell/Desktop/Pulm/Pulm Pictures/Hyperventilation-Effect-on-Vq-Mismatch.png,"P7 - Gas Exchange, Part 2 - Causes of Hypoxemia",Hyperventilation Effect on Vq Mismatch,"Visually verified course-aligned reference for Gas Exchange, Part 2 - Causes of Hypoxemia: Hyperventilation Effect on Vq Mismatch."
165,993f34fcb0e013a1720b58a802f77bb7f0910fcc457007969cd3ed7c9e10ed2c,Hypoxemia-Anemia-Co-Comparison-Table.png,/Users/chriselwell/Desktop/Pulm/Pulm Pictures/Hypoxemia-Anemia-Co-Comparison-Table.png,"P10 - Physiology Six-Case Workshop | P13 - Pulmonary Problem Solving Exercise Part 1 | P6 - Gas Exchange, Part 1 - Pressures, Diffusion and Transport",Hypoxemia Anemia Co Comparison Table,Visually verified course-aligned reference for Physiology Six-Case Workshop: Hypoxemia Anemia Co Comparison Table.
166,e969b9a5e5ce72e052fdb4853b0f4431f939d75105d2cdf037bfb3c980c4d0b5,hypoxia-causes-overview-diagram.png,/Users/chriselwell/Desktop/Pulm/Pulm Pictures/hypoxia-causes-overview-diagram.png,P17 - Introduction to Respiratory Pathophysiology,tissue hypoxia | hypoxemia | A-a gradient,Integrates major hypoxemia and tissue-hypoxia mechanisms with the expected A-a gradient response.
167,bf768679ee2094537d50a44189cf0c7766eeee05a9b4414a5e07161f56c8b809,hypoxic-vasoconstriction-effect.png,/Users/chriselwell/Desktop/Pulm/Pulm Pictures/hypoxic-vasoconstriction-effect.png,P17 - Introduction to Respiratory Pathophysiology | P3 - Airway and Vascular Flow,hypoxic pulmonary vasoconstriction | V/Q matching | pulmonary perfusion,Contrasts pulmonary perfusion with and without hypoxic vasoconstriction to show V/Q preservation.
168,ab699b8c6fb5f31e277f2d27adf528ae784172f93b3c31e82afe9bcf81b7aa15,Idiopathic Pulmonary Fibrosis 1:2 Pain.jpg,/Users/chriselwell/Desktop/Pulm/Pulm Pictures/Idiopathic Pulmonary Fibrosis 1:2 Pain.jpg,P14 - Introduction to Pulmonary Pathophysiology | P15 - Approach to the Patient with Respiratory Disease and Pulmonary Preventative Care,idiopathic pulmonary fibrosis | interstitial lung disease | chest radiograph,Chest radiograph illustrates the basal reticular pattern of idiopathic pulmonary fibrosis.
169,26f3775f3dbf492312c624a870d1c165716d665efcc61563fc6ecf84463bbea4,Influenza Virus Overview.png,/Users/chriselwell/Desktop/Pulm/Pulm Pictures/Influenza Virus Overview.png,P29 - Microbiology of Pneumonia - Viral Infections of the Respiratory Tract,Microbiology | Clinical,Provides a verified lecture-aligned visual anchor for Influenza Virus Overview
170,5062ad18c48573e77979f7d042e71c91b95afc1af29ced77de75b525cce05ac2,Influenza-Virus-Life-Cycle.jpg,/Users/chriselwell/Desktop/Pulm/Pulm Pictures/Influenza-Virus-Life-Cycle.jpg,P29 - Microbiology of Pneumonia - Viral Infections of the Respiratory Tract,Microbiology | Clinical,Provides a verified lecture-aligned visual anchor for Influenza Virus Life Cycle
171,ae159adb04838168ce5321d3be1d38799b74d946a4eddfa847558404929bdb7f,Interstitial-Atypical-Pneumonia.png,/Users/chriselwell/Desktop/Pulm/Pulm Pictures/Interstitial-Atypical-Pneumonia.png,P31 - Review of Pneumonia - Pathology and Pharmacology,atypical pneumonia | interstitial pattern | chest radiograph,Contrasts a diffuse interstitial atypical-pneumonia pattern with the focal air-space pattern of typical lobar disease.
172,c1ec431105691d44488d01ed12b23af247279c95211bf904c0b8e79af93349d4,interstitial-lung-disease-ct-and-cxr.png,/Users/chriselwell/Desktop/Pulm/Pulm Pictures/interstitial-lung-disease-ct-and-cxr.png,P17 - Introduction to Respiratory Pathophysiology | P25 - Radiology of Restrictive Lung Disease and Extras,interstitial pattern | interstitial lung disease | CT | chest radiograph,Pairs CT and radiographic examples of a bilateral reticular interstitial pattern.
173,baf855ca05379d7b3dcd4dd3c4d3b022e05ffa338295d550b7d0957cb8d012f3,Intrapulmonary and intrapleural pressure during respiration.jpg,/Users/chriselwell/Desktop/Pulm/Pulm Pictures/Intrapulmonary and intrapleural pressure during respiration.jpg,"P17 - Introduction to Respiratory Pathophysiology | P4 - Mechanics, Compliance and Ventilation",intrapleural pressure | ventilation mechanics | respiratory cycle,"Plots lung volume, intrapulmonary pressure, and intrapleural pressure throughout inspiration and expiration."
174,0cdaca6ac22c63be4fd80456bd565d9f4bb9347e7297dd49e6f85678fc4c109c,Invasive Aspergillosis.png,/Users/chriselwell/Desktop/Pulm/Pulm Pictures/Invasive Aspergillosis.png,"P26 - Diseases of the Respiratory Tract - Part 3 - Vascular, Cancer, Other Disease (Pathology) | P26.2 - Lung Infections - Pathology Review and Study Supplement | Pulmonary - Comprehensive Study Guide",Pathology | Diagnostics,"P26.2 (p.23-24) teaches invasive, angioinvasive Aspergillus causing targetoid infarction; this labeled histology shows the fungal acute-angle branching hyphae that define invasive aspergillosis, complementing the lecture's gross infarct image"
175,3f722b4176b0578946271b90120b3bd2f038c187befb482ebe584f2654caccc3,Klebsiella Pneumoniae Mucoid Colonies.png,/Users/chriselwell/Desktop/Pulm/Pulm Pictures/Klebsiella Pneumoniae Mucoid Colonies.png,P28 - Microbiology of Pneumonia - Bacterial Infections,Microbiology | Diagnostics,Provides a verified lecture-aligned visual anchor for Klebsiella Pneumoniae Mucoid Colonies
176,bea6f8e4b2328e0db8bbf2fb62e1da698236945c85f528abf15df61efbe8ef6a,Laplace-Law-Collapsing-Pressure-Formula.png,/Users/chriselwell/Desktop/Pulm/Pulm Pictures/Laplace-Law-Collapsing-Pressure-Formula.png,P3 - Airway and Vascular Flow,Laplace Law Collapsing Pressure Formula,Visually verified course-aligned reference for Airway and Vascular Flow: Laplace Law Collapsing Pressure Formula.
177,75d1f34e34f4b13c9cd05dec01e659376474971cd999cd45d98538313a39e917,Large cell carcinoma of the lung.jpg,/Users/chriselwell/Desktop/Pulm/Pulm Pictures/Large cell carcinoma of the lung.jpg,P14 - Introduction to Pulmonary Pathophysiology,large-cell carcinoma | histology | lung cancer,Histologic panels illustrate the poorly differentiated large-cell carcinoma pattern.
178,2016e3e785e2e9e9e6f43ec3a6661562069488dabaec39f968e29d8f9fb90c33,large-pleural-effusion-with-contralateral-mediastinal-shift.png,/Users/chriselwell/Desktop/Pulm/Pulm Pictures/large-pleural-effusion-with-contralateral-mediastinal-shift.png,P18 - Basic Interpretation of Chest X-Ray,pleural effusion | mediastinal shift | volume gain,Shows a massive effusion pushing the trachea and mediastinum away.
179,f12c9cf01994de49c9145dc25fbc115d378eca29496b0881cb33bfa48131a75a,large-unilateral-consolidation-no-mediastinal-shift.png,/Users/chriselwell/Desktop/Pulm/Pulm Pictures/large-unilateral-consolidation-no-mediastinal-shift.png,P18 - Basic Interpretation of Chest X-Ray,consolidation | mediastinal shift | opacity,Contrasts consolidation with collapse and effusion by showing no major mediastinal shift.
180,7ca5e94d5f5b83747e8efc977855c3baba5293672274f4d081afa2e3f7f9aa3d,large-volume-atelectasis-with-ipsilateral-mediastinal-shift-frontal.png,/Users/chriselwell/Desktop/Pulm/Pulm Pictures/large-volume-atelectasis-with-ipsilateral-mediastinal-shift-frontal.png,P18 - Basic Interpretation of Chest X-Ray | Pulmonary - Comprehensive Study Guide,atelectasis | mediastinal shift | volume loss,Shows complete hemithorax opacity with mediastinal shift toward volume loss.
181,1c3b1b4d584b3b925f088ee026b15ae463b92c0cfdeb1099c13b04cb893dd039,Laryngomalacia.jpg,/Users/chriselwell/Desktop/Pulm/Pulm Pictures/Laryngomalacia.jpg,P33 - Otolaryngology - Upper Airway Pathology,laryngomalacia | inspiratory stridor | dynamic collapse,Mechanism diagram of inspiratory supraglottic collapse in laryngomalacia.
182,f2e652d96a70b6e428a957784773244b9fa6b920a95509b705efa064cdc48665,left-hilar-lung-mass-chest-xray.jpg,/Users/chriselwell/Desktop/Pulm/Pulm Pictures/left-hilar-lung-mass-chest-xray.jpg,P18 - Basic Interpretation of Chest X-Ray | P27 - Radiology of Pulmonary Infections and Lung Cancer | P27.2 - Chest X-Ray Final Review,central lung tumor | hilar mass,Demonstrates a central hilar lung mass that may obstruct a proximal bronchus.
183,1b7dfe0bf09310d15e9c36453f221713a25560fc8476f2685e488c0afe495e6f,left-upper-lobe-pneumonia-frontal.jpg,/Users/chriselwell/Desktop/Pulm/Pulm Pictures/left-upper-lobe-pneumonia-frontal.jpg,P13 - Pulmonary Problem Solving Exercise Part 1 | P31 - Review of Pneumonia - Pathology and Pharmacology,pneumonia | acute dyspnea | chest radiograph,Frontal chest radiograph demonstrating focal lobar pneumonia as an infectious cause of acute dyspnea.
184,19db64b98f3f641c5f3af21bc082ac376dc4b97f1a52f96861f6e277e24bb394,Left-Upper-Lobe-Pneumonia-Lateral.jpg,/Users/chriselwell/Desktop/Pulm/Pulm Pictures/Left-Upper-Lobe-Pneumonia-Lateral.jpg,P27 - Radiology of Pulmonary Infections and Lung Cancer | P31 - Review of Pneumonia - Pathology and Pharmacology,Diagnostics | Pathology,Provides a verified lecture-aligned visual anchor for Left Upper Lobe Pneumonia Lateral
185,b2a6fa3c3d748ca7c4ae22ab5fea5b3b6a43cdd46a6e34c0dbad25764eb2ff6c,Legionella Pneumonia.jpg,/Users/chriselwell/Desktop/Pulm/Pulm Pictures/Legionella Pneumonia.jpg,P28 - Microbiology of Pneumonia - Bacterial Infections,Microbiology | Diagnostics,Provides a verified lecture-aligned visual anchor for Legionella Pneumonia
186,caab2b19821302ce3e971a800d9ce104600535af66f98f80d6623b2141faba0a,Legionella Pneumophila Overview.png,/Users/chriselwell/Desktop/Pulm/Pulm Pictures/Legionella Pneumophila Overview.png,P28 - Microbiology of Pneumonia - Bacterial Infections,Microbiology | Diagnostics,Provides a verified lecture-aligned visual anchor for Legionella Pneumophila Overview
187,f676825b3ae40c94d6a5fee1a4302fced18ba6f80b1c088ae810911cb1e85760,Lobar Consolidation.jpg,/Users/chriselwell/Desktop/Pulm/Pulm Pictures/Lobar Consolidation.jpg,P27 - Radiology of Pulmonary Infections and Lung Cancer,Diagnostics | Pathology,Provides a verified lecture-aligned visual anchor for Lobar Consolidation
188,be5010db1c6a6faee841d50ff9e7f9b0b49ccfb143d0170e29fd1a2605c8fd4c,Lobar-Pneumonia-Pathology.png,/Users/chriselwell/Desktop/Pulm/Pulm Pictures/Lobar-Pneumonia-Pathology.png,P31 - Review of Pneumonia - Pathology and Pharmacology,lobar pneumonia | pathology,Connects lobar pneumonia imaging with alveolar inflammatory filling.
189,3e06a86314e561f6164ed7276943e8204f444d1df3735f824e6ae54321bb97da,Lobar-Pneumonia-with-Parapneumonic-Effusion.jpg,/Users/chriselwell/Desktop/Pulm/Pulm Pictures/Lobar-Pneumonia-with-Parapneumonic-Effusion.jpg,P26.2 - Lung Infections - Pathology Review and Study Supplement | P27 - Radiology of Pulmonary Infections and Lung Cancer | P31 - Review of Pneumonia - Pathology and Pharmacology,lobar pneumonia | parapneumonic effusion | radiology,Links lobar airspace consolidation with a parapneumonic pleural effusion.
190,f73214a3d70fcbf3efa1d3b2ba7e6791624b9a0799c33dd34ff622339e8a20a7,Low-Tidal-Volume-Dead-Space-Ventilation.png,/Users/chriselwell/Desktop/Pulm/Pulm Pictures/Low-Tidal-Volume-Dead-Space-Ventilation.png,"P35 - Acute Respiratory Failure | P4 - Mechanics, Compliance and Ventilation",tidal volume | dead space | alveolar ventilation,Tidal-volume schematic makes clear why shallow breathing can leave little effective alveolar ventilation after dead space.
191,bf30ba9d620c5ecac82fe7e7b33e88d245a8c326850a1ffc58e84858d2a9a679,Lung Development.png,/Users/chriselwell/Desktop/Pulm/Pulm Pictures/Lung Development.png,P36 - Pulmonary Developmental Anomalies,lung development | embryology | developmental stages,"High-resolution timeline aligns embryonic, pseudoglandular, canalicular, saccular, and alveolar stages with their developing structures."
192,d8248b92d3aa070dcf807912360e45f47b841e929d8ee4933e288a110206cef3,Lung Volumes and Capacities.png,/Users/chriselwell/Desktop/Pulm/Pulm Pictures/Lung Volumes and Capacities.png,P11 - Physiology Practice Question Review | P2 - Structure and Volumes | P37 - Advanced Spirometry Review - Interactive Workshop | P9 - Pulmonary Physiology Review | Pulmonary - Comprehensive Study Guide,Lung Volumes and Capacities,Visually verified course-aligned reference for Physiology Practice Question Review: Lung Volumes and Capacities.
193,93be6a28b55a21ddd2a6b5c987a14a357dbbee0ee5d979d17229a3b8ca0e054b,Lung-Abscess.png,/Users/chriselwell/Desktop/Pulm/Pulm Pictures/Lung-Abscess.png,P31 - Review of Pneumonia - Pathology and Pharmacology | P39 - Clinical Pathology & Imaging - Interactive Workshop,lung abscess | aspiration | cavitary lesion,"Composite overview links aspiration risk, cavitary imaging, air-fluid level, and prolonged antimicrobial treatment in lung abscess."
194,ad8a3a7a6dfb3372117748b4a77c23d366c09cf6f2f53e5a89ec51c979a532ed,Lung-Anatomy-Lobes-Overview.png,/Users/chriselwell/Desktop/Pulm/Pulm Pictures/Lung-Anatomy-Lobes-Overview.png,P2 - Structure and Volumes,Lung Anatomy Lobes Overview,Visually verified course-aligned reference for Structure and Volumes: Lung Anatomy Lobes Overview.
195,fedc426d4c175f2de4cee72846a7050bf2338f57ad5cc655b2cb9ac10be7635b,Lung-Compliance-Emphysema-vs-Fibrosis.png,/Users/chriselwell/Desktop/Pulm/Pulm Pictures/Lung-Compliance-Emphysema-vs-Fibrosis.png,"P10 - Physiology Six-Case Workshop | P24 - Diseases of the Respiratory Tract - Part 2 - Restrictive Disease (Pathology) | P35 - Acute Respiratory Failure | P4 - Mechanics, Compliance and Ventilation | P5 - Spirometry, Obstructive and Restrictive Pulmonary Diseases | P9 - Pulmonary Physiology Review",Lung Compliance Emphysema vs Fibrosis,Visually verified course-aligned reference for Physiology Six-Case Workshop: Lung Compliance Emphysema vs Fibrosis.
196,8c1ecb60811f4a514507f951ca10421cd217867c049646c164352a76de5b0126,Lung-Compliance-Hysteresis.png,/Users/chriselwell/Desktop/Pulm/Pulm Pictures/Lung-Compliance-Hysteresis.png,"P4 - Mechanics, Compliance and Ventilation",Lung Compliance Hysteresis,"Visually verified course-aligned reference for Mechanics, Compliance and Ventilation: Lung Compliance Hysteresis."
197,d5e1d000091b2f3b0a94b4b0b09c3b62e20c430723d142f9ec48c0091429b664,Lung-Volume-Changes-After-Surfactant.jpg,/Users/chriselwell/Desktop/Pulm/Pulm Pictures/Lung-Volume-Changes-After-Surfactant.jpg,P3 - Airway and Vascular Flow,Lung Volume Changes After Surfactant,Visually verified course-aligned reference for Airway and Vascular Flow: Lung Volume Changes After Surfactant.
198,8289e292fa7af14111990f3a5009c05a5aad5eafe170cd3155ee6486ec25c898,Lung-Volume-Pressure-Changes-During-Breathing.png,/Users/chriselwell/Desktop/Pulm/Pulm Pictures/Lung-Volume-Pressure-Changes-During-Breathing.png,"P11 - Physiology Practice Question Review | P4 - Mechanics, Compliance and Ventilation",Lung Volume Pressure Changes During Breathing,Visually verified course-aligned reference for Physiology Practice Question Review: Lung Volume Pressure Changes During Breathing.
199,4fb5f3bcf4abef35717fea08f35c4727fcd382241554c550b1db91205c8dce7a,Lung-Volumes-and-Pulmonary-Vascular-Resistance.png,/Users/chriselwell/Desktop/Pulm/Pulm Pictures/Lung-Volumes-and-Pulmonary-Vascular-Resistance.png,P3 - Airway and Vascular Flow | Pulmonary - Comprehensive Study Guide,Lung Volumes and Pulmonary Vascular Resistance,Visually verified course-aligned reference for Airway and Vascular Flow: Lung Volumes and Pulmonary Vascular Resistance.
200,7fc136a7b6bd4195b44cfba9425bff1189e70540793c04d012a3e1620f86b0aa,Lung-Volumes-in-Obstructive-and-Restrictive-Lung-Disease.jpg,/Users/chriselwell/Desktop/Pulm/Pulm Pictures/Lung-Volumes-in-Obstructive-and-Restrictive-Lung-Disease.jpg,"P5 - Spirometry, Obstructive and Restrictive Pulmonary Diseases",Lung Volumes in Obstructive and Restrictive Lung Disease,"Visually verified course-aligned reference for Spirometry, Obstructive and Restrictive Pulmonary Diseases: Lung Volumes in Obstructive and Restrictive Lung Disease."
201,00cc3f3f3ff7307c895e80779e2a124a96dcf247b1bd76d747c35662313da66d,Mechanism of action- asthma medication.jpg,/Users/chriselwell/Desktop/Pulm/Pulm Pictures/Mechanism of action- asthma medication.jpg,P22-23 - Drugs Used for Treatment of Asthma and COPD,asthma pharmacology | beta2 agonists | corticosteroids | biologics,"Integrated airway diagram locates beta2 agonists, steroids, antimuscarinics, leukotriene modifiers, and biologics along the inflammatory and smooth-muscle pathways."
202,e7dd26532107d1f00721d960493cdb423bebd782128e2d37686529e524d23cb1,Mesothelioma-Ct.jpg,/Users/chriselwell/Desktop/Pulm/Pulm Pictures/Mesothelioma-Ct.jpg,P27.2 - Chest X-Ray Final Review,mesothelioma | pleural thickening | CT,Shows circumferential pleural thickening and effusion typical of malignant mesothelioma.
203,c8af5416be3c67c842c5254e1c0b7c9ec531a25bed5b84e5eb626c8f17c50512,miliary-tuberculosis.jpg,/Users/chriselwell/Desktop/Pulm/Pulm Pictures/miliary-tuberculosis.jpg,P18 - Basic Interpretation of Chest X-Ray | P39 - Clinical Pathology & Imaging - Interactive Workshop,miliary tuberculosis | nodular interstitial pattern,Compares the classic diffuse miliary nodular pattern on radiograph and CT.
204,5e1c154896bd56ffd929f56a11323eb5e28e9d23c12c6005617d9b3cc61b09d6,Mycoplasma Pneumonia.png,/Users/chriselwell/Desktop/Pulm/Pulm Pictures/Mycoplasma Pneumonia.png,P28 - Microbiology of Pneumonia - Bacterial Infections | P39 - Clinical Pathology & Imaging - Interactive Workshop,Microbiology | Diagnostics,Provides a verified lecture-aligned visual anchor for Mycoplasma Pneumonia
205,d61c127f36ae8c464e89bdea9b6c4159cdcb2c044937947c4226eb110ac1cba0,Natural-History-of-Lobar-Pneumonia.png,/Users/chriselwell/Desktop/Pulm/Pulm Pictures/Natural-History-of-Lobar-Pneumonia.png,P31 - Review of Pneumonia - Pathology and Pharmacology,lobar pneumonia | pathology stages | resolution,"Summarizes the classic congestion, red hepatization, gray hepatization, and resolution sequence of lobar pneumonia."
206,5b2b5535a08c60af0c7f1dc21a4267b6018b7cb4d042c0d444cb7484df188b0c,Natural-History-of-Obstructive-Lung-Disease.png,/Users/chriselwell/Desktop/Pulm/Pulm Pictures/Natural-History-of-Obstructive-Lung-Disease.png,P34 - Respiratory Medicine Clinical Case Studies - Obstructive Diseases (Pathophysiology),COPD | smoking cessation | FEV1 decline,Natural-history curves show accelerated decline and the value of smoking cessation.
207,68ec1fe8fe7f397fc39b4aebe9ef3f1ea7b3ab0e20d4c8e605d55d4ed7071634,Neonatal-Respiratory-Distress-Syndrome-Hyaline-Membranes.png,/Users/chriselwell/Desktop/Pulm/Pulm Pictures/Neonatal-Respiratory-Distress-Syndrome-Hyaline-Membranes.png,P39 - Clinical Pathology & Imaging - Interactive Workshop,neonatal RDS | histology,"Paired normal and RDS histology identifies collapse, congestion, and hyaline membranes."
208,eb3cfe89f50148d9117343c7514485a132f63b2dd26dadf879eb8954e0186ad0,Normal Flow-Volume Loop.jpg,/Users/chriselwell/Desktop/Pulm/Pulm Pictures/Normal Flow-Volume Loop.jpg,P37 - Advanced Spirometry Review - Interactive Workshop,flow-volume loop | normal spirometry,"Clear labeled normal flow-volume loop preserves expiratory and inspiratory limbs, volume direction, and intermediate flows."
209,16b0f62fb582da73567c854a73c139ce3b78e581f053aad3d91cd963642a0479,Normal-and-Pathologic-Ventilation-Table.png,/Users/chriselwell/Desktop/Pulm/Pulm Pictures/Normal-and-Pathologic-Ventilation-Table.png,P35 - Acute Respiratory Failure,ventilatory pump failure | controller failure | obstruction | restriction,"Comparison table organizes normal ventilation against impaired drive, neuromuscular weakness, obstruction, and restrictive load."
210,df11285b9de951d8d817f0ef608fd549c77195da1543bc7453f77c2910472cad,O2-Co2-Partial-Pressure-Blood-Air-Barrier-Table.png,/Users/chriselwell/Desktop/Pulm/Pulm Pictures/O2-Co2-Partial-Pressure-Blood-Air-Barrier-Table.png,"P6 - Gas Exchange, Part 1 - Pressures, Diffusion and Transport",O2 Co2 Partial Pressure Blood Air Barrier Table,"Visually verified course-aligned reference for Gas Exchange, Part 1 - Pressures, Diffusion and Transport: O2 Co2 Partial Pressure Blood Air Barrier Table."
211,08daaccc2c144d8be70d5dee614900f2a29d7d093df3a3db6327a25dfc6f728d,Obstructive sleep apnea.jpg,/Users/chriselwell/Desktop/Pulm/Pulm Pictures/Obstructive sleep apnea.jpg,P21 - Overview of Sleep Disorders,OSA | upper airway anatomy,Anatomic comparison shows normal airflow and pharyngeal collapse in OSA.
212,06381381d8157b720ad6dfe4d58e3f07add6b248c9d2540401c0f503f0f6aa01,obstructive-lung-diseases.png,/Users/chriselwell/Desktop/Pulm/Pulm Pictures/obstructive-lung-diseases.png,P19 - Obstructive Diseases and Airway Diseases,obstructive lung disease | pathology overview,"Compact pathology overview linking asthma, chronic bronchitis, emphysema, bronchiectasis, cystic fibrosis, and bronchiolitis to representative visuals."
213,ca17da40fe74b420736706c027ad406377126abdfad074949303fff669797093,obstructive-sleep-apnea.jpg,/Users/chriselwell/Desktop/Pulm/Pulm Pictures/obstructive-sleep-apnea.jpg,P21 - Overview of Sleep Disorders | Pulmonary - Comprehensive Study Guide,OSA | diagnostic tracing | respiratory effort,Tracing shows airflow pauses while thoracic and abdominal effort continues.
214,eb46780f1fc273a0d94f666c4499ca45ac0b938da6c772b9ff351fa12c5f2aae,Omega-Shaped Epiglottis.jpg,/Users/chriselwell/Desktop/Pulm/Pulm Pictures/Omega-Shaped Epiglottis.jpg,P33 - Otolaryngology - Upper Airway Pathology,laryngomalacia | omega epiglottis | endoscopy,Endoscopic view of omega-shaped epiglottis and supraglottic collapse.
215,3b8ac50e39903374cab0e7fe592fc71e3aec41176d616762cede8d7453e72bb4,Outpatient-Treatment-of-Community-Acquired-Pneumonia.png,/Users/chriselwell/Desktop/Pulm/Pulm Pictures/Outpatient-Treatment-of-Community-Acquired-Pneumonia.png,P31 - Review of Pneumonia - Pathology and Pharmacology,community-acquired pneumonia | outpatient treatment | antibiotics,Algorithm summarizes outpatient community-acquired pneumonia antibiotic selection by comorbidity and resistance risk.
216,05d14d51dcbcc1b45570fec5599172f74fe4a77ae659f897a2881369eb2bab57,Overview of Flow-Volume Loops.jpg,/Users/chriselwell/Desktop/Pulm/Pulm Pictures/Overview of Flow-Volume Loops.jpg,P37 - Advanced Spirometry Review - Interactive Workshop,flow-volume loops | pattern recognition | upper airway obstruction,"Compact comparison shows normal, obstructive, restrictive, and several large-airway obstruction morphologies."
217,26fcfeb8d01abb49bac8dda2d6fc3e892ec456b12313e4c0ddaaf72f3ff0a28a,Oxygen-Carboxyhemoglobin-Dissociation-Curve.png,/Users/chriselwell/Desktop/Pulm/Pulm Pictures/Oxygen-Carboxyhemoglobin-Dissociation-Curve.png,"P11 - Physiology Practice Question Review | P6 - Gas Exchange, Part 1 - Pressures, Diffusion and Transport",Oxygen Carboxyhemoglobin Dissociation Curve,Visually verified course-aligned reference for Physiology Practice Question Review: Oxygen Carboxyhemoglobin Dissociation Curve.
218,e8343acf0c54ff3190e82aeef0b5dc56e1c09c0e4ac9d7f2f3b1237a2ecc4842,Oxygen-Hemoglobin-Dissociation-Curve.png,/Users/chriselwell/Desktop/Pulm/Pulm Pictures/Oxygen-Hemoglobin-Dissociation-Curve.png,"P11 - Physiology Practice Question Review | P6 - Gas Exchange, Part 1 - Pressures, Diffusion and Transport | P9 - Pulmonary Physiology Review | Pulmonary - Comprehensive Study Guide",Oxygen Hemoglobin Dissociation Curve,Visually verified course-aligned reference for Physiology Practice Question Review: Oxygen Hemoglobin Dissociation Curve.
219,e2065d09f235349a5efb222782269442db45baeaa1929cc2e2a2b62ce8fafddc,Oxygen-Levels-at-Altitude.png,/Users/chriselwell/Desktop/Pulm/Pulm Pictures/Oxygen-Levels-at-Altitude.png,P10 - Physiology Six-Case Workshop | P8 - Control of Ventilation,Oxygen Levels at Altitude,Visually verified course-aligned reference for Physiology Six-Case Workshop: Oxygen Levels at Altitude.
220,de6f91aa910bb85536e0f176319af8733f8aef38d74fc45cc602e79f89258934,P002 Lobar Pneumonia Acute Alveolar Inflammation Histology.png,/Users/chriselwell/Desktop/Pulm/Pulm Pictures/P002 Lobar Pneumonia Acute Alveolar Inflammation Histology.png,"P26 - Diseases of the Respiratory Tract - Part 3 - Vascular, Cancer, Other Disease (Pathology) | P26.2 - Lung Infections - Pathology Review and Study Supplement | P31 - Review of Pneumonia - Pathology and Pharmacology | Pulmonary - Comprehensive Study Guide",Pathology,P26.2 (p.8) shows histology of acute inflammation/neutrophilic exudate filling alveoli in lobar pneumonia; this is the matching intra-alveolar exudate histology
221,fb5252b1250e75889f520dec222118a9c0ad5c6d5849321d91d2f44d72d746ee,P002 Lobar Pneumonia CXR.png,/Users/chriselwell/Desktop/Pulm/Pulm Pictures/P002 Lobar Pneumonia CXR.png,P35 - Acute Respiratory Failure | Pulmonary - Comprehensive Study Guide,pneumonia | lobar consolidation | gas exchanger failure,A focal lobar consolidation mirrors the RM case used to teach pneumonia as gas-exchanger failure.
222,6c39fdc46bc27065d8379553ab9e4d7f4943debce750610a55d5f351c372dcb6,P002 Lobar Pneumonia Red Hepatization Gross.png,/Users/chriselwell/Desktop/Pulm/Pulm Pictures/P002 Lobar Pneumonia Red Hepatization Gross.png,"P26 - Diseases of the Respiratory Tract - Part 3 - Vascular, Cancer, Other Disease (Pathology) | P26.2 - Lung Infections - Pathology Review and Study Supplement | P31 - Review of Pneumonia - Pathology and Pharmacology",Pathology,P26.2 (p.9-10) compares gross lobar consolidation patterns; this gross specimen shows sharply demarcated whole-lobe consolidation matching the lobar pneumonia half of the bronchopneumonia-vs-lobar comparison
223,79a091b936afcb1829b4d0887e5577570236efd145fc4bb020569ead89879554,P002 Lung Anatomy.png,/Users/chriselwell/Desktop/Pulm/Pulm Pictures/P002 Lung Anatomy.png,P2 - Structure and Volumes,Lung Anatomy,Visually verified course-aligned reference for Structure and Volumes: Lung Anatomy.
224,a64b9e4c63db32bfdda401d2450b88be87a8762e3e8e6b6044315607279b0332,P002 Vocal Cord Nodules Gross.png,/Users/chriselwell/Desktop/Pulm/Pulm Pictures/P002 Vocal Cord Nodules Gross.png,P33 - Otolaryngology - Upper Airway Pathology,vocal fold nodules | phonotrauma | laryngoscopy,Laryngoscopic appearance of paired vocal-fold nodules from phonotrauma.
225,eb7acb831a48e6f93a64e4354114e882fb44d7c2af176d205ec85f6d2f6c2aef,P003 Bronchopneumonia CXR.png,/Users/chriselwell/Desktop/Pulm/Pulm Pictures/P003 Bronchopneumonia CXR.png,P39 - Clinical Pathology & Imaging - Interactive Workshop,bronchopneumonia | CXR,CXR demonstrates patchy multifocal air-space opacities.
226,3f878896878869ad13731801bfcedd4b0139c275e994867f7785ef62764d3ae2,P003 Bronchopneumonia Gross.png,/Users/chriselwell/Desktop/Pulm/Pulm Pictures/P003 Bronchopneumonia Gross.png,"P26 - Diseases of the Respiratory Tract - Part 3 - Vascular, Cancer, Other Disease (Pathology) | P26.2 - Lung Infections - Pathology Review and Study Supplement | P39 - Clinical Pathology & Imaging - Interactive Workshop",Pathology,P26.2 (p.9) directly compares Bronchopneumonia vs Lobar Pneumonia gross specimens (patchy multilobar consolidation vs whole-lobe consolidation); this is the bronchopneumonia half of that named comparison
227,cdfe9cba4d7645d28e79f876d232a1420e663516bc2b22c8fd3f3e2661fe74e0,P003 Interstitial Pneumonia Inflammatory Infiltrate Histology.png,/Users/chriselwell/Desktop/Pulm/Pulm Pictures/P003 Interstitial Pneumonia Inflammatory Infiltrate Histology.png,P26.2 - Lung Infections - Pathology Review and Study Supplement,viral pneumonia | interstitium | histology,Contrasts viral-pattern interstitial inflammation with bacterial alveolar filling.
228,a30a31e9e4a221fe485576ba6ef6ea5ca09a5e487cff163bf093b1381063758a,P005 Tuberculosis Caseating Granuloma Histology.png,/Users/chriselwell/Desktop/Pulm/Pulm Pictures/P005 Tuberculosis Caseating Granuloma Histology.png,P26.2 - Lung Infections - Pathology Review and Study Supplement,tuberculosis | caseating granuloma | histology,Shows central caseation with peripheral granulomatous inflammation in tuberculosis.
229,831fc7e6aceebf325a84c8d603ba00e02d1e47ce3e2242fff5e33994d3a53d77,P005 Tuberculosis Ghon Complex Gross.png,/Users/chriselwell/Desktop/Pulm/Pulm Pictures/P005 Tuberculosis Ghon Complex Gross.png,P26.2 - Lung Infections - Pathology Review and Study Supplement,tuberculosis | Ghon focus | Ghon complex,Demonstrates the lung focus and nodal component of a primary tuberculosis Ghon complex.
230,3ae5b770aad2e3c9e79f55f6b95eb3757607adbfb2b667b4d7c480f07ae94734,P006 Chronic Bronchitis Histology.png,/Users/chriselwell/Desktop/Pulm/Pulm Pictures/P006 Chronic Bronchitis Histology.png,P34 - Respiratory Medicine Clinical Case Studies - Obstructive Diseases (Pathophysiology),chronic bronchitis | mucus glands | histology,Bronchial-gland enlargement illustrates mucus hypersecretion in chronic bronchitis.
231,4ef845ed49ae2358b17ae703d65e96583a50ff82e0607ebe8be5d0e8231ff1ee,P006 Emphysema Histology.png,/Users/chriselwell/Desktop/Pulm/Pulm Pictures/P006 Emphysema Histology.png,P39 - Clinical Pathology & Imaging - Interactive Workshop,emphysema | histology,Histology shows enlarged air spaces and alveolar-wall destruction.
232,a74f695426b14d81445d276e5483c2b5b44b5b7720400a61c3e2ceb5da4605ea,P007 Emphysema Increased AP Diameter CXR.png,/Users/chriselwell/Desktop/Pulm/Pulm Pictures/P007 Emphysema Increased AP Diameter CXR.png,P34 - Respiratory Medicine Clinical Case Studies - Obstructive Diseases (Pathophysiology),emphysema | hyperinflation | chest radiograph,Lateral radiograph shows increased AP diameter and hyperinflation in emphysema.
233,02f8a0ecb0be12d84c33248fb2bf6c91470be1569b6ba2da25d758f5541064c0,P008 Idiopathic Pulmonary Fibrosis Histology.png,/Users/chriselwell/Desktop/Pulm/Pulm Pictures/P008 Idiopathic Pulmonary Fibrosis Histology.png,P17 - Introduction to Respiratory Pathophysiology | P24 - Diseases of the Respiratory Tract - Part 2 - Restrictive Disease (Pathology),pulmonary fibrosis | maladaptive repair | histology,Histology shows distorted architecture and interstitial fibrosis as an outcome of maladaptive repair.
234,32cb082b5eb075c9e4679a2c253ff8aced899657613a3a8e54adf9c0a305daed,P009 Asbestos Bodies Histology.png,/Users/chriselwell/Desktop/Pulm/Pulm Pictures/P009 Asbestos Bodies Histology.png,P24 - Diseases of the Respiratory Tract - Part 2 - Restrictive Disease (Pathology),asbestos | histology,Shows characteristic ferruginous/asbestos bodies.
235,3eab48127f697daaaf8ba978ddfd2a055d084cdd6ce77ae51737339c9affca2f,P010 ARDS Hyaline Membranes Histology.png,/Users/chriselwell/Desktop/Pulm/Pulm Pictures/P010 ARDS Hyaline Membranes Histology.png,"P26 - Diseases of the Respiratory Tract - Part 3 - Vascular, Cancer, Other Disease (Pathology) | P35 - Acute Respiratory Failure | P39 - Clinical Pathology & Imaging - Interactive Workshop | Pulmonary - Comprehensive Study Guide",Pathology | Diagnostics,Provides a verified lecture-aligned visual anchor for P010 ARDS Hyaline Membranes Histology
236,60a557bb94fd88ebe20fcb962d93f64f3b631e54e2a6bce9bc84184dd8a8f32a,P010 Primary Pulmonary Hypertension Plexiform Lesion.png,/Users/chriselwell/Desktop/Pulm/Pulm Pictures/P010 Primary Pulmonary Hypertension Plexiform Lesion.png,"P26 - Diseases of the Respiratory Tract - Part 3 - Vascular, Cancer, Other Disease (Pathology) | P32 - Pulmonary Hypertension - A Clinical Reasoning Approach | Pulmonary - Comprehensive Study Guide",Pathology | Diagnostics,Provides a verified lecture-aligned visual anchor for P010 Primary Pulmonary Hypertension Plexiform Lesion
237,a3d744da5c79b4098be242a36b947dab7a547986f2e707dcbd87a95237c61962,P013 Adenocarcinoma Peripheral Lung Gross.png,/Users/chriselwell/Desktop/Pulm/Pulm Pictures/P013 Adenocarcinoma Peripheral Lung Gross.png,"P26 - Diseases of the Respiratory Tract - Part 3 - Vascular, Cancer, Other Disease (Pathology)",Pathology | Diagnostics,Provides a verified lecture-aligned visual anchor for P013 Adenocarcinoma Peripheral Lung Gross
238,e56a49f9ee35025cb6aad41c371c6cca3ee8ac6406fb137729610aa9016ed029,P013 Carcinoid Tumor Polypoid Bronchial Gross.png,/Users/chriselwell/Desktop/Pulm/Pulm Pictures/P013 Carcinoid Tumor Polypoid Bronchial Gross.png,"P26 - Diseases of the Respiratory Tract - Part 3 - Vascular, Cancer, Other Disease (Pathology)",Pathology | Diagnostics,Provides a verified lecture-aligned visual anchor for P013 Carcinoid Tumor Polypoid Bronchial Gross
239,f190f72086f1a2cddfc46e7acd702ff46de8962ec119e87fa01cf09114bfd689,P013 Neonatal Respiratory Distress Syndrome Ground Glass CXR.png,/Users/chriselwell/Desktop/Pulm/Pulm Pictures/P013 Neonatal Respiratory Distress Syndrome Ground Glass CXR.png,P27.2 - Chest X-Ray Final Review | P39 - Clinical Pathology & Imaging - Interactive Workshop,neonatal RDS | ground-glass opacity | air bronchograms,Shows low-volume granular/ground-glass lungs with air bronchograms in neonatal RDS.
240,7a26c069de6f042b8a44ed20dc01747a64e99a7f24119c5fff2cb2b4e41807a1,P013 Small Cell Carcinoma Histology.png,/Users/chriselwell/Desktop/Pulm/Pulm Pictures/P013 Small Cell Carcinoma Histology.png,"P26 - Diseases of the Respiratory Tract - Part 3 - Vascular, Cancer, Other Disease (Pathology) | Pulmonary - Comprehensive Study Guide",Pathology | Diagnostics,Provides a verified lecture-aligned visual anchor for P013 Small Cell Carcinoma Histology
241,e542bcd85a2e1f7b1e3c6282efd9de531f6e239e6a80820d6e45456764cf9a04,P013 Squamous Cell Carcinoma Central Lung Gross.png,/Users/chriselwell/Desktop/Pulm/Pulm Pictures/P013 Squamous Cell Carcinoma Central Lung Gross.png,"P26 - Diseases of the Respiratory Tract - Part 3 - Vascular, Cancer, Other Disease (Pathology) | P39 - Clinical Pathology & Imaging - Interactive Workshop",Pathology | Diagnostics,Provides a verified lecture-aligned visual anchor for P013 Squamous Cell Carcinoma Central Lung Gross
242,179711384952812c014659020793f0ab3f04ef845e21d9a55564115f8c0fe7d7,P014 Mesothelioma Encasing Lung Gross.png,/Users/chriselwell/Desktop/Pulm/Pulm Pictures/P014 Mesothelioma Encasing Lung Gross.png,"P26 - Diseases of the Respiratory Tract - Part 3 - Vascular, Cancer, Other Disease (Pathology)",Pathology | Diagnostics,Provides a verified lecture-aligned visual anchor for P014 Mesothelioma Encasing Lung Gross
243,891b3925b2961a41cd262367eb4b0497b501647fe7794d0fdec4f502ef77f6e2,P016 Choanal Atresia.png,/Users/chriselwell/Desktop/Pulm/Pulm Pictures/P016 Choanal Atresia.png,P33 - Otolaryngology - Upper Airway Pathology,choanal atresia | congenital nasal obstruction,"CT/anatomic views of choanal atresia, the opening diagnosis associated with CHARGE."
244,d7ef2a374d629b1eb7c5ee79927f38c6f3c1c095358d9d636a44422f48471f94,P019 Airflow and Airway Resistance 01.jpeg,/Users/chriselwell/Desktop/Pulm/Pulm Pictures/P019 Airflow and Airway Resistance 01.jpeg,P3 - Airway and Vascular Flow | P35 - Acute Respiratory Failure,Airflow and Airway Resistance 01,Visually verified course-aligned reference for Airway and Vascular Flow: Airflow and Airway Resistance 01.
245,b78da7b8076e9c19ffefda8aad9cd57c66e5cb3b54b93e79434b6cfd25a13535,P019 Airflow and Airway Resistance 03.jpeg,/Users/chriselwell/Desktop/Pulm/Pulm Pictures/P019 Airflow and Airway Resistance 03.jpeg,P3 - Airway and Vascular Flow | P35 - Acute Respiratory Failure,Airflow and Airway Resistance 03,Visually verified course-aligned reference for Airway and Vascular Flow: Airflow and Airway Resistance 03.
246,4b9b8641a4673b5f152f8dec821f9e9b2267b9172b84dc86cc45b1b91763f186,P022 Pulmonary Hypoplasia.png,/Users/chriselwell/Desktop/Pulm/Pulm Pictures/P022 Pulmonary Hypoplasia.png,P36 - Pulmonary Developmental Anomalies,pulmonary hypoplasia | oligohydramnios | fetal development,Simple oligohydramnios schematic anchors an important secondary mechanism of pulmonary hypoplasia.
247,f2ec4f5d34dd9933e6c45fe07871fd42cd2a3136b5315125a15313753a730745,P023 Bronchopulmonary Dysplasia.png,/Users/chriselwell/Desktop/Pulm/Pulm Pictures/P023 Bronchopulmonary Dysplasia.png,P37 - Advanced Spirometry Review - Interactive Workshop,bronchopulmonary dysplasia | alveolar simplification | development,Alveolar schematic contrasts normal development with simplified damaged alveoli in BPD.
248,e9135c2fd1eda739793b77fdc1d8f7990a66a074cb054ce8fda16e4ea1f75ba5,P025 Bronchogenic Cysts.png,/Users/chriselwell/Desktop/Pulm/Pulm Pictures/P025 Bronchogenic Cysts.png,P36 - Pulmonary Developmental Anomalies,bronchogenic cyst | chest radiograph | CT,Paired chest radiograph and CT show a central bronchogenic cyst and its effect on adjacent thoracic structures.
249,886182b6fbe2cf9a29546710a957eebc5193dd3552ee78c74694c3c52e3303ee,P027 Neonatal Respiratory Distress Syndrome.png,/Users/chriselwell/Desktop/Pulm/Pulm Pictures/P027 Neonatal Respiratory Distress Syndrome.png,P39 - Clinical Pathology & Imaging - Interactive Workshop,neonatal RDS | CXR,Second neonatal radiograph reinforces diffuse air-space disease and air bronchograms.
250,ab459d785f273df43bf02a03dd867bedf25a0b867f573c26e02b3a2dae9c90de,P038 Foreign Body Aspiration.png,/Users/chriselwell/Desktop/Pulm/Pulm Pictures/P038 Foreign Body Aspiration.png,P10 - Physiology Six-Case Workshop | P20 - Radiology of Obstructive Lung Disease,Foreign Body Aspiration,Visually verified course-aligned reference for Physiology Six-Case Workshop: Foreign Body Aspiration.
251,641dcfa0db60bda2c8789d0f5042c479cf0d0816b1bd5892b4b3ac4ce45e0821,P038 Lung Physical Exam Digital Clubbing.jpeg,/Users/chriselwell/Desktop/Pulm/Pulm Pictures/P038 Lung Physical Exam Digital Clubbing.jpeg,P12 - Approach to Pulmonary Abnormalities | P16 - Mystery Illness Review Video,inspection | digital clubbing,"Clear clinical photograph of digital clubbing, an emphasized general-appearance finding."
252,0ac3dc0ff973564c2bb966d8941158993f97f3118c63b4b2b52274521d3a4d6f,P041 Respiratory Infections Pneumonia 01.jpeg,/Users/chriselwell/Desktop/Pulm/Pulm Pictures/P041 Respiratory Infections Pneumonia 01.jpeg,P14 - Introduction to Pulmonary Pathophysiology,pneumonia | alveolar filling | respiratory infection,Simple alveolar diagram shows inflammatory filling of airspaces in pneumonia.
253,05012de2a3ec422b439dc184bee649093ee7ff06e612d5a582d733d35c71fdf3,P042 Bronchi and Bronchioles.png,/Users/chriselwell/Desktop/Pulm/Pulm Pictures/P042 Bronchi and Bronchioles.png,P17 - Introduction to Respiratory Pathophysiology,bronchus | bronchiole | conducting zone | respiratory zone,Maps conducting and respiratory zones from trachea through bronchioles to the alveolar duct.
254,381c1218898f159f6db10414562be8d820ca578681c548533929dfe6e6f7b2ab,P054 Cystic Fibrosis Pathophysiology 01.jpeg,/Users/chriselwell/Desktop/Pulm/Pulm Pictures/P054 Cystic Fibrosis Pathophysiology 01.jpeg,P14 - Introduction to Pulmonary Pathophysiology,cystic fibrosis | CFTR | mucus clearance,Shows CFTR dysfunction and dehydrated mucus in a cystic fibrosis airway.
255,a5bd04d77cadd884b63088803b271a8363db632b0e5baf1a5bd857ecca4d6c85,P054 Surfactant.png,/Users/chriselwell/Desktop/Pulm/Pulm Pictures/P054 Surfactant.png,P17 - Introduction to Respiratory Pathophysiology,surfactant | alveolus | surface tension,Shows surfactant lining the alveolar surface and its relationship to the pulmonary microvasculature.
256,d6d6ee4a3ab9f8681c28a9004ac32c3e928bfc808e42ea64a1cd3b08d0e1a699,P059 Pneumoconiosis 01.jpeg,/Users/chriselwell/Desktop/Pulm/Pulm Pictures/P059 Pneumoconiosis 01.jpeg,P14 - Introduction to Pulmonary Pathophysiology,pneumoconiosis | silicosis | asbestosis,Pairs silicosis eggshell calcification with asbestos-related pleural plaques.
257,84b20c04585a1d9b166ff116b23f2e9ec697630143e66861161e33db8235ee31,P068 Pulmonary Hypertension 01.jpeg,/Users/chriselwell/Desktop/Pulm/Pulm Pictures/P068 Pulmonary Hypertension 01.jpeg,P32 - Pulmonary Hypertension - A Clinical Reasoning Approach,pulmonary hypertension | histopathology,Shows severe small-vessel remodeling in pulmonary hypertension.
258,1808f7125059bed01738443c09de7cc954463cde27d9676a057c65e6e69af983,P068 Pulmonary Hypertension 02.jpeg,/Users/chriselwell/Desktop/Pulm/Pulm Pictures/P068 Pulmonary Hypertension 02.jpeg,P32 - Pulmonary Hypertension - A Clinical Reasoning Approach,pulmonary vascular remodeling | diagram,Schematic comparison of normal and remodeled pulmonary arteries.
259,3186643945406288e02f9a7ce74bfb5a2940681dea1d8c44bd45e0ee69fa6412,P069 Pneumothorax Pathophysiology 01.jpeg,/Users/chriselwell/Desktop/Pulm/Pulm Pictures/P069 Pneumothorax Pathophysiology 01.jpeg,P38 - Mystery Illness Review Session - Interactive Workshop,pneumothorax | mechanism,Mechanism diagram shows pleural air separating visceral and parietal pleura.
260,ad73e0a165ad9f99b50c988cbf020ebcd39db9f7656b1ae227390c1a68b7d885,P071 Pulmonary Edema 01.jpeg,/Users/chriselwell/Desktop/Pulm/Pulm Pictures/P071 Pulmonary Edema 01.jpeg,P14 - Introduction to Pulmonary Pathophysiology,pulmonary edema | alveolar fluid | pathology,Histology highlights proteinaceous alveolar fluid in pulmonary edema.
261,d3a4c25c19b55f5d13458c854e51fab6f7d24e9f135a09d3620ad705e2892d4e,P073 Exercise Breathing 02.png,/Users/chriselwell/Desktop/Pulm/Pulm Pictures/P073 Exercise Breathing 02.png,P8 - Control of Ventilation,Exercise Breathing 02,Visually verified course-aligned reference for Control of Ventilation: Exercise Breathing 02.
262,51d36df20068e665f90e5c0910d7aecc37c7ed02e6adab6dbb63cc8aac367a93,P088 Air Flow and Pressure Changes - Quiet Breathing.png,/Users/chriselwell/Desktop/Pulm/Pulm Pictures/P088 Air Flow and Pressure Changes - Quiet Breathing.png,"P11 - Physiology Practice Question Review | P4 - Mechanics, Compliance and Ventilation",Air Flow and Pressure Changes Quiet Breathing,Visually verified course-aligned reference for Physiology Practice Question Review: Air Flow and Pressure Changes Quiet Breathing.
263,e3b707ac07b040e03f3a96128c6c22531f30e238e0f7858d92e9028944290242,P102 Barrel Chest.png,/Users/chriselwell/Desktop/Pulm/Pulm Pictures/P102 Barrel Chest.png,P12 - Approach to Pulmonary Abnormalities,inspection | barrel chest | COPD,Focused normal-versus-barrel-chest comparison showing increased anteroposterior diameter in COPD.
264,74ed13f054c7714fcc3feb33c8427964a599edf48d66a9693bd8a8c9565bb947,P158 Pulmonary Hypertension - Diagnosis.png,/Users/chriselwell/Desktop/Pulm/Pulm Pictures/P158 Pulmonary Hypertension - Diagnosis.png,P14 - Introduction to Pulmonary Pathophysiology | P32 - Pulmonary Hypertension - A Clinical Reasoning Approach,pulmonary hypertension | echocardiography | right heart,Echocardiographic view illustrates right-sided chamber enlargement in pulmonary hypertension.
265,d50a8624e3680b1e58fca820a29c0bc6f8516fa0c4fe3050b2fd402d0af09d63,P159 Pulmonary Hypertension - Pathology Findings.png,/Users/chriselwell/Desktop/Pulm/Pulm Pictures/P159 Pulmonary Hypertension - Pathology Findings.png,P32 - Pulmonary Hypertension - A Clinical Reasoning Approach,pulmonary hypertension | pathology,Comparison of pulmonary vascular pathology patterns.
266,aae572d9313cea92944c85cada05e3e1ffa94a44213d8b5809a188757ed93858,P168 Plexiform Lesions.png,/Users/chriselwell/Desktop/Pulm/Pulm Pictures/P168 Plexiform Lesions.png,P32 - Pulmonary Hypertension - A Clinical Reasoning Approach,plexiform lesion | histology,Multipanel histology of plexiform lesions.
267,f08a9238b0c5bab99fbab4ca6186c37c2c700bfe76f2399cdfd5e1cb9a998b77,P190 Shunt.png,/Users/chriselwell/Desktop/Pulm/Pulm Pictures/P190 Shunt.png,P10 - Physiology Six-Case Workshop | P11 - Physiology Practice Question Review,Shunt,Visually verified course-aligned reference for Physiology Six-Case Workshop: Shunt.
268,ceb78e3ce88089a8b36073409cb1dbd7a3453671d5e0f234b16153167b838acd,P195 Dead Space.png,/Users/chriselwell/Desktop/Pulm/Pulm Pictures/P195 Dead Space.png,"P10 - Physiology Six-Case Workshop | P11 - Physiology Practice Question Review | P4 - Mechanics, Compliance and Ventilation | P7 - Gas Exchange, Part 2 - Causes of Hypoxemia",Dead Space,Visually verified course-aligned reference for Physiology Six-Case Workshop: Dead Space.
269,337cddb61cfc236cc4d79100ca2aef444a2750ab0fbcfe8ec5f4c6caee48c613,P214 Pulse Oximetry.png,/Users/chriselwell/Desktop/Pulm/Pulm Pictures/P214 Pulse Oximetry.png,P21 - Overview of Sleep Disorders,pulse oximetry | screening,Clinical photograph identifies the pulse-oximetry tool used for overnight oxygen screening.
270,a3eea754f7d99624df68b14d10676d635ab08ddf94f392b68ab26b87ba008a29,P227 a-a Gradient.png,/Users/chriselwell/Desktop/Pulm/Pulm Pictures/P227 a-a Gradient.png,"P10 - Physiology Six-Case Workshop | P17 - Introduction to Respiratory Pathophysiology | P7 - Gas Exchange, Part 2 - Causes of Hypoxemia",a a Gradient,Visually verified course-aligned reference for Physiology Six-Case Workshop: a a Gradient.
271,72b67565ce6b2b67f9e1bc050c81d80b8a6683d95fba58a0a29b68b5db49c8e1,P279 Lung Auscultation 01.png,/Users/chriselwell/Desktop/Pulm/Pulm Pictures/P279 Lung Auscultation 01.png,P12 - Approach to Pulmonary Abnormalities | P15 - Approach to the Patient with Respiratory Disease and Pulmonary Preventative Care,auscultation | percussion | fremitus | pneumothorax | emphysema,"Integrated fremitus, percussion, breath/voice-sound, and tracheal-deviation patterns for emphysema and pneumothorax states."
272,971e67471bd497e71e5aa6bc23896cce4949b97f5d59d02468f22dd2aa463f22,P279 Lung Auscultation 02.png,/Users/chriselwell/Desktop/Pulm/Pulm Pictures/P279 Lung Auscultation 02.png,P12 - Approach to Pulmonary Abnormalities | P15 - Approach to the Patient with Respiratory Disease and Pulmonary Preventative Care,auscultation | percussion | fremitus | pleural effusion | consolidation | atelectasis,"Integrated physical-exam patterns for pleural effusion, pleural thickening, consolidation, and atelectasis."
273,8791c85411c906a82899ecc23397b6497b1c70d9bc57351692f6575aec2de12c,P288 Fremitus 01.png,/Users/chriselwell/Desktop/Pulm/Pulm Pictures/P288 Fremitus 01.png,P12 - Approach to Pulmonary Abnormalities | P15 - Approach to the Patient with Respiratory Disease and Pulmonary Preventative Care,palpation | tactile fremitus,Shows correct hand placement for palpating tactile fremitus.
274,839cf51e020c5a03f4d7d88974cd7f69587a7629f71c279e2f509b30b05da0f6,P289 Tracheal Deviation 01.png,/Users/chriselwell/Desktop/Pulm/Pulm Pictures/P289 Tracheal Deviation 01.png,P12 - Approach to Pulmonary Abnormalities,inspection | tracheal deviation | atelectasis,Shows tracheal/mediastinal deviation toward ipsilateral volume loss in atelectasis.
275,8c6e6c6d8799bb45d5920201bbbcb5fc4d13611143893433b396014ad1340324,P289 Tracheal Deviation 02.png,/Users/chriselwell/Desktop/Pulm/Pulm Pictures/P289 Tracheal Deviation 02.png,P12 - Approach to Pulmonary Abnormalities | P15 - Approach to the Patient with Respiratory Disease and Pulmonary Preventative Care,inspection | tracheal deviation | tension pneumothorax,Shows tracheal/mediastinal deviation away from a tension pneumothorax.
276,836961bed57df48e972fcc61973003457867152056be072cd728da681754ebb4,P292 Nail Clubbing 02.png,/Users/chriselwell/Desktop/Pulm/Pulm Pictures/P292 Nail Clubbing 02.png,P16 - Mystery Illness Review Video,P292 Nail Clubbing 02,Visually verified aid for the P16 history/examination pattern and structural or suppurative-airway differential: P292 Nail Clubbing 02.
277,026b57af8d1ca794920f3dd3c172ca75b3153e8a6296fdeb3f55e57092506ca3,P297 Spirometry.png,/Users/chriselwell/Desktop/Pulm/Pulm Pictures/P297 Spirometry.png,P37 - Advanced Spirometry Review - Interactive Workshop,spirometry | equipment | forced maneuver,Clinical photograph anchors patient positioning and the coached forced spirometry maneuver.
278,100ac9f5aa5b5267149ea0d2a23f4d70e837b798774ff1c77e23abb85a160795,P324_Chronic_Bronchitis_-_Pathophysiology.png,/Users/chriselwell/Desktop/Pulm/Pulm Pictures/P324_Chronic_Bronchitis_-_Pathophysiology.png,P19 - Obstructive Diseases and Airway Diseases,chronic bronchitis | COPD | gas exchange,Contrasts healthy airways and alveoli with mucus-obstructed chronic bronchitis and emphysematous gas-exchange loss.
279,e6bc8b53e1304ce8cf099156ca5b2e5efcec0730b8cf4231bc0d971f825fd754,P346_Asthma_Pathology.png,/Users/chriselwell/Desktop/Pulm/Pulm Pictures/P346_Asthma_Pathology.png,P19 - Obstructive Diseases and Airway Diseases | P34 - Respiratory Medicine Clinical Case Studies - Obstructive Diseases (Pathophysiology) | Pulmonary - Comprehensive Study Guide,asthma | airway narrowing | mucus,"Clear airway cross-section comparison showing smooth-muscle constriction, inflammation, and mucus during asthma exacerbation."
280,2f8c03f034319816e03a38af4ae2bcacf3f849d70d57cfae8dd273beae86915a,P349_Bronchiectasis.png,/Users/chriselwell/Desktop/Pulm/Pulm Pictures/P349_Bronchiectasis.png,P19 - Obstructive Diseases and Airway Diseases,bronchiectasis | airway dilation | mucociliary clearance,Schematic shows permanent airway dilation and impaired clearance in bronchiectasis.
281,e1d5d48f01c60edc544503ea3e61d4c16ae059821235ce5a3e05178e8dfb87b7,P386 COPD and Asthma - Medication Overview.png,/Users/chriselwell/Desktop/Pulm/Pulm Pictures/P386 COPD and Asthma - Medication Overview.png,P22-23 - Drugs Used for Treatment of Asthma and COPD,drug classes | generic-name recognition | asthma | COPD,Compact class tree connects the major asthma and COPD drug classes to the exemplar generic drugs emphasized in the lecture.
282,43a2122217c2976cc414d8acb550d970e2d715547c8b166131a1b8875c482cff,P388 Muscarinic Antagonists.png,/Users/chriselwell/Desktop/Pulm/Pulm Pictures/P388 Muscarinic Antagonists.png,P22-23 - Drugs Used for Treatment of Asthma and COPD,COPD | muscarinic antagonists | tiotropium | ipratropium,Mechanism diagram shows exaggerated vagal bronchoconstriction in COPD and its reversal by muscarinic antagonism.
283,269970340af720a749e544a9961462913751cb782bd6c3151d3206388285bb73,P389 Corticosteroids - Steroids.png,/Users/chriselwell/Desktop/Pulm/Pulm Pictures/P389 Corticosteroids - Steroids.png,P22-23 - Drugs Used for Treatment of Asthma and COPD,corticosteroids | gene transcription | airway inflammation,Nuclear mechanism diagram shows glucocorticoid-receptor signaling and repression of NF-kappa-B-driven inflammatory genes.
284,535316fd21bae73ee86af36d05dcb05b0823418f419c71e3ccf2360febdea19e,P391 Inhaled Steroids 01.png,/Users/chriselwell/Desktop/Pulm/Pulm Pictures/P391 Inhaled Steroids 01.png,P22-23 - Drugs Used for Treatment of Asthma and COPD,oral candidiasis | inhaled corticosteroids | adverse effects,"Clinical photograph provides a clear visual example of oral candidiasis, the major local ICS complication taught."
285,00019f78cb35f3b532986a29447111ddfa6a005eec1f0818f59b1f4562a9e08a,P391 Inhaled Steroids 02.png,/Users/chriselwell/Desktop/Pulm/Pulm Pictures/P391 Inhaled Steroids 02.png,P22-23 - Drugs Used for Treatment of Asthma and COPD,inhaler technique | spacer | drug delivery,"Photograph demonstrates inhaler-with-spacer delivery, which the lecture uses to reduce coordination problems and oropharyngeal deposition."
286,44f82c370d399606e6d27d59c99f11795eb0a8cb81f3f3812326a36b6bda4c9c,P392 Targeted Asthma Drugs.png,/Users/chriselwell/Desktop/Pulm/Pulm Pictures/P392 Targeted Asthma Drugs.png,P22-23 - Drugs Used for Treatment of Asthma and COPD | P34 - Respiratory Medicine Clinical Case Studies - Obstructive Diseases (Pathophysiology),montelukast | zileuton | leukotrienes | aspirin-sensitive asthma,Pathway diagram distinguishes zileuton inhibition of 5-lipoxygenase from montelukast blockade of the cysteinyl-leukotriene receptor.
287,8c3e1ec32b52c528db047ec47d2510292ad5eb9b05c51683d3bf671b2ddb8678,P393 Targeted Asthma Drugs.png,/Users/chriselwell/Desktop/Pulm/Pulm Pictures/P393 Targeted Asthma Drugs.png,P22-23 - Drugs Used for Treatment of Asthma and COPD,omalizumab | IgE | allergic asthma | biologics,Focused biologic diagram shows omalizumab interrupting IgE-driven mast-cell and inflammatory-cell signaling.
288,698fc8bfa440883823eb0f8709879021d54e3234ea2b88292c22282f16a900c8,P397 Theophylline.png,/Users/chriselwell/Desktop/Pulm/Pulm Pictures/P397 Theophylline.png,P22-23 - Drugs Used for Treatment of Asthma and COPD,theophylline | therapeutic window | toxicity,Concentration-time graph clearly shows theophylline's narrow therapeutic window between minimum effective and toxic concentrations.
289,9f66d58fe158f0a475b0c4626636f97578ca0c16b2415a41405c8e0a81c6d0ed,P407 COPD Chronic Therapy.png,/Users/chriselwell/Desktop/Pulm/Pulm Pictures/P407 COPD Chronic Therapy.png,P22-23 - Drugs Used for Treatment of Asthma and COPD,nebulizer | COPD | drug delivery | older adults,"Clinical illustration shows nebulized respiratory therapy in an older patient, matching the lecture's delivery discussion for weak or poorly coordinated patients."
290,f8015ae573f8225f63d0526265cd3cd2f864c152f3e6e4fafcefc8be8be6d50b,P413 Four Lobar Stages.png,/Users/chriselwell/Desktop/Pulm/Pulm Pictures/P413 Four Lobar Stages.png,"P26 - Diseases of the Respiratory Tract - Part 3 - Vascular, Cancer, Other Disease (Pathology) | P26.2 - Lung Infections - Pathology Review and Study Supplement",Pathology,"P26.2 (p.7) names the four classic pathologic phases of lobar pneumonia; this diagram depicts congestion and red hepatization, the first two named stages"
291,41a132a8f0667219e183afd91599f4e5d976dd8930dbc81090f25c996438eb70,P414 Four Lobar Stages.png,/Users/chriselwell/Desktop/Pulm/Pulm Pictures/P414 Four Lobar Stages.png,"P26 - Diseases of the Respiratory Tract - Part 3 - Vascular, Cancer, Other Disease (Pathology) | P26.2 - Lung Infections - Pathology Review and Study Supplement",Pathology,"P26.2 (p.7) names the four classic pathologic phases of lobar pneumonia; this companion diagram depicts gray hepatization and resolution, the remaining two named stages"
292,3a9a89a8cf83e07e0745be031e3b0dc441ef442cfd5eb3459c1dda6d9470503a,P441 Influenza Virus.png,/Users/chriselwell/Desktop/Pulm/Pulm Pictures/P441 Influenza Virus.png,P15 - Approach to the Patient with Respiratory Disease and Pulmonary Preventative Care,influenza | respiratory virus | vaccination,Clear virion image anchors the acute-influenza case and vaccine-preventable illness section.
293,d1bbc3278e88d298c23667283b7753b3fdcd97126cfcd1148a598b6ebbed1af0,P443 CMV.png,/Users/chriselwell/Desktop/Pulm/Pulm Pictures/P443 CMV.png,"P26 - Diseases of the Respiratory Tract - Part 3 - Vascular, Cancer, Other Disease (Pathology) | P26.2 - Lung Infections - Pathology Review and Study Supplement",Pathology | Diagnostics,P26.2 (p.15) explicitly names CMV and adenovirus as viruses producing characteristic nuclear inclusions aiding diagnosis; this histology shows the classic CMV owl-eye intranuclear inclusion
294,db9ea742cefce5f09664ff86498ac20fb971228f05ac8444e2d1c5f6cd4620a4,P444 RSV - Respiratory Syncytial Virus.png,/Users/chriselwell/Desktop/Pulm/Pulm Pictures/P444 RSV - Respiratory Syncytial Virus.png,P15 - Approach to the Patient with Respiratory Disease and Pulmonary Preventative Care,RSV | bronchiolitis | vaccination,Illustrates RSV infection and bronchiolitis relevant to vaccine-preventable respiratory disease.
295,302b041d57f2ac8a38217583f84d48c7ab2fd6dfda3cb11d3125df10c4e12cbd,P449 Klebsiella Pneumonia.png,/Users/chriselwell/Desktop/Pulm/Pulm Pictures/P449 Klebsiella Pneumonia.png,P28 - Microbiology of Pneumonia - Bacterial Infections,Microbiology | Diagnostics,Provides a verified lecture-aligned visual anchor for P449 Klebsiella Pneumonia
296,eda44dd65349287adaa8083724da27aac55fc53095380a85f63e39d8ab71a432,P450 Lung Abscess.png,/Users/chriselwell/Desktop/Pulm/Pulm Pictures/P450 Lung Abscess.png,P26.2 - Lung Infections - Pathology Review and Study Supplement | P27 - Radiology of Pulmonary Infections and Lung Cancer | P27.2 - Chest X-Ray Final Review | P31 - Review of Pneumonia - Pathology and Pharmacology,lung abscess | cavitation | pneumonia complication,Demonstrates a cavitary lung abscess as a complication and differential of pneumonia.
297,816e32dc2f96396ad835a17e612fc85821c7287c440ba6396a3aa4fd54d7bb5e,P472 Transudate Vs. Exudate - Diagnosis.png,/Users/chriselwell/Desktop/Pulm/Pulm Pictures/P472 Transudate Vs. Exudate - Diagnosis.png,P15 - Approach to the Patient with Respiratory Disease and Pulmonary Preventative Care | P31 - Review of Pneumonia - Pathology and Pharmacology,pleural fluid analysis | Light criteria | thoracentesis,Pleural-fluid diagnostic algorithm reinforces classification after thoracentesis.
298,67cfd6f95d63fd19331650d515621f7add2d18860154cd6d2ab81619c1ca228e,P473 Thoracentesis.png,/Users/chriselwell/Desktop/Pulm/Pulm Pictures/P473 Thoracentesis.png,P14 - Introduction to Pulmonary Pathophysiology | P15 - Approach to the Patient with Respiratory Disease and Pulmonary Preventative Care | P31 - Review of Pneumonia - Pathology and Pharmacology,thoracentesis | pleural fluid | diagnostic procedure,Shows patient positioning and needle trajectory for thoracentesis.
299,eaa668a26d9c77818377f0844d6e98d4c4dee3c7874f29a91464f12459b676a1,P489 Squamous Cell Carcinoma.png,/Users/chriselwell/Desktop/Pulm/Pulm Pictures/P489 Squamous Cell Carcinoma.png,P14 - Introduction to Pulmonary Pathophysiology,squamous cell carcinoma | keratin pearl | histology,Keratin pearl histology supports recognition of pulmonary squamous cell carcinoma.
300,6323b2eb6b11e76000f9619704f5727e6ad8dc2b73f3813b91d8a288db8e339c,P490 Adenocarcinoma.png,/Users/chriselwell/Desktop/Pulm/Pulm Pictures/P490 Adenocarcinoma.png,P14 - Introduction to Pulmonary Pathophysiology,adenocarcinoma | gland formation | histology,Gland-forming histology supports recognition of pulmonary adenocarcinoma.
301,0ed0c9bac2d728f6a28d44bd5726faf6e3c34223348022d64bc22a4700b5c833,P495 Carcinoid Tumor.png,/Users/chriselwell/Desktop/Pulm/Pulm Pictures/P495 Carcinoid Tumor.png,P14 - Introduction to Pulmonary Pathophysiology,carcinoid tumor | neuroendocrine tumor | histology,Chromogranin-positive neuroendocrine staining illustrates pulmonary carcinoid tumor.
302,be8dfa13e2a99a921c8b1c2b4d9f8ce6faf51c2c84b447f2a152c5a5779a7c83,P503 Metastatic Lung Cancer.png,/Users/chriselwell/Desktop/Pulm/Pulm Pictures/P503 Metastatic Lung Cancer.png,P27 - Radiology of Pulmonary Infections and Lung Cancer | P27.2 - Chest X-Ray Final Review,Diagnostics | Pathology,"P27.2's 74yo M case (bowel cancer, weight loss, anemia) shows multiple dense opacities of varying size scattered through both lung fields from hematogenous metastases; this axial CT shows the classic bilateral rounded 'cannonball' metastasis pattern the lecture uses to teach hematogenous spread, distinct from the primary/central cancer images already selected."
303,737b7aef717e90e5d29d912928d203ac981167ee8aec6f6fc5d916fabda45ed2,P513 Central Sleep Apnea.png,/Users/chriselwell/Desktop/Pulm/Pulm Pictures/P513 Central Sleep Apnea.png,P21 - Overview of Sleep Disorders,CSA | Cheyne-Stokes | heart failure,Waveform illustrates crescendo-decrescendo Cheyne-Stokes periodic breathing.
304,8e47e2ed1fd3f5d08a8eb935ea0b5f9af896634b0bca554953aa0aebe58cb558,P514 Central Sleep Apnea - Treatment.png,/Users/chriselwell/Desktop/Pulm/Pulm Pictures/P514 Central Sleep Apnea - Treatment.png,P21 - Overview of Sleep Disorders,positive airway pressure | sleep apnea treatment,Photograph provides a clear study image of positive-airway-pressure therapy.
305,8698a88dc4021c287a8e1bbccb25bbb0ca2606fb720be5b70c201b4b87ff84c1,P515 Obstructive Sleep Apnea.png,/Users/chriselwell/Desktop/Pulm/Pulm Pictures/P515 Obstructive Sleep Apnea.png,P21 - Overview of Sleep Disorders,OSA | airway collapse,Open-versus-obstructed pharyngeal diagram reinforces the airway mechanism.
306,6750e2b91150512edee5b880cf01f82aaab45e7010eb609aadba58e4d3df7dbb,P518 Sleep Apnea - Diagnosis.png,/Users/chriselwell/Desktop/Pulm/Pulm Pictures/P518 Sleep Apnea - Diagnosis.png,P21 - Overview of Sleep Disorders,polysomnography | diagnosis,Illustration depicts laboratory polysomnography and multichannel monitoring.
307,1cbf8b20a70fefbb1573c83e25dd0385b032e1c168b7f7ec61dba544909565a3,P523 CFTR - Cystic Fibrosis Transmembrane Regulator.png,/Users/chriselwell/Desktop/Pulm/Pulm Pictures/P523 CFTR - Cystic Fibrosis Transmembrane Regulator.png,P38 - Mystery Illness Review Session - Interactive Workshop,CFTR | ion transport,Membrane-channel diagram places CFTR within epithelial ion transport.
308,a680c94e2bb0a5ba1a7f2a63319ad2c27c06c8e45937a651f297a22b75fb9616,P527 Cystic Fibrosis - Pathophysiology.png,/Users/chriselwell/Desktop/Pulm/Pulm Pictures/P527 Cystic Fibrosis - Pathophysiology.png,P38 - Mystery Illness Review Session - Interactive Workshop,CF | bronchiectasis | mucus,Airway cross-sections compare normal clearance with dilated mucus-obstructed CF airways.
309,f9ea981256cf9467df331e34d50eac777d3865a8329d4535ce8df51ea710b0f3,P552 Mycobacterium Tuberculosis - Transmission.png,/Users/chriselwell/Desktop/Pulm/Pulm Pictures/P552 Mycobacterium Tuberculosis - Transmission.png,P15 - Approach to the Patient with Respiratory Disease and Pulmonary Preventative Care,tuberculosis | airborne transmission | prevention,Diagram illustrates airborne transmission of Mycobacterium tuberculosis.
310,2249ab456e099b3a14facc1385b284dd836ec4ba07e6e63f8cd79a19166b725b,P557 Granulomas.png,/Users/chriselwell/Desktop/Pulm/Pulm Pictures/P557 Granulomas.png,"P26 - Diseases of the Respiratory Tract - Part 3 - Vascular, Cancer, Other Disease (Pathology)",Pathology,"P26.2 (p.17-18) dedicates two slides to the anatomy of a necrotizing granuloma (central caseous necrosis, epithelioid macrophage rim, lymphoid collar); this high-resolution histology clearly shows all of those labeled zones"
311,2496a2a23ae8e6564b89e0de1e0f4cc1ba3138ca52577238e97c42429c2c8c16,P559 Ghon Foci 02.png,/Users/chriselwell/Desktop/Pulm/Pulm Pictures/P559 Ghon Foci 02.png,"P26 - Diseases of the Respiratory Tract - Part 3 - Vascular, Cancer, Other Disease (Pathology)",Pathology | Diagnostics,P26.2 (p.16) teaches the pathogenesis of the Ghon complex/Ghon focus with a labeled chest radiograph; this is a clearly arrow-labeled Ghon focus CXR matching that specific teaching point
312,6dc164e4923e7d5fd154b69aebed463719a9e1144ca6b0017327f311b7157761,P570 Tuberculin Skin Testing - TST.png,/Users/chriselwell/Desktop/Pulm/Pulm Pictures/P570 Tuberculin Skin Testing - TST.png,P15 - Approach to the Patient with Respiratory Disease and Pulmonary Preventative Care,tuberculin skin test | latent tuberculosis infection | induration,Clinical photograph demonstrates positive induration after tuberculin skin testing.
313,3e40567fe095240112ced94df29117a333fa8906724b44bb9fc5eddf0bce2c49,P606 D-Dimer.png,/Users/chriselwell/Desktop/Pulm/Pulm Pictures/P606 D-Dimer.png,P13 - Pulmonary Problem Solving Exercise Part 1,D-dimer | pulmonary embolism | biomarker,Illustrates D-dimer as a fibrin-degradation product used in low/intermediate-risk pulmonary-embolism evaluation.
314,ba9e983c8d1b45add1136a6c87343ae2f7c1281bb020d755d9830a9b6657c7e7,P613 Pulmonary Embolism - Diagnosis CT Angiogram.png,/Users/chriselwell/Desktop/Pulm/Pulm Pictures/P613 Pulmonary Embolism - Diagnosis CT Angiogram.png,P10 - Physiology Six-Case Workshop | P39 - Clinical Pathology & Imaging - Interactive Workshop,Pulmonary Embolism Diagnosis CT Angiogram,Visually verified course-aligned reference for Physiology Six-Case Workshop: Pulmonary Embolism Diagnosis CT Angiogram.
315,a31bc36f4ce3b5aeb3d603535b05d8df1636bda8459c25f526e5e4a190cd46fd,Paracoccidioidomycosis Histology.png,/Users/chriselwell/Desktop/Pulm/Pulm Pictures/Paracoccidioidomycosis Histology.png,P30 - Microbiology of Pneumonia - Fungal Infections,Pathology | Microbiology | Pharmacology,Provides a verified lecture-aligned visual anchor for Paracoccidioidomycosis Histology
316,9bdcccc9adf10dd5d0f214ccd18d66b3330036b407e2a2ed6fdf4a3b2ed0db2d,Parapneumonic-Effusion.jpg,/Users/chriselwell/Desktop/Pulm/Pulm Pictures/Parapneumonic-Effusion.jpg,P31 - Review of Pneumonia - Pathology and Pharmacology,parapneumonic effusion | CT | X-ray,Shows pneumonia complicated by pleural fluid on radiograph and CT.
317,e5ef76afe205d4c6bd09ccaf6e1ed39c4f9d94207d53095840dd764da7800a64,Pathogenesis-of-Asthma.jpg,/Users/chriselwell/Desktop/Pulm/Pulm Pictures/Pathogenesis-of-Asthma.jpg,P34 - Respiratory Medicine Clinical Case Studies - Obstructive Diseases (Pathophysiology),asthma | type 2 inflammation | late phase,Early- and late-phase allergic asthma pathway with mast cells and eosinophils.
318,701fb0cd079048eaabdca70addcd83abeaf0d76dc066c9a49396e9910b5e1306,pathogenesis-of-bronchiectasis.jpg,/Users/chriselwell/Desktop/Pulm/Pulm Pictures/pathogenesis-of-bronchiectasis.jpg,P14 - Introduction to Pulmonary Pathophysiology | P16 - Mystery Illness Review Video | P19 - Obstructive Diseases and Airway Diseases,bronchiectasis | airway inflammation | infection,Depicts the infection-inflammation-airway damage cycle that drives bronchiectasis.
319,fd4dc9f8d65de5076ba9341d9e16d532ae3e00e4c003039403556d66f56bc70e,Pathogenesis-of-Pulmonary-Arterial-Hypertension.png,/Users/chriselwell/Desktop/Pulm/Pulm Pictures/Pathogenesis-of-Pulmonary-Arterial-Hypertension.png,P32 - Pulmonary Hypertension - A Clinical Reasoning Approach,PAH | vascular remodeling | pathogenesis,Diagram of progressive medial/intimal remodeling through complex plexiform disease.
320,944799f8eda59906be55c48a26e3ce1c4f6726e9877025f0b9dff813a1507c1e,Pathological-Breathing-Patterns-Table.png,/Users/chriselwell/Desktop/Pulm/Pulm Pictures/Pathological-Breathing-Patterns-Table.png,P8 - Control of Ventilation,Pathological Breathing Patterns Table,Visually verified course-aligned reference for Control of Ventilation: Pathological Breathing Patterns Table.
321,81f84043b899e658ae5a88cae3f57645293e32225574eade55a7c88673012bc3,Pathophysiology of acute respiratory distress syndrome (ARDS).jpg,/Users/chriselwell/Desktop/Pulm/Pulm Pictures/Pathophysiology of acute respiratory distress syndrome (ARDS).jpg,P14 - Introduction to Pulmonary Pathophysiology | P17 - Introduction to Respiratory Pathophysiology | P35 - Acute Respiratory Failure | P39 - Clinical Pathology & Imaging - Interactive Workshop,ARDS | diffuse alveolar damage | hyaline membranes,Sequential diagram shows progression from epithelial injury to diffuse alveolar damage and hyaline membranes.
322,93a3ca749d14089a0d2902c4c83b5839e0c50c184b86c7049c334aacd28d07a0,Peak-Flow-Meter-PersonalBest-with-Zone-Markers.jpg,/Users/chriselwell/Desktop/Pulm/Pulm Pictures/P37 - Advanced Spirometry Review - Interactive Workshop/Web Sources/Peak-Flow-Meter-PersonalBest-with-Zone-Markers.jpg,Pulmonary - Comprehensive Study Guide,P34 | P37 | asthma monitoring | peak flow meter,Clinical photograph identifies a home peak-flow meter and its action-zone markers.
323,b870305050dcb1ee6e969dc1d6e63af14ad887b9c17ccb423e944aeb24ecba88,Perfusion-vs-Diffusion-Limited-Gas-Uptake.png,/Users/chriselwell/Desktop/Pulm/Pulm Pictures/Perfusion-vs-Diffusion-Limited-Gas-Uptake.png,"P6 - Gas Exchange, Part 1 - Pressures, Diffusion and Transport | P9 - Pulmonary Physiology Review",Perfusion vs Diffusion Limited Gas Uptake,"Visually verified course-aligned reference for Gas Exchange, Part 1 - Pressures, Diffusion and Transport: Perfusion vs Diffusion Limited Gas Uptake."
324,6191a9adf704cb3e471de720d096a6eabefe6f0024ad78883f55a23bf79f7c87,Perfusion-vs-Diffusion-Limited-O2-Transfer.png,/Users/chriselwell/Desktop/Pulm/Pulm Pictures/Perfusion-vs-Diffusion-Limited-O2-Transfer.png,"P6 - Gas Exchange, Part 1 - Pressures, Diffusion and Transport",Perfusion vs Diffusion Limited O2 Transfer,"Visually verified course-aligned reference for Gas Exchange, Part 1 - Pressures, Diffusion and Transport: Perfusion vs Diffusion Limited O2 Transfer."
325,ff1e14a008d1daa75426c9318a0fd2511701525381b6341454edb4c8758ecad5,Peripheral opacity (Hampton hump) from pulmonary embolism.jpg,/Users/chriselwell/Desktop/Pulm/Pulm Pictures/Peripheral opacity (Hampton hump) from pulmonary embolism.jpg,P25 - Radiology of Restrictive Lung Disease and Extras,pulmonary infarct | Hampton hump,Shows a peripheral wedge-shaped Hampton hump.
326,44e0aff1129748f900e19b4c0c63c890ad10c940847d0f76e8478d8f297c2582,Peritonsillar-Abscess.jpg,/Users/chriselwell/Desktop/Pulm/Pulm Pictures/Peritonsillar-Abscess.jpg,P33 - Otolaryngology - Upper Airway Pathology,peritonsillar abscess | uvular deviation | oropharynx,Clinical illustration of unilateral peritonsillar swelling and uvular deviation.
327,f87ab2f0a2aef184d236da38773544d6b0ecd6ec4f41ecd79b49312e333c11d7,physical-exam-findings-in-lung-disease.png,/Users/chriselwell/Desktop/Pulm/Pulm Pictures/physical-exam-findings-in-lung-disease.png,P12 - Approach to Pulmonary Abnormalities | P13 - Pulmonary Problem Solving Exercise Part 1 | P15 - Approach to the Patient with Respiratory Disease and Pulmonary Preventative Care,physical examination | differential diagnosis | asthma | COPD | pneumonia | pleural effusion | pulmonary edema | pulmonary embolism,"Comprehensive comparison of fremitus, percussion, breath sounds, and tracheal deviation across major pulmonary disorders."
328,2bd79a4c4c90c3bcc7b9acc4cd1606e4627afa319cb3f83e748bb4021ed17e3e,Physiological Lung Volumes.jpg,/Users/chriselwell/Desktop/Pulm/Pulm Pictures/Physiological Lung Volumes.jpg,P2 - Structure and Volumes,Physiological Lung Volumes,Visually verified course-aligned reference for Structure and Volumes: Physiological Lung Volumes.
329,93c78bf657c2e84cbde8b268e24f96f1c0f79282d56f53dbb7baf558180d723c,Pleural effusion and passive atelectasis.jpg,/Users/chriselwell/Desktop/Pulm/Pulm Pictures/Pleural effusion and passive atelectasis.jpg,P13 - Pulmonary Problem Solving Exercise Part 1 | P14 - Introduction to Pulmonary Pathophysiology | P27.2 - Chest X-Ray Final Review,pleural effusion | dyspnea | chest radiograph,Annotated radiograph demonstrating pleural fluid with adjacent passive atelectasis.
330,2b05dbef67d0547e7aea1191cfc3c4fd1e6ec359314238f97852a30ca674cc0e,Pleural-Effusion-with-Compressive-Atelectasis.png,/Users/chriselwell/Desktop/Pulm/Pulm Pictures/Pleural-Effusion-with-Compressive-Atelectasis.png,P27 - Radiology of Pulmonary Infections and Lung Cancer,Diagnostics | Pathology,Provides a verified lecture-aligned visual anchor for Pleural Effusion with Compressive Atelectasis
331,10976f7cbbe32a6dc7962de0dd5a96534decfc7103b6e73d47785412f158b4e4,Pneumocytes-and-Alveolar-Macrophage-Diagram.png,/Users/chriselwell/Desktop/Pulm/Pulm Pictures/Pneumocytes-and-Alveolar-Macrophage-Diagram.png,P1 - Histology of the Respiratory System Review | P17 - Introduction to Respiratory Pathophysiology,Pneumocytes and Alveolar Macrophage Diagram,Visually verified course-aligned reference for Histology of the Respiratory System Review: Pneumocytes and Alveolar Macrophage Diagram.
332,0f7f4da0b08a058412ef212db5a8b65df091de0146ef2094963cf3dcc3c5477d,Pneumothorax Diagram.jpeg,/Users/chriselwell/Desktop/Pulm/Pulm Pictures/Pneumothorax Diagram.jpeg,"P4 - Mechanics, Compliance and Ventilation",Pneumothorax Diagram,"Visually verified course-aligned reference for Mechanics, Compliance and Ventilation: Pneumothorax Diagram."
333,232166b68682b178e6451959ed58482c13c3c3b8e8c7ced449c947810f5c7fae,Pneumothorax X Ray.jpeg,/Users/chriselwell/Desktop/Pulm/Pulm Pictures/Pneumothorax X Ray.jpeg,P38 - Mystery Illness Review Session - Interactive Workshop,pneumothorax | CXR,Clear chest radiograph demonstrates the acute complication used in the case variation.
334,9b1b6a748dd231acfd507caa1012eee7e6daf4476519135101508857e5b686d5,pneumothorax-tpp-lung-collapse.png,/Users/chriselwell/Desktop/Pulm/Pulm Pictures/pneumothorax-tpp-lung-collapse.png,"P17 - Introduction to Respiratory Pathophysiology | P4 - Mechanics, Compliance and Ventilation",pneumothorax | transpulmonary pressure | lung collapse,Shows loss of transpulmonary pressure and passive lung collapse when air enters the pleural space.
335,8e79c8fae091d62c91e30ac853743c8c2d00a8ee3f9551291b777314e48bb9b0,Positional changes of the thorax and diaphragm during breathing.jpg,/Users/chriselwell/Desktop/Pulm/Pulm Pictures/Positional changes of the thorax and diaphragm during breathing.jpg,P12 - Approach to Pulmonary Abnormalities | P2 - Structure and Volumes,chest wall excursion | diaphragmatic excursion | breathing mechanics,Shows rib-cage expansion and diaphragmatic position through inspiration and expiration.
336,4121cd1821ad0db69d6c37d62d3b14a2b9e34ffe73b6580d27cb566860f025e0,Post-Primary Pulmonary Tuberculosis.jpg,/Users/chriselwell/Desktop/Pulm/Pulm Pictures/Post-Primary Pulmonary Tuberculosis.jpg,"P26 - Diseases of the Respiratory Tract - Part 3 - Vascular, Cancer, Other Disease (Pathology) | P26.2 - Lung Infections - Pathology Review and Study Supplement | P27 - Radiology of Pulmonary Infections and Lung Cancer | P27.2 - Chest X-Ray Final Review",Pathology | Diagnostics,"P26.2 (p.21) teaches that latent organisms may reactivate, causing destructive secondary TB findings on CXR; this labeled radiograph shows cavitation and calcified nodules characteristic of post-primary (reactivation) TB"
337,af566217c76a4da00362a28aea25e6cc44b05105f25d39471149a1334254e97e,Pressure-Volume-Loop-Hysteresis-2.png,/Users/chriselwell/Desktop/Pulm/Pulm Pictures/Pressure-Volume-Loop-Hysteresis-2.png,"P4 - Mechanics, Compliance and Ventilation",Pressure Volume Loop Hysteresis 2,"Visually verified course-aligned reference for Mechanics, Compliance and Ventilation: Pressure Volume Loop Hysteresis 2."
338,83f541a01fcbc62874c7e198c73847026b61b97f9e1d4ebcd67f433b4600efa0,Pseudomonas Aeruginosa Overview.png,/Users/chriselwell/Desktop/Pulm/Pulm Pictures/Pseudomonas Aeruginosa Overview.png,P28 - Microbiology of Pneumonia - Bacterial Infections | P38 - Mystery Illness Review Session - Interactive Workshop,Microbiology | Diagnostics,Provides a verified lecture-aligned visual anchor for Pseudomonas Aeruginosa Overview
339,8aa3ba41051108d69893de5c51ffb146a302b276c66688040001a9ec3ff8191b,Pulmonary Aspergillosis with Air Crescent Sign.jpg,/Users/chriselwell/Desktop/Pulm/Pulm Pictures/Pulmonary Aspergillosis with Air Crescent Sign.jpg,P30 - Microbiology of Pneumonia - Fungal Infections,Pathology | Microbiology | Pharmacology,Provides a verified lecture-aligned visual anchor for Pulmonary Aspergillosis with Air Crescent Sign
340,41a4c48afa41b1c3e084024c63d439d0efd49fd06f4828e35b8ed2bc86447bc6,Pulmonary Circulation.png,/Users/chriselwell/Desktop/Pulm/Pulm Pictures/Pulmonary Circulation.png,P3 - Airway and Vascular Flow,Pulmonary Circulation,Visually verified course-aligned reference for Airway and Vascular Flow: Pulmonary Circulation.
341,f9f73dec392e27e7fb4e21adda17aa1b42f04f0b3542b88d1adc7c01c3e14ab0,Pulmonary edema X Ray.png,/Users/chriselwell/Desktop/Pulm/Pulm Pictures/Pulmonary edema X Ray.png,P18 - Basic Interpretation of Chest X-Ray | P25 - Radiology of Restrictive Lung Disease and Extras,cardiogenic pulmonary edema | chest radiograph,Shows diffuse cardiogenic pulmonary edema with an enlarged cardiac silhouette.
342,f30ca261b7eeae0f99db7af8595f36a645f14bb6a75af32308ba58a97a18f4c9,Pulmonary embolism CT chest.jpg,/Users/chriselwell/Desktop/Pulm/Pulm Pictures/Pulmonary embolism CT chest.jpg,P13 - Pulmonary Problem Solving Exercise Part 1 | P14 - Introduction to Pulmonary Pathophysiology | P25 - Radiology of Restrictive Lung Disease and Extras | Pulmonary - Comprehensive Study Guide,pulmonary embolism | CT pulmonary angiography | acute dyspnea,Annotated CT pulmonary angiogram with highlighted pulmonary-artery filling defect.
343,e5bd865858c6c0f43c063d146bd9c0250107f0c4cf24fd1826cf0acd203197b4,Pulmonary embolism- thrombus formation and embolization.jpg,/Users/chriselwell/Desktop/Pulm/Pulm Pictures/Pulmonary embolism- thrombus formation and embolization.jpg,P15 - Approach to the Patient with Respiratory Disease and Pulmonary Preventative Care,DVT | pulmonary embolism | embolization,Diagram follows a lower-extremity thrombus through the right heart to the pulmonary circulation.
344,ddbc474a999829aeb2e6aaf575a2af16c66b189cae275749619bd81bfc3ea995,Pulmonary function test.png,/Users/chriselwell/Desktop/Pulm/Pulm Pictures/Pulmonary function test.png,P13 - Pulmonary Problem Solving Exercise Part 1 | P15 - Approach to the Patient with Respiratory Disease and Pulmonary Preventative Care,pulmonary function testing | lung volumes | spirometry,Introduces lung volumes and the recorded spirogram used in basic pulmonary evaluation.
345,bb03ef657de5e8a419650e29cfbd6ec384ef53bc7ea0bef2a2b46eb1c6bb137c,Pulmonary Hyperinflation with Pulmonary Hypertension.jpg,/Users/chriselwell/Desktop/Pulm/Pulm Pictures/Pulmonary Hyperinflation with Pulmonary Hypertension.jpg,P34 - Respiratory Medicine Clinical Case Studies - Obstructive Diseases (Pathophysiology),COPD | hyperinflation | pulmonary hypertension,PA radiograph links hyperinflation with enlarged central pulmonary arteries/right-heart consequences.
346,cb2951109e6374a72f06067d99ff93510e6951060dd20690e852a1a8209fcc3e,Pulmonary Hypertension (1:2).jpg,/Users/chriselwell/Desktop/Pulm/Pulm Pictures/Pulmonary Hypertension (1:2).jpg,P32 - Pulmonary Hypertension - A Clinical Reasoning Approach,pulmonary hypertension | X-ray,PA chest radiograph showing enlarged central pulmonary arteries and pruning.
347,863933e4379b8199565c33208b13c8c60cbfda54bdf32c79022ca4744190f41c,Pulmonary Hypertension (2:2).jpg,/Users/chriselwell/Desktop/Pulm/Pulm Pictures/Pulmonary Hypertension (2:2).jpg,P32 - Pulmonary Hypertension - A Clinical Reasoning Approach,pulmonary hypertension | X-ray,Lateral chest radiograph showing pulmonary artery enlargement and right-heart contour.
348,5c87a02902cfbed2056ad78c847332f9c10a7bc9732f90cd96939351a0798df1,Pulmonary Nodules.jpg,/Users/chriselwell/Desktop/Pulm/Pulm Pictures/Pulmonary Nodules.jpg,P17 - Introduction to Respiratory Pathophysiology,nodular pattern | pulmonary nodules | chest radiograph,Radiograph demonstrates a multifocal nodular pulmonary pattern.
349,06e691468ce0ca75be70028b609ea64cc35c7fb8e13ba6772755977ebf663c09,Pulmonary Saddle Thromboembolus.jpg,/Users/chriselwell/Desktop/Pulm/Pulm Pictures/Pulmonary Saddle Thromboembolus.jpg,"P26 - Diseases of the Respiratory Tract - Part 3 - Vascular, Cancer, Other Disease (Pathology) | P39 - Clinical Pathology & Imaging - Interactive Workshop",Pathology | Diagnostics,Provides a verified lecture-aligned visual anchor for Pulmonary Saddle Thromboembolus
350,1efef95360328e9aa260bb92d9acadf4ea25b5eb5a60f5d4bdea393cf8ca1477,Pulmonary-Alveolus-Alveolar-Macrophages-Histology.png,/Users/chriselwell/Desktop/Pulm/Pulm Pictures/Pulmonary-Alveolus-Alveolar-Macrophages-Histology.png,P1 - Histology of the Respiratory System Review | P17 - Introduction to Respiratory Pathophysiology,Pulmonary Alveolus Alveolar Macrophages Histology,Visually verified course-aligned reference for Histology of the Respiratory System Review: Pulmonary Alveolus Alveolar Macrophages Histology.
351,0ceb3953f2cd614b406e880ec46841d417a93ded76bda46f1ce1733e666d0632,Pulmonary-Alveolus-Electron-Micrograph.png,/Users/chriselwell/Desktop/Pulm/Pulm Pictures/Pulmonary-Alveolus-Electron-Micrograph.png,P1 - Histology of the Respiratory System Review | P17 - Introduction to Respiratory Pathophysiology,Pulmonary Alveolus Electron Micrograph,Visually verified course-aligned reference for Histology of the Respiratory System Review: Pulmonary Alveolus Electron Micrograph.
352,85b06c925b6365e44ab0184717d72d3ffde9ea83036d3c0ab071e545b9803b87,Pulmonary-Embolism-Vq-Mismatch.png,/Users/chriselwell/Desktop/Pulm/Pulm Pictures/Pulmonary-Embolism-Vq-Mismatch.png,P10 - Physiology Six-Case Workshop,Pulmonary Embolism Vq Mismatch,Visually verified course-aligned reference for Physiology Six-Case Workshop: Pulmonary Embolism Vq Mismatch.
353,7c273ba22d44009ef970677b8de0a6fcf88e628a1a17e328af323e604b7b849e,Pulmonary-Function-Testing-Fev1-Fvc.png,/Users/chriselwell/Desktop/Pulm/Pulm Pictures/Pulmonary-Function-Testing-Fev1-Fvc.png,"P11 - Physiology Practice Question Review | P5 - Spirometry, Obstructive and Restrictive Pulmonary Diseases",Pulmonary Function Testing Fev1 Fvc,Visually verified course-aligned reference for Physiology Practice Question Review: Pulmonary Function Testing Fev1 Fvc.
354,2b21269a8a6b9cc09f8ed1a21e6ab24353ea396610e3c3fcd9ddcedddcb8a3f5,Pulmonary-Hypertension-Drugs.png,/Users/chriselwell/Desktop/Pulm/Pulm Pictures/Pulmonary-Hypertension-Drugs.png,P32 - Pulmonary Hypertension - A Clinical Reasoning Approach,PAH therapy | pharmacology,Summarizes the major PAH therapeutic pathways and representative classes.
355,69b4ef98fdfabb8eb42402a6b9102f0db278e4b9d6cd504344d9751410edf027,pulmonary-interstitial-edema.png,/Users/chriselwell/Desktop/Pulm/Pulm Pictures/pulmonary-interstitial-edema.png,P18 - Basic Interpretation of Chest X-Ray | P25 - Radiology of Restrictive Lung Disease and Extras,pulmonary interstitial edema | Kerley B lines,Labels Kerley B lines and perihilar interstitial thickening from pulmonary edema.
356,d257a041977aadc59cf19cc8e667e3a2396016b1e6ac32de91715ba3ece9db07,Pulmonary-sequestration-systemic-feeding-artery-annotated-CT-Hellerhoff.jpg,/Users/chriselwell/Desktop/Pulm/Pulm Pictures/P36 - Pulmonary Developmental Anomalies/Web Sources/Pulmonary-sequestration-systemic-feeding-artery-annotated-CT-Hellerhoff.jpg,Pulmonary - Comprehensive Study Guide,P36 | pulmonary sequestration | systemic feeding artery | CT angiography,CT and 3D angiographic views demonstrate systemic arterial supply to pulmonary sequestration.
357,d879c6bfb71bc2bde3fa30cd2b93f02309de3f6f3fa4fb8974464197a684f7ae,Pulmonary-Vascular-Resistance-Notes.png,/Users/chriselwell/Desktop/Pulm/Pulm Pictures/Pulmonary-Vascular-Resistance-Notes.png,P3 - Airway and Vascular Flow | P9 - Pulmonary Physiology Review,Pulmonary Vascular Resistance Notes,Visually verified course-aligned reference for Airway and Vascular Flow: Pulmonary Vascular Resistance Notes.
358,98356832ee68900d487389e3545837af4b9d833fddeed58fbb289e083c9c37b1,radial-traction-in-emphysema-vs-pulmonary-fibrosis.jpg,/Users/chriselwell/Desktop/Pulm/Pulm Pictures/radial-traction-in-emphysema-vs-pulmonary-fibrosis.jpg,"P17 - Introduction to Respiratory Pathophysiology | P5 - Spirometry, Obstructive and Restrictive Pulmonary Diseases",alveolar interdependence | radial traction | emphysema | pulmonary fibrosis,Compares normal airway tethering with reduced radial traction in emphysema and increased traction in fibrosis.
359,e47322c036b8f7c0d9103bc3d0cfd0871fe78cec01991d5b3afa618b91da7f9f,Rates-of-Bacterial-Colonization-in-Cystic-Fibrosis-Based-on-Age.png,/Users/chriselwell/Desktop/Pulm/Pulm Pictures/Rates-of-Bacterial-Colonization-in-Cystic-Fibrosis-Based-on-Age.png,P38 - Mystery Illness Review Session - Interactive Workshop,CF microbiology | colonization,Age-dependent colonization graph contextualizes Pseudomonas and Burkholderia in CF.
360,dbc00862ab53ae360f26b38d4b03910b0221bc9047eada3cc0322706042546ab,Residual-Volume-and-Total-Lung-Capacity-in-Copd.jpg,/Users/chriselwell/Desktop/Pulm/Pulm Pictures/Residual-Volume-and-Total-Lung-Capacity-in-Copd.jpg,P34 - Respiratory Medicine Clinical Case Studies - Obstructive Diseases (Pathophysiology),COPD | residual volume | air trapping,Visualizes RV/TLC air trapping and hyperinflation in COPD.
361,0fa9f61de3fb7a0db10d36747747eae3071c21ffcf97e7aa7d90737ad8044e3a,Respiratory-Epithelium-Cell-Types.png,/Users/chriselwell/Desktop/Pulm/Pulm Pictures/Respiratory-Epithelium-Cell-Types.png,P1 - Histology of the Respiratory System Review | P17 - Introduction to Respiratory Pathophysiology,Respiratory Epithelium Cell Types,Visually verified course-aligned reference for Histology of the Respiratory System Review: Respiratory Epithelium Cell Types.
362,ee80935cea46aaedaa1ee01d2738de1ca914048ac2072cfafd786cf0211b4077,Respiratory-Epithelium-Mucosal-Cells-Histology.png,/Users/chriselwell/Desktop/Pulm/Pulm Pictures/Respiratory-Epithelium-Mucosal-Cells-Histology.png,P1 - Histology of the Respiratory System Review,Respiratory Epithelium Mucosal Cells Histology,Visually verified course-aligned reference for Histology of the Respiratory System Review: Respiratory Epithelium Mucosal Cells Histology.
363,0289b8b26cbe3d587f16cfdf1387636b6c272f1969e7987f4ee21b8edeacdf34,Respiratory-Epithelium-Trachea-Goblet-Cells.png,/Users/chriselwell/Desktop/Pulm/Pulm Pictures/Respiratory-Epithelium-Trachea-Goblet-Cells.png,P1 - Histology of the Respiratory System Review,Respiratory Epithelium Trachea Goblet Cells,Visually verified course-aligned reference for Histology of the Respiratory System Review: Respiratory Epithelium Trachea Goblet Cells.
364,30a14b3c57df27f6e6099192363d36e432e6d4b952b1adde7d4a708e9114df13,Restrictive Lung Disease Classification.png,/Users/chriselwell/Desktop/Pulm/Pulm Pictures/Restrictive Lung Disease Classification.png,P25 - Radiology of Restrictive Lung Disease and Extras,restriction | DLCO,Separates parenchymal from extrinsic restriction using DLCO.
365,5ce9b49023ac15ae45cd9f6e350ec1eb807e841b06ab01e1f24fe5aa6e112384,Restrictive-vs-Obstructive-Work-Rr-Tv-Table.png,/Users/chriselwell/Desktop/Pulm/Pulm Pictures/Restrictive-vs-Obstructive-Work-Rr-Tv-Table.png,"P5 - Spirometry, Obstructive and Restrictive Pulmonary Diseases",Restrictive vs Obstructive Work Rr Tv Table,"Visually verified course-aligned reference for Spirometry, Obstructive and Restrictive Pulmonary Diseases: Restrictive vs Obstructive Work Rr Tv Table."
366,a00e8e3cee8eb462ec74a6b56d2d75905c232f7383fb4617ca2f3cd9128b7229,reversible-obstruction-on-spirometry-in-patients-with-asthma.png,/Users/chriselwell/Desktop/Pulm/Pulm Pictures/reversible-obstruction-on-spirometry-in-patients-with-asthma.png,P15 - Approach to the Patient with Respiratory Disease and Pulmonary Preventative Care | P34 - Respiratory Medicine Clinical Case Studies - Obstructive Diseases (Pathophysiology) | P37 - Advanced Spirometry Review - Interactive Workshop | Pulmonary - Comprehensive Study Guide,asthma | spirometry | bronchodilator response,Flow-volume loops show bronchodilator reversibility in asthma.
367,9eefa71977ee014335cc10717cd7aa1d68f8bd6fe4a028476e3b13cccc71023f,Rhinosinusitis.png,/Users/chriselwell/Desktop/Pulm/Pulm Pictures/Rhinosinusitis.png,P33 - Otolaryngology - Upper Airway Pathology,sinusitis | orbital complication | CT,"Coronal CT example of sinusitis adjacent to the orbit, reinforcing orbital-complication anatomy."
368,8011fb7df02897c79b663c1cf764ac667dfde2a2209b2264906be0dbbbdd399b,Rhinovirus Overview.png,/Users/chriselwell/Desktop/Pulm/Pulm Pictures/Rhinovirus Overview.png,P29 - Microbiology of Pneumonia - Viral Infections of the Respiratory Tract,Microbiology | Clinical,Provides a verified lecture-aligned visual anchor for Rhinovirus Overview
369,6275204f106f3d4018ad854a2eec6c6983127006362767846d4da730e0ca6241,Right Diaphragmatic Hernia with Enterothorax.jpg,/Users/chriselwell/Desktop/Pulm/Pulm Pictures/Right Diaphragmatic Hernia with Enterothorax.jpg,P36 - Pulmonary Developmental Anomalies,right diaphragmatic hernia | enterothorax | chest radiograph,Radiograph supplies a complementary right-sided enterothorax example rather than only the usual left Bochdalek pattern.
370,8a2678b1a7aedeb1a294f43e7604741b1c6f026e03d69da26ec1898faee309e4,right-pleural-effusion-percussion.png,/Users/chriselwell/Desktop/Pulm/Pulm Pictures/right-pleural-effusion-percussion.png,P12 - Approach to Pulmonary Abnormalities | P15 - Approach to the Patient with Respiratory Disease and Pulmonary Preventative Care,percussion | auscultation | pleural effusion,Maps posterior pleural fluid to dull percussion and reduced breath sounds.
371,9dade216442e055ea3b03034ba932e3969be6bed47016139b05b271687f813a1,Right-Upper-Lobe-Lung-Mass-Ct.jpg,/Users/chriselwell/Desktop/Pulm/Pulm Pictures/Right-Upper-Lobe-Lung-Mass-Ct.jpg,P27 - Radiology of Pulmonary Infections and Lung Cancer,Diagnostics | Pathology,Provides a verified lecture-aligned visual anchor for Right Upper Lobe Lung Mass Ct
372,f0e92060c7aee6cb03fb4c6b2b0b78997706b35bffda083ba249e79707574aa1,risk-factors-for-pulmonary-embolism.png,/Users/chriselwell/Desktop/Pulm/Pulm Pictures/risk-factors-for-pulmonary-embolism.png,P15 - Approach to the Patient with Respiratory Disease and Pulmonary Preventative Care,venous thromboembolism | pulmonary embolism | Virchow triad,"Virchow-triad table organizes stasis, hypercoagulability, and endothelial injury risk factors."
373,40665e6d0b715bff4b33936a73eb6599a226d3ed0ba469c706771398b0f66084,RSV.png,/Users/chriselwell/Desktop/Pulm/Pulm Pictures/RSV.png,P29 - Microbiology of Pneumonia - Viral Infections of the Respiratory Tract,Microbiology | Clinical,Provides a verified lecture-aligned visual anchor for RSV
374,ca123cb37f06ff84eab88ae1044d2a755a439d2fd2a9dc110185591106997c09,SARS-Cov-2 Entry Mechanism- Membrane Fusion.jpg,/Users/chriselwell/Desktop/Pulm/Pulm Pictures/SARS-Cov-2 Entry Mechanism- Membrane Fusion.jpg,P29 - Microbiology of Pneumonia - Viral Infections of the Respiratory Tract,Microbiology | Clinical,Provides a verified lecture-aligned visual anchor for SARS Cov 2 Entry Mechanism  Membrane Fusion
375,086ac785fe648e3c95188beab1275837ffaae57f7953affe3171bebd1dbcf4ef,scoliosis-and-chest-wall-mechanics.png,/Users/chriselwell/Desktop/Pulm/Pulm Pictures/scoliosis-and-chest-wall-mechanics.png,P25 - Radiology of Restrictive Lung Disease and Extras,scoliosis | extrinsic restriction,Shows how scoliosis alters chest-wall mechanics.
376,a07d7cfa46394a3fc161e0bc32e2a5e0a8db6956ed10033890956f62f98bd4ec,Selection-of-Initial-Bronchodilator-for-Stable-Copd.png,/Users/chriselwell/Desktop/Pulm/Pulm Pictures/Selection-of-Initial-Bronchodilator-for-Stable-Copd.png,P34 - Respiratory Medicine Clinical Case Studies - Obstructive Diseases (Pathophysiology),COPD | ABE groups | initial treatment,ABE-style symptom/exacerbation axes reinforce why spirometric grade alone does not select treatment.
377,3e04e87019b969cb9e0554721e20fee28f09c42d684dcbab1c9c21efcc37cbd5,Shunt-Worked-Example-Severe-Hypoxemia.png,/Users/chriselwell/Desktop/Pulm/Pulm Pictures/Shunt-Worked-Example-Severe-Hypoxemia.png,"P35 - Acute Respiratory Failure | P7 - Gas Exchange, Part 2 - Causes of Hypoxemia",shunt | refractory hypoxemia | supplemental oxygen,Worked shunt example explains severe hypoxemia that responds poorly to supplemental oxygen.
378,736c4e18e78876092ed4be29028219cd488832132e84faeec6fea0b5d716fc79,Shunting-Vq-Zero-Hypoxemia.png,/Users/chriselwell/Desktop/Pulm/Pulm Pictures/Shunting-Vq-Zero-Hypoxemia.png,"P10 - Physiology Six-Case Workshop | P17 - Introduction to Respiratory Pathophysiology | P7 - Gas Exchange, Part 2 - Causes of Hypoxemia",Shunting Vq Zero Hypoxemia,Visually verified course-aligned reference for Physiology Six-Case Workshop: Shunting Vq Zero Hypoxemia.
379,8fcc37036e82e11d9a5f542b8371e31e82be4dac09fcdb6c87cb5509edc20e2a,simple-pneumothorax.jpg,/Users/chriselwell/Desktop/Pulm/Pulm Pictures/simple-pneumothorax.jpg,P18 - Basic Interpretation of Chest X-Ray,simple pneumothorax | pleural pressure,Explains air entering the pleural space and loss of transpulmonary pressure without tension physiology.
380,171d15fbcb9a775a86e4ea6b774c1103feae429652cdd47f102a1d5e1d2ff566,Situs Inversus Due to Kartagener Syndrome.jpg,/Users/chriselwell/Desktop/Pulm/Pulm Pictures/Situs Inversus Due to Kartagener Syndrome.jpg,P27.2 - Chest X-Ray Final Review,situs inversus | Kartagener syndrome | CT,Demonstrates reversed thoracoabdominal organ orientation in Kartagener syndrome.
381,bc2c0c1d2690cda35995bf39070c21f2421603f8b03a4a606e469f528c9bed67,Situs inversus with dextrocardia (situs inversus totalis).jpg,/Users/chriselwell/Desktop/Pulm/Pulm Pictures/Situs inversus with dextrocardia (situs inversus totalis).jpg,P18 - Basic Interpretation of Chest X-Ray,situs inversus | dextrocardia,Shows dextrocardia with right-sided stomach bubble and reversed thoracoabdominal situs.
382,1681f8a4d37e56b64258a97befd6d043232d7256451fcb2da95d8712c10996ae,spectrum-of-ventilation-perfusion-v-q-mismatch.jpg,/Users/chriselwell/Desktop/Pulm/Pulm Pictures/spectrum-of-ventilation-perfusion-v-q-mismatch.jpg,P17 - Introduction to Respiratory Pathophysiology,V/Q mismatch | shunt | dead space,"Places normal V/Q, shunt, and dead-space physiology on a single spectrum with representative causes."
383,5433078fda80d832ff7dbdea2f2030e49702c815f5eb22c0db0729b91b15fe72,Spiculated lung mass.jpg,/Users/chriselwell/Desktop/Pulm/Pulm Pictures/Spiculated lung mass.jpg,P17 - Introduction to Respiratory Pathophysiology | P18 - Basic Interpretation of Chest X-Ray | P27 - Radiology of Pulmonary Infections and Lung Cancer | P27.2 - Chest X-Ray Final Review,lung mass | neoplasm | CT | chest radiograph,"Radiograph and CT show a spiculated pulmonary mass, illustrating the neoplastic mass pattern."
384,c1719d59da7830d9f1a0b91776fb657a531f3d2420e81068d683d0cc1a5156c5,spirometry-normal-vs-restrictive-fev1-fvc.png,/Users/chriselwell/Desktop/Pulm/Pulm Pictures/spirometry-normal-vs-restrictive-fev1-fvc.png,"P24 - Diseases of the Respiratory Tract - Part 2 - Restrictive Disease (Pathology) | P37 - Advanced Spirometry Review - Interactive Workshop | P5 - Spirometry, Obstructive and Restrictive Pulmonary Diseases",spirometry | restriction,Shows proportional FEV1 and FVC reduction in restriction.
385,d7c6312b7217cc84c7d6ca921b3af2593db30adc89a20e2c4e03228aff1b2cf2,squamous-metaplasia.png,/Users/chriselwell/Desktop/Pulm/Pulm Pictures/squamous-metaplasia.png,P17 - Introduction to Respiratory Pathophysiology,squamous metaplasia | cigarette smoke | respiratory epithelium,Depicts the progression from normal pseudostratified respiratory epithelium to squamous metaplasia and dysplasia after chronic injury.
386,d4ea48f7397a60b51e203200f483c6461400737c697fafaa527994072bbc3310,Staph Aureus.png,/Users/chriselwell/Desktop/Pulm/Pulm Pictures/Staph Aureus.png,P28 - Microbiology of Pneumonia - Bacterial Infections,Microbiology | Diagnostics,Provides a verified lecture-aligned visual anchor for Staph Aureus
387,da78d2dcf325967f83b4b368b234a8c1a637c10f1a601bb654bf7d29ad5630ac,Staphylococcus Aureus Gram Stain.png,/Users/chriselwell/Desktop/Pulm/Pulm Pictures/Staphylococcus Aureus Gram Stain.png,P28 - Microbiology of Pneumonia - Bacterial Infections,Microbiology | Diagnostics,Provides a verified lecture-aligned visual anchor for Staphylococcus Aureus Gram Stain
388,005bfda7693f41e94a9e76b312f1e40946796a7e9a8518b26827692650d86aad,step-up-strategy-for-asthma-treatment-adults.jpg,/Users/chriselwell/Desktop/Pulm/Pulm Pictures/step-up-strategy-for-asthma-treatment-adults.jpg,P22-23 - Drugs Used for Treatment of Asthma and COPD,asthma step therapy | ICS-formoterol | LAMA | biologics,"Step diagram visually reinforces escalation from inhaled corticosteroid therapy through higher-dose combination treatment, LAMA, and phenotype-directed biologics."
389,02253c4b76676824afcb6d56307b494bce3b8fdf1bf954ab217dd4831c9d5dea,Stratified-Squamous-vs-Pseudostratified-Histology.png,/Users/chriselwell/Desktop/Pulm/Pulm Pictures/Stratified-Squamous-vs-Pseudostratified-Histology.png,P1 - Histology of the Respiratory System Review,Stratified Squamous vs Pseudostratified Histology,Visually verified course-aligned reference for Histology of the Respiratory System Review: Stratified Squamous vs Pseudostratified Histology.
390,293198cbf5a3b9b7ee4e0b36b14257ac369b105a10157876f39afd9c96b3d766,Streptococcus Pneumoniae with Capsule.jpg,/Users/chriselwell/Desktop/Pulm/Pulm Pictures/Streptococcus Pneumoniae with Capsule.jpg,P28 - Microbiology of Pneumonia - Bacterial Infections | Pulmonary - Comprehensive Study Guide,Microbiology | Diagnostics,Provides a verified lecture-aligned visual anchor for Streptococcus Pneumoniae with Capsule
391,1ec4b6aef31b927bb0c1daa416ee9ffa9dc41e55dd1d129fdcff2e4ef0610bae,Surface-Anatomy-of-the-Lungs.jpg,/Users/chriselwell/Desktop/Pulm/Pulm Pictures/Surface-Anatomy-of-the-Lungs.jpg,P2 - Structure and Volumes,Surface Anatomy of the Lungs,Visually verified course-aligned reference for Structure and Volumes: Surface Anatomy of the Lungs.
392,005a1e155f4e2aa581c44afbae1b51749fe3b9b41a69559d87d442cacc9aa617,Synthesis-of-Surfactant.jpg,/Users/chriselwell/Desktop/Pulm/Pulm Pictures/Synthesis-of-Surfactant.jpg,P3 - Airway and Vascular Flow,Synthesis of Surfactant,Visually verified course-aligned reference for Airway and Vascular Flow: Synthesis of Surfactant.
393,4855e4280e7d73130c2527e4701063148e1a05fcbe9457b2a7fff00ea1ef2fad,tactile-fremitus-pneumonia-vs-pleural-effusion.png,/Users/chriselwell/Desktop/Pulm/Pulm Pictures/tactile-fremitus-pneumonia-vs-pleural-effusion.png,P12 - Approach to Pulmonary Abnormalities | P15 - Approach to the Patient with Respiratory Disease and Pulmonary Preventative Care | P31 - Review of Pneumonia - Pathology and Pharmacology,palpation | tactile fremitus | pneumonia | pleural effusion,Illustrates increased fremitus over consolidation and decreased fremitus over pleural fluid.
394,a1d1c91c134ef2b8b89f5e579cf1d61b2a29984aae8d0abb29e94d04e31fb036,tension-pneumothorax-cxr.png,/Users/chriselwell/Desktop/Pulm/Pulm Pictures/tension-pneumothorax-cxr.png,P13 - Pulmonary Problem Solving Exercise Part 1 | P14 - Introduction to Pulmonary Pathophysiology | P27 - Radiology of Pulmonary Infections and Lung Cancer,tension pneumothorax | acute dyspnea | chest radiograph,"Annotated tension-pneumothorax radiograph showing pleural air, lung collapse, and contralateral mediastinal shift."
395,8ad7dd376ed58a01ef2098162cb4a7ae26650e5de9be4c75690bd39745178f69,tension-pneumothorax-portable-chest-xray.png,/Users/chriselwell/Desktop/Pulm/Pulm Pictures/tension-pneumothorax-portable-chest-xray.png,P18 - Basic Interpretation of Chest X-Ray | P20 - Radiology of Obstructive Lung Disease,tension pneumothorax | portable radiograph,Provides labeled portable examples of a pleural line mediastinal shift and depressed hemidiaphragm.
396,eb60d1649c13183096524576d6250ae42f634a14ca8e24262304aaae5a837447,Thoracic deformities.jpg,/Users/chriselwell/Desktop/Pulm/Pulm Pictures/Thoracic deformities.jpg,P12 - Approach to Pulmonary Abnormalities,inspection | chest wall shape | thoracic deformities,"High-resolution comparison of normal, barrel chest, kyphosis, pectus carinatum, pectus excavatum, and scoliosis."
397,c30e72e95541ac3ebe659ff610212cd3da4c9e4c71c1b34b5976d96c2499ab41,Three-Major-Causes-of-Elevated-Co2.png,/Users/chriselwell/Desktop/Pulm/Pulm Pictures/Three-Major-Causes-of-Elevated-Co2.png,P35 - Acute Respiratory Failure,hypercapnia | alveolar ventilation | dead space,"Directly retrieves the lecture's three causes of rising PaCO2: production, reduced alveolar ventilation, and increased dead space."
398,e2208dc672cb364d4ca0e49e78e0aacd2157962955b719b27442aba614b625a6,Trachea-Histology-Hae-Stain-2.png,/Users/chriselwell/Desktop/Pulm/Pulm Pictures/Trachea-Histology-Hae-Stain-2.png,P1 - Histology of the Respiratory System Review,Trachea Histology Hae Stain 2,Visually verified course-aligned reference for Histology of the Respiratory System Review: Trachea Histology Hae Stain 2.
399,1fd583aec2bb3a1340e0795e68d965184230e310549cca68d38caa41b1181eb0,Tracheoesophageal-Fistula.png,/Users/chriselwell/Desktop/Pulm/Pulm Pictures/Tracheoesophageal-Fistula.png,P33 - Otolaryngology - Upper Airway Pathology,tracheoesophageal fistula | esophageal atresia | radiography,Neonatal radiographs demonstrating esophageal atresia with distal TEF.
400,e5622f64dd41538042ed0dd4f59a0f69d86cb6d9b10a032cbcbb6ed41e28aac9,Tracheomalacia.jpg,/Users/chriselwell/Desktop/Pulm/Pulm Pictures/Tracheomalacia.jpg,P33 - Otolaryngology - Upper Airway Pathology | P37 - Advanced Spirometry Review - Interactive Workshop,tracheomalacia | expiratory stridor | dynamic airway collapse,Mechanism diagram of expiratory intrathoracic tracheal collapse.
401,a2382ae9f8c2624be3113c33c736d19abc44e8cefcfb710a793ed377c280e425,transpulmonary-pressure-alveolus-chest-wall.png,/Users/chriselwell/Desktop/Pulm/Pulm Pictures/transpulmonary-pressure-alveolus-chest-wall.png,"P17 - Introduction to Respiratory Pathophysiology | P4 - Mechanics, Compliance and Ventilation",transpulmonary pressure | elastic recoil | chest wall,Illustrates the opposing chest-wall and lung recoil forces that create transpulmonary pressure.
402,f22ab8ce79e6e3895615b52e6b2772d1adbe1719f90372b1dea80ebb5f48ba06,Tripod and Epiglottisi.jpg,/Users/chriselwell/Desktop/Pulm/Pulm Pictures/Tripod and Epiglottisi.jpg,P33 - Otolaryngology - Upper Airway Pathology,epiglottitis | tripod posture | airway emergency,Clinical/anatomic illustration of tripod posture and epiglottic airway obstruction.
403,cb8ba6dc4ab3326f5d13fc8452b33687955274706c4158466326f27ab64b45a3,Types-of-Esophageal-Atresia-and-Tracheoesophageal-Fistula.jpg,/Users/chriselwell/Desktop/Pulm/Pulm Pictures/Types-of-Esophageal-Atresia-and-Tracheoesophageal-Fistula.jpg,P33 - Otolaryngology - Upper Airway Pathology,tracheoesophageal fistula | type C TEF | congenital anomaly,Diagram comparing the major esophageal-atresia/TEF configurations.
404,b4f40c679febb89c370d564624c1f67fd9246fe44eb5ac776d899365787756b1,usual-interstitial-pneumonia.jpg,/Users/chriselwell/Desktop/Pulm/Pulm Pictures/usual-interstitial-pneumonia.jpg,P25 - Radiology of Restrictive Lung Disease and Extras | Pulmonary - Comprehensive Study Guide,UIP | HRCT,Shows traction bronchiectasis and honeycombing in UIP.
405,cf3e5080400ee783484d14f207fa3a2c50acb0c178ffabbfde783543fd139d85,Vascular-Ring.jpg,/Users/chriselwell/Desktop/Pulm/Pulm Pictures/Vascular-Ring.jpg,P33 - Otolaryngology - Upper Airway Pathology,vascular ring | extrinsic tracheomalacia | esophagram,Vascular-ring diagram and esophagram showing combined airway/esophageal compression.
406,8f1df4e2fb5c065d49fbf0b54cdd829306b0405bceb369da38fd5b58516158bd,ventilation-perfusion-scan-mismatched-defects.jpg,/Users/chriselwell/Desktop/Pulm/Pulm Pictures/ventilation-perfusion-scan-mismatched-defects.jpg,P25 - Radiology of Restrictive Lung Disease and Extras | P32 - Pulmonary Hypertension - A Clinical Reasoning Approach,pulmonary embolism | V-Q scan,Shows mismatched perfusion defects with preserved ventilation.
407,494ab1d914a4e36f4f6d73a4e0c7bf60e43b29f1bc756f9c940d1251542e00f7,Viral Bronchiolitis (RSV).png,/Users/chriselwell/Desktop/Pulm/Pulm Pictures/Viral Bronchiolitis (RSV).png,P20 - Radiology of Obstructive Lung Disease | P29 - Microbiology of Pneumonia - Viral Infections of the Respiratory Tract,bronchiolitis | RSV | pediatric CXR,Annotated pediatric radiograph shows increased interstitial markings and peribronchial cuffing.
408,65ce330cf215d7b0013b8847a5637e9e600039c5f0c25225ed3b1f555a42e1e6,Vq-Mismatch-Spectrum.png,/Users/chriselwell/Desktop/Pulm/Pulm Pictures/Vq-Mismatch-Spectrum.png,"P11 - Physiology Practice Question Review | P35 - Acute Respiratory Failure | P7 - Gas Exchange, Part 2 - Causes of Hypoxemia | P9 - Pulmonary Physiology Review | Pulmonary - Comprehensive Study Guide",Vq Mismatch Spectrum,Visually verified course-aligned reference for Physiology Practice Question Review: Vq Mismatch Spectrum.
409,d1d597f92f24cc49ae4174348c4127dfc7378670d69beabf6d69fead69848603,Vq-Ratio-by-Zone-Table.png,/Users/chriselwell/Desktop/Pulm/Pulm Pictures/Vq-Ratio-by-Zone-Table.png,P11 - Physiology Practice Question Review,Vq Ratio by Zone Table,Visually verified course-aligned reference for Physiology Practice Question Review: Vq Ratio by Zone Table.
410,d6c88f04ae9877dd08cf29ea33ceae7b0ab04575475eefff27d4b2b69367fb0a,wells-criteria-for-pulmonary-embolism.png,/Users/chriselwell/Desktop/Pulm/Pulm Pictures/wells-criteria-for-pulmonary-embolism.png,P13 - Pulmonary Problem Solving Exercise Part 1,pulmonary embolism | Wells score | pretest probability,Lists and scores the Wells criteria used to estimate pulmonary-embolism pretest probability.
411,cedc8a7f5f974e43dd74864a74b007177fa09f834bcaf0245e7c0bd7f80b457c,West-Zones-1-2-3-Pressure-Summary.png,/Users/chriselwell/Desktop/Pulm/Pulm Pictures/West-Zones-1-2-3-Pressure-Summary.png,P11 - Physiology Practice Question Review | P3 - Airway and Vascular Flow | P9 - Pulmonary Physiology Review,West Zones 1 2 3 Pressure Summary,Visually verified course-aligned reference for Physiology Practice Question Review: West Zones 1 2 3 Pressure Summary.
412,3804cf34781c45e3b8a784844b0f1a6ecb6cfded73d6c24f9cef41368212f8b1,West-Zones-of-Pulmonary-Perfusion.png,/Users/chriselwell/Desktop/Pulm/Pulm Pictures/West-Zones-of-Pulmonary-Perfusion.png,P3 - Airway and Vascular Flow,West Zones of Pulmonary Perfusion,Visually verified course-aligned reference for Airway and Vascular Flow: West Zones of Pulmonary Perfusion.
413,40fdb4af2ed57307eaeefde29ba6c25920941166a09ea5fe32ed7156a3e2d35c,Work-of-Breathing-Restrictive-vs-Obstructive.png,/Users/chriselwell/Desktop/Pulm/Pulm Pictures/Work-of-Breathing-Restrictive-vs-Obstructive.png,"P5 - Spirometry, Obstructive and Restrictive Pulmonary Diseases",Work of Breathing Restrictive vs Obstructive,"Visually verified course-aligned reference for Spirometry, Obstructive and Restrictive Pulmonary Diseases: Work of Breathing Restrictive vs Obstructive."
