index,filename,sha256,disposition,reason,matched_quiz_concept,lectures,path
1,A ARDS Intraalveolar Hyaline Membranes Histology.png,13b3b5a6e354f66dc8284c9ef00d4dbc2b487678dafb6aa096319d3ed36b5278,REFERENCE_ONLY,"Retained as teaching/reference material: redundant with an existing tested concept, answer-labeled, primarily explanatory, or not a defensible image-required one-best item.",,"P26 - Diseases of the Respiratory Tract - Part 3 - Vascular, Cancer, Other Disease (Pathology)",/Users/chriselwell/Desktop/Pulm/Pulm Pictures/A ARDS Intraalveolar Hyaline Membranes Histology.png
2,A Asbestos Related Pleural Plaques CT.png,919c9a36b9c44a88eb6a6b447789f63118efeb924f8f93a6dc04147243424779,REFERENCE_ONLY,"Retained as teaching/reference material: redundant with an existing tested concept, answer-labeled, primarily explanatory, or not a defensible image-required one-best item.",,P24 - Diseases of the Respiratory Tract - Part 2 - Restrictive Disease (Pathology) | P27.2 - Chest X-Ray Final Review | Pulmonary - Comprehensive Study Guide,/Users/chriselwell/Desktop/Pulm/Pulm Pictures/A Asbestos Related Pleural Plaques CT.png
3,A Sarcoidosis Noncaseating Granuloma Histology.png,57630f0725db7298d302c49fe8f393c40a08f48b0b5902c6592147550a473708,REFERENCE_ONLY,"Retained as teaching/reference material: redundant with an existing tested concept, answer-labeled, primarily explanatory, or not a defensible image-required one-best item.",,P24 - Diseases of the Respiratory Tract - Part 2 - Restrictive Disease (Pathology),/Users/chriselwell/Desktop/Pulm/Pulm Pictures/A Sarcoidosis Noncaseating Granuloma Histology.png
4,A Small Cell Lung Carcinoma Small Dark Blue Cells Histology.png,48142b8f0e16c4a3958bb8c6b06af432f33851bcfccf19339d970e009c8eb577,REFERENCE_ONLY,"Retained as teaching/reference material: redundant with an existing tested concept, answer-labeled, primarily explanatory, or not a defensible image-required one-best item.",,P14 - Introduction to Pulmonary Pathophysiology,/Users/chriselwell/Desktop/Pulm/Pulm Pictures/A Small Cell Lung Carcinoma Small Dark Blue Cells Histology.png
5,Acid-Base Nomogram.jpg,ab405a8b61e6d369df866d0a0abdb37244f096390ae7daca13c422e060e8e598,REFERENCE_ONLY,"Retained as teaching/reference material: redundant with an existing tested concept, answer-labeled, primarily explanatory, or not a defensible image-required one-best item.",,"P7 - Gas Exchange, Part 2 - Causes of Hypoxemia",/Users/chriselwell/Desktop/Pulm/Pulm Pictures/Acid-Base Nomogram.jpg
6,Acute-Respiratory-Distress-Syndrome-Initial-Ventilator-Management.png,acd1bcf4168346a63d33b4d9714eaa20d49cc1dc1b3d3ec0db7a8a3d8e054f98,REFERENCE_ONLY,"Retained as teaching/reference material: redundant with an existing tested concept, answer-labeled, primarily explanatory, or not a defensible image-required one-best item.",,P35 - Acute Respiratory Failure,/Users/chriselwell/Desktop/Pulm/Pulm Pictures/Acute-Respiratory-Distress-Syndrome-Initial-Ventilator-Management.png
7,acute-respiratory-distress-syndrome.jpg,2d1d1cf5cd09a74e346e30f7ca15338cea730b7abbc3fba5670ad9e43414bec5,REFERENCE_ONLY,"Retained as teaching/reference material: redundant with an existing tested concept, answer-labeled, primarily explanatory, or not a defensible image-required one-best item.",,P13 - Pulmonary Problem Solving Exercise Part 1,/Users/chriselwell/Desktop/Pulm/Pulm Pictures/acute-respiratory-distress-syndrome.jpg
8,Adenovirus Febrile Pharyngitis.png,3a4ff8390c637e9d540a946683f9ad0993a3200999608a183fb9d1498bddaea6,REFERENCE_ONLY,"Retained as teaching/reference material: redundant with an existing tested concept, answer-labeled, primarily explanatory, or not a defensible image-required one-best item.",,P29 - Microbiology of Pneumonia - Viral Infections of the Respiratory Tract,/Users/chriselwell/Desktop/Pulm/Pulm Pictures/Adenovirus Febrile Pharyngitis.png
9,Adenovirus.png,7183dde595b4523c46a7bc5827192771724d40643295e78cdbf9d2e76696121c,REFERENCE_ONLY,"Retained as teaching/reference material: redundant with an existing tested concept, answer-labeled, primarily explanatory, or not a defensible image-required one-best item.",,P29 - Microbiology of Pneumonia - Viral Infections of the Respiratory Tract,/Users/chriselwell/Desktop/Pulm/Pulm Pictures/Adenovirus.png
10,adverse-effects-of-inhaled-corticosteroids.png,29ccd9e31cdd9cbc7e33f9c0e1778175afe0db7729da37dbacb9c7b4c2a57704,REFERENCE_ONLY,"Retained as teaching/reference material: redundant with an existing tested concept, answer-labeled, primarily explanatory, or not a defensible image-required one-best item.",,P22-23 - Drugs Used for Treatment of Asthma and COPD,/Users/chriselwell/Desktop/Pulm/Pulm Pictures/adverse-effects-of-inhaled-corticosteroids.png
11,Air-Bronchogram.jpg,e0ff0eba97ef3749c9fc1b36508c99a3991f253d0d748ddd6cab80f33728468b,REFERENCE_ONLY,"Retained as teaching/reference material: redundant with an existing tested concept, answer-labeled, primarily explanatory, or not a defensible image-required one-best item.",,P27 - Radiology of Pulmonary Infections and Lung Cancer | P27.2 - Chest X-Ray Final Review | P31 - Review of Pneumonia - Pathology and Pharmacology,/Users/chriselwell/Desktop/Pulm/Pulm Pictures/Air-Bronchogram.jpg
12,Airspace Consolidation (1:2).jpg,a3014e3f226554412dc1e914cd8bce292590401b5aa225e62450ca8c56d420ae,REFERENCE_ONLY,"Retained as teaching/reference material: redundant with an existing tested concept, answer-labeled, primarily explanatory, or not a defensible image-required one-best item.",,P17 - Introduction to Respiratory Pathophysiology | P18 - Basic Interpretation of Chest X-Ray | P31 - Review of Pneumonia - Pathology and Pharmacology,/Users/chriselwell/Desktop/Pulm/Pulm Pictures/Airspace Consolidation (1:2).jpg
13,Airway Pressure in Spontaneous Breathing and Mechanical Ventilation.jpg,527661d668564974004c4372b69e8f62796928a6cbaafb384a636999ed61ab2d,REFERENCE_ONLY,"Retained as teaching/reference material: redundant with an existing tested concept, answer-labeled, primarily explanatory, or not a defensible image-required one-best item.",,"P35 - Acute Respiratory Failure | P5 - Spirometry, Obstructive and Restrictive Pulmonary Diseases",/Users/chriselwell/Desktop/Pulm/Pulm Pictures/Airway Pressure in Spontaneous Breathing and Mechanical Ventilation.jpg
14,Airway Sizes.png,65ce5aea7c1f92aa15266e10e93c694c1b9eb3aa2d6665f8648405b930602b2f,REFERENCE_ONLY,"Retained as teaching/reference material: redundant with an existing tested concept, answer-labeled, primarily explanatory, or not a defensible image-required one-best item.",,P2 - Structure and Volumes,/Users/chriselwell/Desktop/Pulm/Pulm Pictures/Airway Sizes.png
15,alpha-1-antitrypsin-deficiency.jpg,81f877b88cd6f34e5d69b58ffbc346a4b33f89713b0219894378143f7dbdb393,REFERENCE_ONLY,"Retained as teaching/reference material: redundant with an existing tested concept, answer-labeled, primarily explanatory, or not a defensible image-required one-best item.",,P19 - Obstructive Diseases and Airway Diseases,/Users/chriselwell/Desktop/Pulm/Pulm Pictures/alpha-1-antitrypsin-deficiency.jpg
16,Alveolar Structure.jpeg,a417dfc1367e89fcb39cecc353dd758035b84e7f0d1f151a045dd151ca0ae3eb,REFERENCE_ONLY,"Retained as teaching/reference material: redundant with an existing tested concept, answer-labeled, primarily explanatory, or not a defensible image-required one-best item.",,P2 - Structure and Volumes,/Users/chriselwell/Desktop/Pulm/Pulm Pictures/Alveolar Structure.jpeg
17,Alveolar-and-Pleural-Pressures-Tidal-Breathing.png,ca1795d4d92e979eaf1555127d83bf6851f9caabe41582d130747907aad4a553,REFERENCE_ONLY,"Retained as teaching/reference material: redundant with an existing tested concept, answer-labeled, primarily explanatory, or not a defensible image-required one-best item.",,"P4 - Mechanics, Compliance and Ventilation | P9 - Pulmonary Physiology Review | Pulmonary - Comprehensive Study Guide",/Users/chriselwell/Desktop/Pulm/Pulm Pictures/Alveolar-and-Pleural-Pressures-Tidal-Breathing.png
18,Alveolar-Gas-Equation-Formula.png,45fd34ba2a88539eaad5b83447ba157df3d012d81aa05ef9dfff8b460bf0ba61,REFERENCE_ONLY,"Retained as teaching/reference material: redundant with an existing tested concept, answer-labeled, primarily explanatory, or not a defensible image-required one-best item.",,"P10 - Physiology Six-Case Workshop | P6 - Gas Exchange, Part 1 - Pressures, Diffusion and Transport",/Users/chriselwell/Desktop/Pulm/Pulm Pictures/Alveolar-Gas-Equation-Formula.png
19,Alveolar-Hypoventilation-Aa-Gradient.png,6b512083ed429d1900f1662b93d1670799a30ab4c9ff43c31975fe1875c8660c,REFERENCE_ONLY,"Retained as teaching/reference material: redundant with an existing tested concept, answer-labeled, primarily explanatory, or not a defensible image-required one-best item.",,"P10 - Physiology Six-Case Workshop | P7 - Gas Exchange, Part 2 - Causes of Hypoxemia",/Users/chriselwell/Desktop/Pulm/Pulm Pictures/Alveolar-Hypoventilation-Aa-Gradient.png
20,Alveoli-Toluidine-Blue-Pneumocytes-Histology.png,c350e9a6be3906fce1ff4c8a3fba33aea9d716f812c44815ff688d970b8e805f,REFERENCE_ONLY,"Retained as teaching/reference material: redundant with an existing tested concept, answer-labeled, primarily explanatory, or not a defensible image-required one-best item.",,P1 - Histology of the Respiratory System Review,/Users/chriselwell/Desktop/Pulm/Pulm Pictures/Alveoli-Toluidine-Blue-Pneumocytes-Histology.png
21,Alveolus-and-Respiratory-Bronchiole-Histology.png,70b604643094efed54ca0241b500d7fbdc746fde45e198bc2ea83cdc5f33fe7c,REFERENCE_ONLY,"Retained as teaching/reference material: redundant with an existing tested concept, answer-labeled, primarily explanatory, or not a defensible image-required one-best item.",,P1 - Histology of the Respiratory System Review,/Users/chriselwell/Desktop/Pulm/Pulm Pictures/Alveolus-and-Respiratory-Bronchiole-Histology.png
22,alveolus-gas-exchange-diagram.png,5ec487433f77aed730fbdb5605d24b7353ea92c6d844173dee145f8f28eaa18c,REFERENCE_ONLY,"Retained as teaching/reference material: redundant with an existing tested concept, answer-labeled, primarily explanatory, or not a defensible image-required one-best item.",,P17 - Introduction to Respiratory Pathophysiology,/Users/chriselwell/Desktop/Pulm/Pulm Pictures/alveolus-gas-exchange-diagram.png
23,Alveolus-Size-Surfactant-Collapsing-Pressure.png,a4eb814f025c01a9be06ddda7f106775d11fd5f4cc6f001e1564b79c983bf863,REFERENCE_ONLY,"Retained as teaching/reference material: redundant with an existing tested concept, answer-labeled, primarily explanatory, or not a defensible image-required one-best item.",,P3 - Airway and Vascular Flow | P9 - Pulmonary Physiology Review | Pulmonary - Comprehensive Study Guide,/Users/chriselwell/Desktop/Pulm/Pulm Pictures/Alveolus-Size-Surfactant-Collapsing-Pressure.png
24,Amphotericin B Overview.png,c59c56776ead0fb5247c55e204ef7ff7fb70f6167f7f42fbe4a77895d02d9cfa,REFERENCE_ONLY,"Retained as teaching/reference material: redundant with an existing tested concept, answer-labeled, primarily explanatory, or not a defensible image-required one-best item.",,P30 - Microbiology of Pneumonia - Fungal Infections,/Users/chriselwell/Desktop/Pulm/Pulm Pictures/Amphotericin B Overview.png
25,Anatomic-Physiological-Dead-Space-Shunt-Diagram.png,f97085a64906328ed15c161a31b210b984ab611395e95abe522598b9c2c59b66,REFERENCE_ONLY,"Retained as teaching/reference material: redundant with an existing tested concept, answer-labeled, primarily explanatory, or not a defensible image-required one-best item.",,P9 - Pulmonary Physiology Review,/Users/chriselwell/Desktop/Pulm/Pulm Pictures/Anatomic-Physiological-Dead-Space-Shunt-Diagram.png
26,Anatomical Vs. Alveolar Dead Space (Minute Ventilation).jpg,fc595158452f796559b1392b39771c0b26e14124463e7175a3dd1ae57615c566,REFERENCE_ONLY,"Retained as teaching/reference material: redundant with an existing tested concept, answer-labeled, primarily explanatory, or not a defensible image-required one-best item.",,"P35 - Acute Respiratory Failure | P4 - Mechanics, Compliance and Ventilation | Pulmonary - Comprehensive Study Guide",/Users/chriselwell/Desktop/Pulm/Pulm Pictures/Anatomical Vs. Alveolar Dead Space (Minute Ventilation).jpg
27,Anatomy of the Intercostal Muscles.jpg,001456011a670f4cd7bf2915d68ddea4c8a00e2de30d2642fb79c6d9942c30c7,REFERENCE_ONLY,"Retained as teaching/reference material: redundant with an existing tested concept, answer-labeled, primarily explanatory, or not a defensible image-required one-best item.",,P2 - Structure and Volumes,/Users/chriselwell/Desktop/Pulm/Pulm Pictures/Anatomy of the Intercostal Muscles.jpg
28,Antifungal Therapy Mechanisms Diagram.png,0fd6680ca1eac3d2df9d2b3705d68d4ec2a6b1051a994aece9dc94e4a80f6bbb,REFERENCE_ONLY,"Retained as teaching/reference material: redundant with an existing tested concept, answer-labeled, primarily explanatory, or not a defensible image-required one-best item.",,P30 - Microbiology of Pneumonia - Fungal Infections,/Users/chriselwell/Desktop/Pulm/Pulm Pictures/Antifungal Therapy Mechanisms Diagram.png
29,Approach-to-Hypoxemia-Algorithm.png,35427b31d472b83f4fa35693beccf7260345ec5fa03592d1123de6b771c5eeaf,REFERENCE_ONLY,"Retained as teaching/reference material: redundant with an existing tested concept, answer-labeled, primarily explanatory, or not a defensible image-required one-best item.",,"P10 - Physiology Six-Case Workshop | P7 - Gas Exchange, Part 2 - Causes of Hypoxemia | P9 - Pulmonary Physiology Review",/Users/chriselwell/Desktop/Pulm/Pulm Pictures/Approach-to-Hypoxemia-Algorithm.png
30,ARDS X Ray.png,6f078c56b9dccd6977ca031056dd5860e60ca940668a36bf563f88210943cbdb,REFERENCE_ONLY,"Retained as teaching/reference material: redundant with an existing tested concept, answer-labeled, primarily explanatory, or not a defensible image-required one-best item.",,P35 - Acute Respiratory Failure,/Users/chriselwell/Desktop/Pulm/Pulm Pictures/ARDS X Ray.png
31,Ards-Pathogenesis.jpg,c02bef8588a319a0204e05df4301a88f658e77a0a0f0e837c1b4c2d41c74a85d,REFERENCE_ONLY,"Retained as teaching/reference material: redundant with an existing tested concept, answer-labeled, primarily explanatory, or not a defensible image-required one-best item.",,P35 - Acute Respiratory Failure,/Users/chriselwell/Desktop/Pulm/Pulm Pictures/Ards-Pathogenesis.jpg
32,ARDS.png,e77c6caeebc48c5c4e510841c20e1e57cdd5e9964839d2b6dd39a15a0a6c0a12,REFERENCE_ONLY,"Retained as teaching/reference material: redundant with an existing tested concept, answer-labeled, primarily explanatory, or not a defensible image-required one-best item.",,P35 - Acute Respiratory Failure,/Users/chriselwell/Desktop/Pulm/Pulm Pictures/ARDS.png
33,Asbestos-related pleural disease axial.jpg,a8900f10f1b9399ca74806050d9caff5f50538d33a9d6f3e9a594e77000e5849,REFERENCE_ONLY,"Retained as teaching/reference material: redundant with an existing tested concept, answer-labeled, primarily explanatory, or not a defensible image-required one-best item.",,P25 - Radiology of Restrictive Lung Disease and Extras,/Users/chriselwell/Desktop/Pulm/Pulm Pictures/Asbestos-related pleural disease axial.jpg
34,Aspergillis.png,5448145615fd950b4f9c92d5952916afc82552a1a7231fa955bf05ff9851a935,REFERENCE_ONLY,"Retained as teaching/reference material: redundant with an existing tested concept, answer-labeled, primarily explanatory, or not a defensible image-required one-best item.",,P30 - Microbiology of Pneumonia - Fungal Infections,/Users/chriselwell/Desktop/Pulm/Pulm Pictures/Aspergillis.png
35,Aspergilloma.jpg,f081c66f6f11f4e3a3ccd4c519e6e303e473a1fdf594eb22a4a56963abdf38a7,REFERENCE_ONLY,"Retained as teaching/reference material: redundant with an existing tested concept, answer-labeled, primarily explanatory, or not a defensible image-required one-best item.",,"P26 - Diseases of the Respiratory Tract - Part 3 - Vascular, Cancer, Other Disease (Pathology) | P26.2 - Lung Infections - Pathology Review and Study Supplement | P30 - Microbiology of Pneumonia - Fungal Infections",/Users/chriselwell/Desktop/Pulm/Pulm Pictures/Aspergilloma.jpg
36,Asteroid bodies in pulmonary sarcoidosis.jpg,bc2a36e9d9b4837f3bf471a6f09624acf3a3687eeb7f0eb2f6c89b59365a154c,REFERENCE_ONLY,"Retained as teaching/reference material: redundant with an existing tested concept, answer-labeled, primarily explanatory, or not a defensible image-required one-best item.",,P24 - Diseases of the Respiratory Tract - Part 2 - Restrictive Disease (Pathology),/Users/chriselwell/Desktop/Pulm/Pulm Pictures/Asteroid bodies in pulmonary sarcoidosis.jpg
37,asthma-allergen-pathophysiology.png,657fd4d57e75e89dcaa6e7197d1c25526e3a1b4bd25ec5f7a78205ac9536aa49,REFERENCE_ONLY,"Retained as teaching/reference material: redundant with an existing tested concept, answer-labeled, primarily explanatory, or not a defensible image-required one-best item.",,P19 - Obstructive Diseases and Airway Diseases,/Users/chriselwell/Desktop/Pulm/Pulm Pictures/asthma-allergen-pathophysiology.png
38,asthma-pathophysiology-and-pharmacology-diagram.png,f219faaff2cb8bec500531fefa56c27721e80049a959e6f31421b01df601055d,REFERENCE_ONLY,"Retained as teaching/reference material: redundant with an existing tested concept, answer-labeled, primarily explanatory, or not a defensible image-required one-best item.",,P22-23 - Drugs Used for Treatment of Asthma and COPD,/Users/chriselwell/Desktop/Pulm/Pulm Pictures/asthma-pathophysiology-and-pharmacology-diagram.png
39,Asthma-Severity-for-Patients-Not-on-Controller-Medication.png,1abe1ef58888273e9b560d83df22d18942d0e19ab4d7680f0c8f4aa7689301b7,REFERENCE_ONLY,"Retained as teaching/reference material: redundant with an existing tested concept, answer-labeled, primarily explanatory, or not a defensible image-required one-best item.",,P34 - Respiratory Medicine Clinical Case Studies - Obstructive Diseases (Pathophysiology),/Users/chriselwell/Desktop/Pulm/Pulm Pictures/Asthma-Severity-for-Patients-Not-on-Controller-Medication.png
40,Asthma-TH2-Pathways-and-Biologic-Targets.jpg,3109b48b653896a1c781817ea4a562af09ab24ba83c7dcf5943ec87090789111,REFERENCE_ONLY,"Retained as teaching/reference material: redundant with an existing tested concept, answer-labeled, primarily explanatory, or not a defensible image-required one-best item.",,Pulmonary - Comprehensive Study Guide,/Users/chriselwell/Desktop/Pulm/Pulm Pictures/P34 - Respiratory Medicine Clinical Case Studies - Obstructive Diseases (Pathophysiology)/Web Sources/Asthma-TH2-Pathways-and-Biologic-Targets.jpg
41,asthma-vs-copd.png,a2491abf6ab357ae8805949ddeb3cd547ddb35ffd30f69e078c446c44518c04a,REFERENCE_ONLY,"Retained as teaching/reference material: redundant with an existing tested concept, answer-labeled, primarily explanatory, or not a defensible image-required one-best item.",,P13 - Pulmonary Problem Solving Exercise Part 1 | P14 - Introduction to Pulmonary Pathophysiology | P19 - Obstructive Diseases and Airway Diseases | P20 - Radiology of Obstructive Lung Disease,/Users/chriselwell/Desktop/Pulm/Pulm Pictures/asthma-vs-copd.png
42,Atelectasis-Causing-Mediastinal-Shift.jpg,c5b0b2fea5813082ec57cd32aa17592bdee9df094ba3ddf86b10925abb0661f2,REFERENCE_ONLY,"Retained as teaching/reference material: redundant with an existing tested concept, answer-labeled, primarily explanatory, or not a defensible image-required one-best item.",,P27 - Radiology of Pulmonary Infections and Lung Cancer,/Users/chriselwell/Desktop/Pulm/Pulm Pictures/Atelectasis-Causing-Mediastinal-Shift.jpg
43,B ARDS Bilateral Diffuse Lung Opacities CXR.png,f84d2bdc4ae40bfea7b7bbf8830dd600d314a702f3a32426a9bde4f21ac5839b,REFERENCE_ONLY,"Retained as teaching/reference material: redundant with an existing tested concept, answer-labeled, primarily explanatory, or not a defensible image-required one-best item.",,P14 - Introduction to Pulmonary Pathophysiology | P18 - Basic Interpretation of Chest X-Ray | P27.2 - Chest X-Ray Final Review | P35 - Acute Respiratory Failure | P39 - Clinical Pathology & Imaging - Interactive Workshop | Pulmonary - Comprehensive Study Guide,/Users/chriselwell/Desktop/Pulm/Pulm Pictures/B ARDS Bilateral Diffuse Lung Opacities CXR.png
44,B Lung Adenocarcinoma Glandular Histology.png,96d60ea62605375217ad6435536b7cd8d459b6254b13c868da2a8048a143d065,REFERENCE_ONLY,"Retained as teaching/reference material: redundant with an existing tested concept, answer-labeled, primarily explanatory, or not a defensible image-required one-best item.",,"P26 - Diseases of the Respiratory Tract - Part 3 - Vascular, Cancer, Other Disease (Pathology) | Pulmonary - Comprehensive Study Guide",/Users/chriselwell/Desktop/Pulm/Pulm Pictures/B Lung Adenocarcinoma Glandular Histology.png
45,B Sarcoidosis Bilateral Hilar Adenopathy and Coarse Reticular Opacities CXR.png,5720078660f16da070f47ecc2ed34bda8991b986fc435ec2bf19e288465699d2,REFERENCE_ONLY,"Retained as teaching/reference material: redundant with an existing tested concept, answer-labeled, primarily explanatory, or not a defensible image-required one-best item.",,P14 - Introduction to Pulmonary Pathophysiology | P24 - Diseases of the Respiratory Tract - Part 2 - Restrictive Disease (Pathology) | P27.2 - Chest X-Ray Final Review,/Users/chriselwell/Desktop/Pulm/Pulm Pictures/B Sarcoidosis Bilateral Hilar Adenopathy and Coarse Reticular Opacities CXR.png
46,B Tension Pneumothorax CXR Tracheal Deviation Collapsed Lung.png,5557cb9351f83d9d6c77f1bb3fa11d0e0902a3c8c3c35e7c42780cdccaa49a70,REFERENCE_ONLY,"Retained as teaching/reference material: redundant with an existing tested concept, answer-labeled, primarily explanatory, or not a defensible image-required one-best item.",,P18 - Basic Interpretation of Chest X-Ray | P27.2 - Chest X-Ray Final Review,/Users/chriselwell/Desktop/Pulm/Pulm Pictures/B Tension Pneumothorax CXR Tracheal Deviation Collapsed Lung.png
47,B_Emphysema_Alveolar_Wall_Destruction_Histology.png,17d3840e832159ab6b7ec5ef7613ed43375b999c2e1a7927f65e74ae3b61b1fa,REFERENCE_ONLY,"Retained as teaching/reference material: redundant with an existing tested concept, answer-labeled, primarily explanatory, or not a defensible image-required one-best item.",,P19 - Obstructive Diseases and Airway Diseases | P34 - Respiratory Medicine Clinical Case Studies - Obstructive Diseases (Pathophysiology),/Users/chriselwell/Desktop/Pulm/Pulm Pictures/B_Emphysema_Alveolar_Wall_Destruction_Histology.png
48,Baroreceptors-and-Peripheral-Chemoreceptors.png,e979bf55ecc0bec24efea208ec372e91033e47d496ce485a994819254030ffb1,REFERENCE_ONLY,"Retained as teaching/reference material: redundant with an existing tested concept, answer-labeled, primarily explanatory, or not a defensible image-required one-best item.",,P11 - Physiology Practice Question Review | P8 - Control of Ventilation,/Users/chriselwell/Desktop/Pulm/Pulm Pictures/Baroreceptors-and-Peripheral-Chemoreceptors.png
49,Bilateral pleural effusion.jpg,3ba49d02080a93199ab5399b8ec07514a734108b873728cd3f4fb53b3a20f98e,REFERENCE_ONLY,"Retained as teaching/reference material: redundant with an existing tested concept, answer-labeled, primarily explanatory, or not a defensible image-required one-best item.",,P18 - Basic Interpretation of Chest X-Ray | P25 - Radiology of Restrictive Lung Disease and Extras,/Users/chriselwell/Desktop/Pulm/Pulm Pictures/Bilateral pleural effusion.jpg
50,bilateral-hilar-adenopathy-chest-xray.jpg,25845d4981f6f2f233b937132063692d788d09661adb2ab5158f4d62ed95413c,REFERENCE_ONLY,"Retained as teaching/reference material: redundant with an existing tested concept, answer-labeled, primarily explanatory, or not a defensible image-required one-best item.",,P18 - Basic Interpretation of Chest X-Ray,/Users/chriselwell/Desktop/Pulm/Pulm Pictures/bilateral-hilar-adenopathy-chest-xray.jpg
51,Blastomycosis Fact Sheet and US Endemicity Map.jpg,390426d05b867378217f955e38556b128d58bbb5dc68ba7d5902fc4b433be3c4,REFERENCE_ONLY,"Retained as teaching/reference material: redundant with an existing tested concept, answer-labeled, primarily explanatory, or not a defensible image-required one-best item.",,P30 - Microbiology of Pneumonia - Fungal Infections,/Users/chriselwell/Desktop/Pulm/Pulm Pictures/Blastomycosis Fact Sheet and US Endemicity Map.jpg
52,Blastomycosis Histology.png,bb581a15e77caa3fa048cddeffb17aad2fa9941c8991f9d540a62cb49e303dfd,ADDED_SCORED,Validated local Pulm Pictures source included in the scored quiz.,Blastomyces with broad-based budding,P30 - Microbiology of Pneumonia - Fungal Infections,/Users/chriselwell/Desktop/Pulm/Pulm Pictures/Blastomycosis Histology.png
53,Bohr and Haldane Effects.jpg,b08f944d8d7d1bf4e9fbf0aa40cee0f190b4eae4df8b204a43de9dd9eab70e11,REFERENCE_ONLY,"Retained as teaching/reference material: redundant with an existing tested concept, answer-labeled, primarily explanatory, or not a defensible image-required one-best item.",,"P6 - Gas Exchange, Part 1 - Pressures, Diffusion and Transport",/Users/chriselwell/Desktop/Pulm/Pulm Pictures/Bohr and Haldane Effects.jpg
54,Breathing Rhythms.png,be10fd27dff9fac96803a64005a45f8ff44d66f9b6107e1089a135754b1c56e0,REFERENCE_ONLY,"Retained as teaching/reference material: redundant with an existing tested concept, answer-labeled, primarily explanatory, or not a defensible image-required one-best item.",,P8 - Control of Ventilation,/Users/chriselwell/Desktop/Pulm/Pulm Pictures/Breathing Rhythms.png
55,bronchiectasis-gross-pathology.png,c87716158ab7e26d83a485214957f886969e9f05fe525379489ad5aa7d0798d2,REFERENCE_ONLY,"Retained as teaching/reference material: redundant with an existing tested concept, answer-labeled, primarily explanatory, or not a defensible image-required one-best item.",,P20 - Radiology of Obstructive Lung Disease,/Users/chriselwell/Desktop/Pulm/Pulm Pictures/bronchiectasis-gross-pathology.png
56,Bronchiectasis-Radiographic-Signs.png,9458d3b55df5ab67c8aebcb41b9b6c727ae8b6708446c3da0b65542785b2b1d5,REFERENCE_ONLY,"Retained as teaching/reference material: redundant with an existing tested concept, answer-labeled, primarily explanatory, or not a defensible image-required one-best item.",,P16 - Mystery Illness Review Video | P20 - Radiology of Obstructive Lung Disease | P27.2 - Chest X-Ray Final Review,/Users/chriselwell/Desktop/Pulm/Pulm Pictures/Bronchiectasis-Radiographic-Signs.png
57,Bronchiectasis-Signet-Ring-Sign.png,3d7486f1a9410941b243d5b5ac782423626467a23ad380ff9f3c422ea05270a5,REFERENCE_ONLY,"Retained as teaching/reference material: redundant with an existing tested concept, answer-labeled, primarily explanatory, or not a defensible image-required one-best item.",,P16 - Mystery Illness Review Video | P19 - Obstructive Diseases and Airway Diseases | P20 - Radiology of Obstructive Lung Disease | P38 - Mystery Illness Review Session - Interactive Workshop | Pulmonary - Comprehensive Study Guide,/Users/chriselwell/Desktop/Pulm/Pulm Pictures/Bronchiectasis-Signet-Ring-Sign.png
58,Bronchiectasis-Tram-Track-Sign.png,fae76322e2b5eac8a58a80c1c63e23c3e4cc3791944d6dc1206ef740bef2d042,REFERENCE_ONLY,"Retained as teaching/reference material: redundant with an existing tested concept, answer-labeled, primarily explanatory, or not a defensible image-required one-best item.",,P16 - Mystery Illness Review Video | P19 - Obstructive Diseases and Airway Diseases | P20 - Radiology of Obstructive Lung Disease,/Users/chriselwell/Desktop/Pulm/Pulm Pictures/Bronchiectasis-Tram-Track-Sign.png
59,Bronchogenic Cyst.jpg,6fabf77f9e39d8a72a7f2630137c87751c8048b5f2486bb4b5e278a521ae255b,REFERENCE_ONLY,"Retained as teaching/reference material: redundant with an existing tested concept, answer-labeled, primarily explanatory, or not a defensible image-required one-best item.",,P36 - Pulmonary Developmental Anomalies,/Users/chriselwell/Desktop/Pulm/Pulm Pictures/Bronchogenic Cyst.jpg
60,Bronchopneumonia-Pathology.png,a9c2862f93a2fcf3aaf02c1c70772731692d87c89f17edd25eb0c3f690548d7c,REFERENCE_ONLY,"Retained as teaching/reference material: redundant with an existing tested concept, answer-labeled, primarily explanatory, or not a defensible image-required one-best item.",,P39 - Clinical Pathology & Imaging - Interactive Workshop,/Users/chriselwell/Desktop/Pulm/Pulm Pictures/Bronchopneumonia-Pathology.png
61,Bronchopneumonia.jpg,ae60d5c7b073b544f06edb3539c4bf7e6423ea7142c206f75ffd574d854fd7f5,REFERENCE_ONLY,"Retained as teaching/reference material: redundant with an existing tested concept, answer-labeled, primarily explanatory, or not a defensible image-required one-best item.",,P31 - Review of Pneumonia - Pathology and Pharmacology,/Users/chriselwell/Desktop/Pulm/Pulm Pictures/Bronchopneumonia.jpg
62,Bronchopulmonary Dysplasia.jpg,b3b01d4f57023dbdfbd3caf461ffe8523c12594ecee61618d59754fecda42caa,REFERENCE_ONLY,"Retained as teaching/reference material: redundant with an existing tested concept, answer-labeled, primarily explanatory, or not a defensible image-required one-best item.",,P27.2 - Chest X-Ray Final Review | P37 - Advanced Spirometry Review - Interactive Workshop,/Users/chriselwell/Desktop/Pulm/Pulm Pictures/Bronchopulmonary Dysplasia.jpg
63,C Emphysema Gross Lung Bullae.png,f84473e58e690544c4e47722dca3e74d36d759518b381a321c4893dd72d5069e,REFERENCE_ONLY,"Retained as teaching/reference material: redundant with an existing tested concept, answer-labeled, primarily explanatory, or not a defensible image-required one-best item.",,P20 - Radiology of Obstructive Lung Disease,/Users/chriselwell/Desktop/Pulm/Pulm Pictures/C Emphysema Gross Lung Bullae.png
64,C Squamous Cell Lung Carcinoma Hilar Mass CXR.png,a5e1fdb4ac7c89d1b041ffee3014fe414da2924d3753f94060bda441c9a72d89,REFERENCE_ONLY,"Retained as teaching/reference material: redundant with an existing tested concept, answer-labeled, primarily explanatory, or not a defensible image-required one-best item.",,P27 - Radiology of Pulmonary Infections and Lung Cancer | P39 - Clinical Pathology & Imaging - Interactive Workshop,/Users/chriselwell/Desktop/Pulm/Pulm Pictures/C Squamous Cell Lung Carcinoma Hilar Mass CXR.png
65,Causes-of-Hypoxemia-Table-Compact.png,a9e85e361a460ebb144384a1be5a82a6309b0a1017260fcde1adb0d81bf81cfe,REFERENCE_ONLY,"Retained as teaching/reference material: redundant with an existing tested concept, answer-labeled, primarily explanatory, or not a defensible image-required one-best item.",,"P35 - Acute Respiratory Failure | P7 - Gas Exchange, Part 2 - Causes of Hypoxemia",/Users/chriselwell/Desktop/Pulm/Pulm Pictures/Causes-of-Hypoxemia-Table-Compact.png
66,Central-Respiratory-Control.png,dcdbac33bce158062ca36ed910faf8ef337c4bb661dcff95d4d678151fb97e97,REFERENCE_ONLY,"Retained as teaching/reference material: redundant with an existing tested concept, answer-labeled, primarily explanatory, or not a defensible image-required one-best item.",,P8 - Control of Ventilation | P9 - Pulmonary Physiology Review | Pulmonary - Comprehensive Study Guide,/Users/chriselwell/Desktop/Pulm/Pulm Pictures/Central-Respiratory-Control.png
67,central-sleep-apnea.jpg,793c29650f14f15d751154879b5990fe4133d70be0a8376549f1f590c73b54af,REFERENCE_ONLY,"Retained as teaching/reference material: redundant with an existing tested concept, answer-labeled, primarily explanatory, or not a defensible image-required one-best item.",,P21 - Overview of Sleep Disorders,/Users/chriselwell/Desktop/Pulm/Pulm Pictures/central-sleep-apnea.jpg
68,centriacinar-vs-panacinar-emphysema.png,bd49920669238cf5e4a4af34c698ba7eb79aaa8fa7c7c100564bb01c9b41cf59,REFERENCE_ONLY,"Retained as teaching/reference material: redundant with an existing tested concept, answer-labeled, primarily explanatory, or not a defensible image-required one-best item.",,P19 - Obstructive Diseases and Airway Diseases | P20 - Radiology of Obstructive Lung Disease | P39 - Clinical Pathology & Imaging - Interactive Workshop,/Users/chriselwell/Desktop/Pulm/Pulm Pictures/centriacinar-vs-panacinar-emphysema.png
69,changes-in-fev1-with-smoking.png,8c05d03ad5b124dbcf711eb67f9909b41d661a5aa70f8ed424fa42d9da36a34f,REFERENCE_ONLY,"Retained as teaching/reference material: redundant with an existing tested concept, answer-labeled, primarily explanatory, or not a defensible image-required one-best item.",,P15 - Approach to the Patient with Respiratory Disease and Pulmonary Preventative Care,/Users/chriselwell/Desktop/Pulm/Pulm Pictures/changes-in-fev1-with-smoking.png
70,Chemoreceptor-Activity-Table.png,fb7a0b02e72fada579c9d5f28cb14a80c46b2787afa7aa28b9c0754a66cf1ed9,REFERENCE_ONLY,"Retained as teaching/reference material: redundant with an existing tested concept, answer-labeled, primarily explanatory, or not a defensible image-required one-best item.",,P11 - Physiology Practice Question Review | P8 - Control of Ventilation | P9 - Pulmonary Physiology Review,/Users/chriselwell/Desktop/Pulm/Pulm Pictures/Chemoreceptor-Activity-Table.png
71,Chest-Wall-Lung-Combined-Compliance-Curves.png,a5bfa65b25724d706fd25d0a058f0a6c0521919eb106e63db335e92e22ea5a9a,REFERENCE_ONLY,"Retained as teaching/reference material: redundant with an existing tested concept, answer-labeled, primarily explanatory, or not a defensible image-required one-best item.",,"P35 - Acute Respiratory Failure | P4 - Mechanics, Compliance and Ventilation | P9 - Pulmonary Physiology Review",/Users/chriselwell/Desktop/Pulm/Pulm Pictures/Chest-Wall-Lung-Combined-Compliance-Curves.png
72,Chlamydia.png,b212c30d5133a4790d057e4db344aeec276f80ca897ec92fad45d8d994d4d720,REFERENCE_ONLY,"Retained as teaching/reference material: redundant with an existing tested concept, answer-labeled, primarily explanatory, or not a defensible image-required one-best item.",,P28 - Microbiology of Pneumonia - Bacterial Infections,/Users/chriselwell/Desktop/Pulm/Pulm Pictures/Chlamydia.png
73,Chronic interstitial lung disease.jpg,2476092e330639a0554bd58aad442dd4a2a70942204c29267e42188b7d932cd4,REFERENCE_ONLY,"Retained as teaching/reference material: redundant with an existing tested concept, answer-labeled, primarily explanatory, or not a defensible image-required one-best item.",,P13 - Pulmonary Problem Solving Exercise Part 1 | P18 - Basic Interpretation of Chest X-Ray,/Users/chriselwell/Desktop/Pulm/Pulm Pictures/Chronic interstitial lung disease.jpg
74,Chronic Rhinosinusitis with Nasal Polyps.jpg,82346a5021ea64d269eae96d28af665d3cd368a672062fd1daa201a59ef5cbb2,REFERENCE_ONLY,"Retained as teaching/reference material: redundant with an existing tested concept, answer-labeled, primarily explanatory, or not a defensible image-required one-best item.",,P33 - Otolaryngology - Upper Airway Pathology,/Users/chriselwell/Desktop/Pulm/Pulm Pictures/Chronic Rhinosinusitis with Nasal Polyps.jpg
75,Chronic-Obstructive-Pulmonary-Disease-Chest-Xray.jpg,7b43e205ffba2426539dfcccfe528847b979c5b5310cc540d75a28dce3a1f2a0,REFERENCE_ONLY,"Retained as teaching/reference material: redundant with an existing tested concept, answer-labeled, primarily explanatory, or not a defensible image-required one-best item.",,Pulmonary - Comprehensive Study Guide,/Users/chriselwell/Desktop/Pulm/Pulm Pictures/Chronic-Obstructive-Pulmonary-Disease-Chest-Xray.jpg
76,chronic-silicosis-progressive-massive-fibrosis-chest-xray.png,c2c567a1f0085361c6bbe5b65b8513231996fd6328879e4254c600840e49afb2,REFERENCE_ONLY,"Retained as teaching/reference material: redundant with an existing tested concept, answer-labeled, primarily explanatory, or not a defensible image-required one-best item.",,P24 - Diseases of the Respiratory Tract - Part 2 - Restrictive Disease (Pathology),/Users/chriselwell/Desktop/Pulm/Pulm Pictures/chronic-silicosis-progressive-massive-fibrosis-chest-xray.png
77,cigarette-smoke-inflammatory-pathway-copd.png,ee71031f474e88c9e31a82ad5ca102855c79ebe5f8f839ee54b3018ae394d197,REFERENCE_ONLY,"Retained as teaching/reference material: redundant with an existing tested concept, answer-labeled, primarily explanatory, or not a defensible image-required one-best item.",,P15 - Approach to the Patient with Respiratory Disease and Pulmonary Preventative Care,/Users/chriselwell/Desktop/Pulm/Pulm Pictures/cigarette-smoke-inflammatory-pathway-copd.png
78,Classic Pertussis.png,7b4f692edc2f571d9110e04484c2b94261bd3fc96806cbf59aee3c272facbb3d,REFERENCE_ONLY,"Retained as teaching/reference material: redundant with an existing tested concept, answer-labeled, primarily explanatory, or not a defensible image-required one-best item.",,P15 - Approach to the Patient with Respiratory Disease and Pulmonary Preventative Care | P28 - Microbiology of Pneumonia - Bacterial Infections,/Users/chriselwell/Desktop/Pulm/Pulm Pictures/Classic Pertussis.png
79,CO2 Transport.png,3ccd55dfdbf0bbe40df485ad5c44de858963463936a838f93f538f18eb06df4e,REFERENCE_ONLY,"Retained as teaching/reference material: redundant with an existing tested concept, answer-labeled, primarily explanatory, or not a defensible image-required one-best item.",,"P6 - Gas Exchange, Part 1 - Pressures, Diffusion and Transport | P9 - Pulmonary Physiology Review",/Users/chriselwell/Desktop/Pulm/Pulm Pictures/CO2 Transport.png
80,Co2-Transport-Rbc-Tissue-Diagram.png,6386956075ffed446b6b08d9ea4bf95dd6b324d59f9b965c765827c46e28529e,REFERENCE_ONLY,"Retained as teaching/reference material: redundant with an existing tested concept, answer-labeled, primarily explanatory, or not a defensible image-required one-best item.",,"P6 - Gas Exchange, Part 1 - Pressures, Diffusion and Transport",/Users/chriselwell/Desktop/Pulm/Pulm Pictures/Co2-Transport-Rbc-Tissue-Diagram.png
81,Coccidioidomycosis Histology.png,1812bf06a451e10e09b2871fd3ce88c3a53f7862f0a9c9612463238f274e8e7a,REFERENCE_ONLY,"Retained as teaching/reference material: redundant with an existing tested concept, answer-labeled, primarily explanatory, or not a defensible image-required one-best item.",,P26.2 - Lung Infections - Pathology Review and Study Supplement | P30 - Microbiology of Pneumonia - Fungal Infections,/Users/chriselwell/Desktop/Pulm/Pulm Pictures/Coccidioidomycosis Histology.png
82,common-etiologies-of-chronic-cough.png,fbc56e1fef77369ff5f539fd336890832f0f32d90a1942cc44e232e6a238a344,REFERENCE_ONLY,"Retained as teaching/reference material: redundant with an existing tested concept, answer-labeled, primarily explanatory, or not a defensible image-required one-best item.",,P15 - Approach to the Patient with Respiratory Disease and Pulmonary Preventative Care,/Users/chriselwell/Desktop/Pulm/Pulm Pictures/common-etiologies-of-chronic-cough.png
83,Common-Pathogens-in-Hospital-Acquired-Pneumonia.png,67e18fc4e1cb3421c19fafec90ec1f430b812190b92e9d26b4d9c69c72303943,REFERENCE_ONLY,"Retained as teaching/reference material: redundant with an existing tested concept, answer-labeled, primarily explanatory, or not a defensible image-required one-best item.",,P31 - Review of Pneumonia - Pathology and Pharmacology,/Users/chriselwell/Desktop/Pulm/Pulm Pictures/Common-Pathogens-in-Hospital-Acquired-Pneumonia.png
84,common-pathologies-breath-sounds-percussion.png,4bf72a1907a7ca01ecbe09c224651e27995e9eab184bc87dcaa80f3dd09d317d,REFERENCE_ONLY,"Retained as teaching/reference material: redundant with an existing tested concept, answer-labeled, primarily explanatory, or not a defensible image-required one-best item.",,P13 - Pulmonary Problem Solving Exercise Part 1 | P15 - Approach to the Patient with Respiratory Disease and Pulmonary Preventative Care | P16 - Mystery Illness Review Video,/Users/chriselwell/Desktop/Pulm/Pulm Pictures/common-pathologies-breath-sounds-percussion.png
85,Common-Triggers-of-Asthma.png,8fd35daa60d2e0da2a8282c4a9777fda7155f6e1e899914d4c750aab2fb5e55a,REFERENCE_ONLY,"Retained as teaching/reference material: redundant with an existing tested concept, answer-labeled, primarily explanatory, or not a defensible image-required one-best item.",,P34 - Respiratory Medicine Clinical Case Studies - Obstructive Diseases (Pathophysiology),/Users/chriselwell/Desktop/Pulm/Pulm Pictures/Common-Triggers-of-Asthma.png
86,Conducting-and-Respiratory-Zone-Histology-Overview.png,e6cadd7a8efc3e8211fcdc9d6182f8966af16832e4c0d49a47adff8624fee199,REFERENCE_ONLY,"Retained as teaching/reference material: redundant with an existing tested concept, answer-labeled, primarily explanatory, or not a defensible image-required one-best item.",,P1 - Histology of the Respiratory System Review | P17 - Introduction to Respiratory Pathophysiology | P9 - Pulmonary Physiology Review | Pulmonary - Comprehensive Study Guide,/Users/chriselwell/Desktop/Pulm/Pulm Pictures/Conducting-and-Respiratory-Zone-Histology-Overview.png
87,Conducting-vs-Respiratory-Zones-Chart.png,a81c5496fcbf2f69a8fafd4aa1bd6d75c6462ac4181e9c77664d535f998f6176,REFERENCE_ONLY,"Retained as teaching/reference material: redundant with an existing tested concept, answer-labeled, primarily explanatory, or not a defensible image-required one-best item.",,P2 - Structure and Volumes,/Users/chriselwell/Desktop/Pulm/Pulm Pictures/Conducting-vs-Respiratory-Zones-Chart.png
88,Congenital Diaphragmatic Hernias.jpg,ed97914b374e0f1ae1055662600cbeeb3933a81bc73ecfbe7b1e5f75c70c5d1f,REFERENCE_ONLY,"Retained as teaching/reference material: redundant with an existing tested concept, answer-labeled, primarily explanatory, or not a defensible image-required one-best item.",,P36 - Pulmonary Developmental Anomalies,/Users/chriselwell/Desktop/Pulm/Pulm Pictures/Congenital Diaphragmatic Hernias.jpg
89,Congenital-Diaphragmatic-Hernia-Chest-Xray.jpg,6a28d0410577ff9d7351939ad17790028827acfb68510740a24bd15f733706d7,REFERENCE_ONLY,"Retained as teaching/reference material: redundant with an existing tested concept, answer-labeled, primarily explanatory, or not a defensible image-required one-best item.",,P36 - Pulmonary Developmental Anomalies | Pulmonary - Comprehensive Study Guide,/Users/chriselwell/Desktop/Pulm/Pulm Pictures/Congenital-Diaphragmatic-Hernia-Chest-Xray.jpg
90,Congenital-Diaphragmatic-Hernia-Embryology.jpg,517e5c65b0c17287ced77b97d17dc4c35299d407ad70142896070dc30707038d,REFERENCE_ONLY,"Retained as teaching/reference material: redundant with an existing tested concept, answer-labeled, primarily explanatory, or not a defensible image-required one-best item.",,P36 - Pulmonary Developmental Anomalies,/Users/chriselwell/Desktop/Pulm/Pulm Pictures/Congenital-Diaphragmatic-Hernia-Embryology.jpg
91,Congenital-Diaphragmatic-Hernia.png,0febbc21f54cc3ce52abfa3dde4415b6f7a13ce1dccceb0d4398295275e356e3,REFERENCE_ONLY,"Retained as teaching/reference material: redundant with an existing tested concept, answer-labeled, primarily explanatory, or not a defensible image-required one-best item.",,P36 - Pulmonary Developmental Anomalies,/Users/chriselwell/Desktop/Pulm/Pulm Pictures/Congenital-Diaphragmatic-Hernia.png
92,congestive-heart-failure-chest-xray-findings.png,451003e2a2077f4d54c1200a5cc95b4e28bc52962c111ba8c27d33fa47732a38,REFERENCE_ONLY,"Retained as teaching/reference material: redundant with an existing tested concept, answer-labeled, primarily explanatory, or not a defensible image-required one-best item.",,P13 - Pulmonary Problem Solving Exercise Part 1,/Users/chriselwell/Desktop/Pulm/Pulm Pictures/congestive-heart-failure-chest-xray-findings.png
93,COPD Pathophysiology.png,d76c823ebc3fdf05b61f611bcf625eff7327ae7ddc3a216ca75bcbb96a6b2947,REFERENCE_ONLY,"Retained as teaching/reference material: redundant with an existing tested concept, answer-labeled, primarily explanatory, or not a defensible image-required one-best item.",,P34 - Respiratory Medicine Clinical Case Studies - Obstructive Diseases (Pathophysiology),/Users/chriselwell/Desktop/Pulm/Pulm Pictures/COPD Pathophysiology.png
94,copd-vs-healthy-alveoli-and-airway.png,7f4927043163f29b6936306712a07e189235bd9a3c550ffb1a2fc0a9d0fcc0cb,REFERENCE_ONLY,"Retained as teaching/reference material: redundant with an existing tested concept, answer-labeled, primarily explanatory, or not a defensible image-required one-best item.",,P14 - Introduction to Pulmonary Pathophysiology,/Users/chriselwell/Desktop/Pulm/Pulm Pictures/copd-vs-healthy-alveoli-and-airway.png
95,Cornona sketchy.png,df891f3b096539bb9284729c3894035321f2297e975606915636eaa51e65fd0e,REFERENCE_ONLY,"Retained as teaching/reference material: redundant with an existing tested concept, answer-labeled, primarily explanatory, or not a defensible image-required one-best item.",,P29 - Microbiology of Pneumonia - Viral Infections of the Respiratory Tract | P29 - Microbiology of Pneumonia - Viral Infections of the Respiratory Tract,/Users/chriselwell/Desktop/Pulm/Pulm Pictures/Cornona sketchy.png
96,Coronavirus SARS-Cov-2 Structure.jpg,a9f32fc54277a6b5ed08e4a7e34dc5789c5d472a67f92c947cdffd831635ce7f,REFERENCE_ONLY,"Retained as teaching/reference material: redundant with an existing tested concept, answer-labeled, primarily explanatory, or not a defensible image-required one-best item.",,P29 - Microbiology of Pneumonia - Viral Infections of the Respiratory Tract,/Users/chriselwell/Desktop/Pulm/Pulm Pictures/Coronavirus SARS-Cov-2 Structure.jpg
97,Costophrenic sulcus blunting from pleural effusion.jpg,489347deb23c8acab9196f7943bdae2067eeeccab7bea38e4c1d5bc440522df7,REFERENCE_ONLY,"Retained as teaching/reference material: redundant with an existing tested concept, answer-labeled, primarily explanatory, or not a defensible image-required one-best item.",,P18 - Basic Interpretation of Chest X-Ray,/Users/chriselwell/Desktop/Pulm/Pulm Pictures/Costophrenic sulcus blunting from pleural effusion.jpg
98,Cough and Hemoptysis.png,0fc06d53d75e63eaf49a9414d89f72ab3d6d20fe962d109babed0500536ddec6,REFERENCE_ONLY,"Retained as teaching/reference material: redundant with an existing tested concept, answer-labeled, primarily explanatory, or not a defensible image-required one-best item.",,P16 - Mystery Illness Review Video,/Users/chriselwell/Desktop/Pulm/Pulm Pictures/Cough and Hemoptysis.png
99,Cough and Sputum.png,f9a949f379aa638cf974060d0a6b414e4decd14595d68daf4203d6ade0c4b4ca,REFERENCE_ONLY,"Retained as teaching/reference material: redundant with an existing tested concept, answer-labeled, primarily explanatory, or not a defensible image-required one-best item.",,P16 - Mystery Illness Review Video,/Users/chriselwell/Desktop/Pulm/Pulm Pictures/Cough and Sputum.png
100,COVID-19 Pneumonia.jpg,ad64a938fcc45146b08139569fbde7bc9b8cd848c1af6b059520ef9afbadcd03,REFERENCE_ONLY,"Retained as teaching/reference material: redundant with an existing tested concept, answer-labeled, primarily explanatory, or not a defensible image-required one-best item.",,P29 - Microbiology of Pneumonia - Viral Infections of the Respiratory Tract,/Users/chriselwell/Desktop/Pulm/Pulm Pictures/COVID-19 Pneumonia.jpg
101,Croup-Steeple-Sign.png,5551693a617932d2d1929b2c28bc35ac86ed95281f387d497784fc68fd37abe4,REFERENCE_ONLY,"Retained as teaching/reference material: redundant with an existing tested concept, answer-labeled, primarily explanatory, or not a defensible image-required one-best item.",,P33 - Otolaryngology - Upper Airway Pathology,/Users/chriselwell/Desktop/Pulm/Pulm Pictures/Croup-Steeple-Sign.png
102,Croup-Upper-Airway-Anatomy.jpg,5e4faa80d7635151a8a07c8d71a76a9533e7c3ac374b4d5ec74a41af0215aa52,REFERENCE_ONLY,"Retained as teaching/reference material: redundant with an existing tested concept, answer-labeled, primarily explanatory, or not a defensible image-required one-best item.",,P33 - Otolaryngology - Upper Airway Pathology,/Users/chriselwell/Desktop/Pulm/Pulm Pictures/Croup-Upper-Airway-Anatomy.jpg
103,Crypto Capsule.png,f80febf77e3bb6e0476e3b2b92b0067eac3dfb65f644d5936adf31033f1f73f5,REFERENCE_ONLY,"Retained as teaching/reference material: redundant with an existing tested concept, answer-labeled, primarily explanatory, or not a defensible image-required one-best item.",,P30 - Microbiology of Pneumonia - Fungal Infections,/Users/chriselwell/Desktop/Pulm/Pulm Pictures/Crypto Capsule.png
104,Cryptococcus Neoformans India Ink Stain.png,0938850e7e8c9a6e31a0da1f5f595740ab363abac3ae2c32548cb4c42168e586,REFERENCE_ONLY,"Retained as teaching/reference material: redundant with an existing tested concept, answer-labeled, primarily explanatory, or not a defensible image-required one-best item.",,P30 - Microbiology of Pneumonia - Fungal Infections,/Users/chriselwell/Desktop/Pulm/Pulm Pictures/Cryptococcus Neoformans India Ink Stain.png
105,cryptogenic-organizing-pneumonia.png,14f64005a331b6b53feb39aab7c7f3e7ae3786c9e89e29f64da56cdb1a3e01fa,REFERENCE_ONLY,"Retained as teaching/reference material: redundant with an existing tested concept, answer-labeled, primarily explanatory, or not a defensible image-required one-best item.",,P17 - Introduction to Respiratory Pathophysiology | P24 - Diseases of the Respiratory Tract - Part 2 - Restrictive Disease (Pathology),/Users/chriselwell/Desktop/Pulm/Pulm Pictures/cryptogenic-organizing-pneumonia.png
106,Cystic fibrosis pathophysiology.jpg,bbe4dd313ba93bcb41ee3b9421a12eba9d2888750721b867f4111fe931db88c0,REFERENCE_ONLY,"Retained as teaching/reference material: redundant with an existing tested concept, answer-labeled, primarily explanatory, or not a defensible image-required one-best item.",,P20 - Radiology of Obstructive Lung Disease | P38 - Mystery Illness Review Session - Interactive Workshop | Pulmonary - Comprehensive Study Guide,/Users/chriselwell/Desktop/Pulm/Pulm Pictures/Cystic fibrosis pathophysiology.jpg
107,Cystic Fibrosis Sweat Test.jpg,e5a60abd9c33c688d74f4b3c9584b89ee8654878d5750e146026ba4f3cc09780,REFERENCE_ONLY,"Retained as teaching/reference material: redundant with an existing tested concept, answer-labeled, primarily explanatory, or not a defensible image-required one-best item.",,P38 - Mystery Illness Review Session - Interactive Workshop,/Users/chriselwell/Desktop/Pulm/Pulm Pictures/Cystic Fibrosis Sweat Test.jpg
108,Cystic Fibrosis.jpg,c14a25a9a84e61144007f6c79452662d30db3828af7d38c5a5270d5af25a8310,REFERENCE_ONLY,"Retained as teaching/reference material: redundant with an existing tested concept, answer-labeled, primarily explanatory, or not a defensible image-required one-best item.",,P38 - Mystery Illness Review Session - Interactive Workshop,/Users/chriselwell/Desktop/Pulm/Pulm Pictures/Cystic Fibrosis.jpg
109,cystic-fibrosis-sweat-duct-pathophysiology.jpg,39f4c0d5adf133d29cf21efe7551bde422f9aaf4e70ac4218015c91f1af27f8b,REFERENCE_ONLY,"Retained as teaching/reference material: redundant with an existing tested concept, answer-labeled, primarily explanatory, or not a defensible image-required one-best item.",,P19 - Obstructive Diseases and Airway Diseases | P38 - Mystery Illness Review Session - Interactive Workshop,/Users/chriselwell/Desktop/Pulm/Pulm Pictures/cystic-fibrosis-sweat-duct-pathophysiology.jpg
110,D Emphysema CT Low Attenuation Bullae.png,2b75f78505fe3fdf55670c3f55d3a547ccb45aa4e1a2970576f1450a0e77af52,REFERENCE_ONLY,"Retained as teaching/reference material: redundant with an existing tested concept, answer-labeled, primarily explanatory, or not a defensible image-required one-best item.",,P20 - Radiology of Obstructive Lung Disease,/Users/chriselwell/Desktop/Pulm/Pulm Pictures/D Emphysema CT Low Attenuation Bullae.png
111,D Squamous Cell Lung Carcinoma Keratin Pearls Histology.png,64d99ec51daf38b0134844a6b9d8420ecefea64aa1ff6f4792f6c455044887eb,ADDED_SCORED,Validated local Pulm Pictures source included in the scored quiz.,Pulmonary squamous cell carcinoma with keratin pearls,"P26 - Diseases of the Respiratory Tract - Part 3 - Vascular, Cancer, Other Disease (Pathology) | P39 - Clinical Pathology & Imaging - Interactive Workshop | Pulmonary - Comprehensive Study Guide",/Users/chriselwell/Desktop/Pulm/Pulm Pictures/D Squamous Cell Lung Carcinoma Keratin Pearls Histology.png
112,Dead-Space-Hypercapnia-Response.png,9d0b1b5c963e9ad7d5b0cd0d23abe22b0342431d8225be32e2ddcd2311e5a1ce,REFERENCE_ONLY,"Retained as teaching/reference material: redundant with an existing tested concept, answer-labeled, primarily explanatory, or not a defensible image-required one-best item.",,P35 - Acute Respiratory Failure | P8 - Control of Ventilation,/Users/chriselwell/Desktop/Pulm/Pulm Pictures/Dead-Space-Hypercapnia-Response.png
113,Diagnosis-of-Cystic-Fibrosis.png,e9d69328db82f7d37340fe899feb4e3ab5dd4966ed796b5639600c214c2095e2,REFERENCE_ONLY,"Retained as teaching/reference material: redundant with an existing tested concept, answer-labeled, primarily explanatory, or not a defensible image-required one-best item.",,P38 - Mystery Illness Review Session - Interactive Workshop,/Users/chriselwell/Desktop/Pulm/Pulm Pictures/Diagnosis-of-Cystic-Fibrosis.png
114,diagnostic-approach-to-pulmonary-embolism.png,b588097e3d3903bb92271bf74d86a359eb3affefcc8d509bb491c936edaad38e,REFERENCE_ONLY,"Retained as teaching/reference material: redundant with an existing tested concept, answer-labeled, primarily explanatory, or not a defensible image-required one-best item.",,P13 - Pulmonary Problem Solving Exercise Part 1,/Users/chriselwell/Desktop/Pulm/Pulm Pictures/diagnostic-approach-to-pulmonary-embolism.png
115,Diaphragm-Muscle-Anatomy.png,d3a0b92fecb72b0605f20636aaa2624f80d62a348a0665708a1c0b3e4f7e8d5d,REFERENCE_ONLY,"Retained as teaching/reference material: redundant with an existing tested concept, answer-labeled, primarily explanatory, or not a defensible image-required one-best item.",,P2 - Structure and Volumes,/Users/chriselwell/Desktop/Pulm/Pulm Pictures/Diaphragm-Muscle-Anatomy.png
116,Differential diagnoses of pulmonary function testing (PFTs).jpg,59286e6da8f6f4f4a3805923ecc479653b32aade08398d1e4dfe4f971fc59eaa,REFERENCE_ONLY,"Retained as teaching/reference material: redundant with an existing tested concept, answer-labeled, primarily explanatory, or not a defensible image-required one-best item.",,P13 - Pulmonary Problem Solving Exercise Part 1 | P14 - Introduction to Pulmonary Pathophysiology | P15 - Approach to the Patient with Respiratory Disease and Pulmonary Preventative Care,/Users/chriselwell/Desktop/Pulm/Pulm Pictures/Differential diagnoses of pulmonary function testing (PFTs).jpg
117,diffuse-alveolar-damage.jpg,2f6b55b11a6dedc60be981a31d97846ffa868ae7bd5b1fb01532f062ca455d73,REFERENCE_ONLY,"Retained as teaching/reference material: redundant with an existing tested concept, answer-labeled, primarily explanatory, or not a defensible image-required one-best item.",,P17 - Introduction to Respiratory Pathophysiology,/Users/chriselwell/Desktop/Pulm/Pulm Pictures/diffuse-alveolar-damage.jpg
118,Diffusion-Impairment-Aa-Gradient.png,ab9d8b39816a8468b5cb6e6101d115590a157bbbd2fb5c88f442ddd8ecbf4169,REFERENCE_ONLY,"Retained as teaching/reference material: redundant with an existing tested concept, answer-labeled, primarily explanatory, or not a defensible image-required one-best item.",,"P10 - Physiology Six-Case Workshop | P35 - Acute Respiratory Failure | P7 - Gas Exchange, Part 2 - Causes of Hypoxemia",/Users/chriselwell/Desktop/Pulm/Pulm Pictures/Diffusion-Impairment-Aa-Gradient.png
119,E_Asthma_Mucus_Plug_Histology.png,b7ffd53db038620f75daa1f3817b4e936343f2a034034104c38ed5f6a1c22758,REFERENCE_ONLY,"Retained as teaching/reference material: redundant with an existing tested concept, answer-labeled, primarily explanatory, or not a defensible image-required one-best item.",,P19 - Obstructive Diseases and Airway Diseases | P34 - Respiratory Medicine Clinical Case Studies - Obstructive Diseases (Pathophysiology),/Users/chriselwell/Desktop/Pulm/Pulm Pictures/E_Asthma_Mucus_Plug_Histology.png
120,ECG in Pulmonary Hypertension Secondary to an Atrial Septal Defect.jpg,ab06707700a76beaaa916b2eb101f312f2c07d3d10551158ec43de4e6715ba35,ALREADY_SCORED,Validated local Pulm Pictures source included in the scored quiz.,Right-ventricular hypertrophy/strain pattern,P32 - Pulmonary Hypertension - A Clinical Reasoning Approach,/Users/chriselwell/Desktop/Pulm/Pulm Pictures/ECG in Pulmonary Hypertension Secondary to an Atrial Septal Defect.jpg
121,Echocardiogram in Pulmonary Artery Hypertension (1:3).jpg,aed5a954e0b46aa4a281a80537564137a8f4b8053d334a35347a5b1c366d09e1,REFERENCE_ONLY,"Retained as teaching/reference material: redundant with an existing tested concept, answer-labeled, primarily explanatory, or not a defensible image-required one-best item.",,P32 - Pulmonary Hypertension - A Clinical Reasoning Approach,/Users/chriselwell/Desktop/Pulm/Pulm Pictures/Echocardiogram in Pulmonary Artery Hypertension (1:3).jpg
122,Echocardiogram in Pulmonary Artery Hypertension (2:3).jpg,7e1b7eb0877376a82c296256bd579cfb7a3f17cc043b087b66bf5b0b1a7d1bdd,ALREADY_SCORED,Validated local Pulm Pictures source included in the scored quiz.,Right-ventricular pressure overload with septal flattening,P32 - Pulmonary Hypertension - A Clinical Reasoning Approach,/Users/chriselwell/Desktop/Pulm/Pulm Pictures/Echocardiogram in Pulmonary Artery Hypertension (2:3).jpg
123,Echocardiogram in Pulmonary Artery Hypertension (3:3).jpg,208b64414530a995dec801de4175316170a8cf8f231a1619492633a869b8c910,REFERENCE_ONLY,"Retained as teaching/reference material: redundant with an existing tested concept, answer-labeled, primarily explanatory, or not a defensible image-required one-best item.",,P32 - Pulmonary Hypertension - A Clinical Reasoning Approach,/Users/chriselwell/Desktop/Pulm/Pulm Pictures/Echocardiogram in Pulmonary Artery Hypertension (3:3).jpg
124,Effect of Positioning on V:Q Mismatch in Unilateral Pneumonia.jpg,e6a6898e768954d359dd9b37b1aaa20d1c7cfe559ea76ed31ce0fdffc0d95f72,REFERENCE_ONLY,"Retained as teaching/reference material: redundant with an existing tested concept, answer-labeled, primarily explanatory, or not a defensible image-required one-best item.",,P31 - Review of Pneumonia - Pathology and Pharmacology,/Users/chriselwell/Desktop/Pulm/Pulm Pictures/Effect of Positioning on V:Q Mismatch in Unilateral Pneumonia.jpg
125,Effect of Positioning on V:Q Mismatch- ARDS.jpg,114deb6db3c946aa4e3c5fc6c63bb0d02ce7726ff657eb896168d24ee312d0c9,REFERENCE_ONLY,"Retained as teaching/reference material: redundant with an existing tested concept, answer-labeled, primarily explanatory, or not a defensible image-required one-best item.",,P35 - Acute Respiratory Failure,/Users/chriselwell/Desktop/Pulm/Pulm Pictures/Effect of Positioning on V:Q Mismatch- ARDS.jpg
126,Eisenmenger-Syndrome.png,1a5a551f6fb858d6d596798c3f8005fe3381d1a4a055bad6379701a9edd2c8b5,REFERENCE_ONLY,"Retained as teaching/reference material: redundant with an existing tested concept, answer-labeled, primarily explanatory, or not a defensible image-required one-best item.",,P32 - Pulmonary Hypertension - A Clinical Reasoning Approach,/Users/chriselwell/Desktop/Pulm/Pulm Pictures/Eisenmenger-Syndrome.png
127,Emphysema Type.png,94d29144cdf01ddff9a20d0989ebf516560290229d89f3e9556f2f20ccd99c37,REFERENCE_ONLY,"Retained as teaching/reference material: redundant with an existing tested concept, answer-labeled, primarily explanatory, or not a defensible image-required one-best item.",,P34 - Respiratory Medicine Clinical Case Studies - Obstructive Diseases (Pathophysiology),/Users/chriselwell/Desktop/Pulm/Pulm Pictures/Emphysema Type.png
128,emphysema-vs-normal-chest-ct.png,7ba6300b6eb7b99615ca4d79d56a69ac3e9b0cdfb6adec58bae445b33bdfa53c,REFERENCE_ONLY,"Retained as teaching/reference material: redundant with an existing tested concept, answer-labeled, primarily explanatory, or not a defensible image-required one-best item.",,P19 - Obstructive Diseases and Airway Diseases | P20 - Radiology of Obstructive Lung Disease | Pulmonary - Comprehensive Study Guide,/Users/chriselwell/Desktop/Pulm/Pulm Pictures/emphysema-vs-normal-chest-ct.png
129,Empyema.png,c917b553ebd0edf5953be53c22f7797e6e0cb6760f8226c2f162ae42c5935205,REFERENCE_ONLY,"Retained as teaching/reference material: redundant with an existing tested concept, answer-labeled, primarily explanatory, or not a defensible image-required one-best item.",,P27 - Radiology of Pulmonary Infections and Lung Cancer | P31 - Review of Pneumonia - Pathology and Pharmacology | P39 - Clinical Pathology & Imaging - Interactive Workshop,/Users/chriselwell/Desktop/Pulm/Pulm Pictures/Empyema.png
130,Enlarged Lymph Nodes in Lung Cancer.jpg,dd849e2d43f0530fa32b8eb526f4612e5e0caca818ea1660751387af436c11ec,REFERENCE_ONLY,"Retained as teaching/reference material: redundant with an existing tested concept, answer-labeled, primarily explanatory, or not a defensible image-required one-best item.",,P27 - Radiology of Pulmonary Infections and Lung Cancer,/Users/chriselwell/Desktop/Pulm/Pulm Pictures/Enlarged Lymph Nodes in Lung Cancer.jpg
131,Epiglottitis-Normal-vs-Enlarged-Epiglottis.png,0acee42d7192b836f4e6bfdd62cd119ef71a50003c2870ae988d4740ec8caaf2,REFERENCE_ONLY,"Retained as teaching/reference material: redundant with an existing tested concept, answer-labeled, primarily explanatory, or not a defensible image-required one-best item.",,P33 - Otolaryngology - Upper Airway Pathology | Pulmonary - Comprehensive Study Guide,/Users/chriselwell/Desktop/Pulm/Pulm Pictures/Epiglottitis-Normal-vs-Enlarged-Epiglottis.png
132,example-ecg-seen-in-pulmonary-embolism.jpg,02a17e780447220f1a0b2f1c9c7a0e2c853bb8bd58d7c84a4cde3adba083dca6,REFERENCE_ONLY,"Retained as teaching/reference material: redundant with an existing tested concept, answer-labeled, primarily explanatory, or not a defensible image-required one-best item.",,P13 - Pulmonary Problem Solving Exercise Part 1,/Users/chriselwell/Desktop/Pulm/Pulm Pictures/example-ecg-seen-in-pulmonary-embolism.jpg
133,Exercise-Altitude-Panic-Attack-Vq-Table.png,82a397e2dca138ffe45ce4c6286791db18d33561cc890a0c46732d6a5228ba60,REFERENCE_ONLY,"Retained as teaching/reference material: redundant with an existing tested concept, answer-labeled, primarily explanatory, or not a defensible image-required one-best item.",,"P10 - Physiology Six-Case Workshop | P7 - Gas Exchange, Part 2 - Causes of Hypoxemia | P8 - Control of Ventilation",/Users/chriselwell/Desktop/Pulm/Pulm Pictures/Exercise-Altitude-Panic-Attack-Vq-Table.png
134,exudative-vs-transudative-pleural-effusions.png,70d9c22a563e798250c1718d0baf79c753849c0f7e5b5718d3a7aa2dc9a89a74,REFERENCE_ONLY,"Retained as teaching/reference material: redundant with an existing tested concept, answer-labeled, primarily explanatory, or not a defensible image-required one-best item.",,P15 - Approach to the Patient with Respiratory Disease and Pulmonary Preventative Care | P31 - Review of Pneumonia - Pathology and Pharmacology,/Users/chriselwell/Desktop/Pulm/Pulm Pictures/exudative-vs-transudative-pleural-effusions.png
135,F_Asthma_Curschmann_Spirals.png,887cb6bd3ccd02534977e37e3df7b97adaa4ecdb4cef8bc9b4149d5988bfabbe,ADDED_SCORED,Validated local Pulm Pictures source included in the scored quiz.,Curschmann spiral from asthma,P19 - Obstructive Diseases and Airway Diseases,/Users/chriselwell/Desktop/Pulm/Pulm Pictures/F_Asthma_Curschmann_Spirals.png
136,Facial features in chronic bronchitis.jpg,bf0ea3fa0a7a22888c7d0dfe3e64406574bc7123591cbd86ad1b9ac8c1957f2e,REFERENCE_ONLY,"Retained as teaching/reference material: redundant with an existing tested concept, answer-labeled, primarily explanatory, or not a defensible image-required one-best item.",,P12 - Approach to Pulmonary Abnormalities,/Users/chriselwell/Desktop/Pulm/Pulm Pictures/Facial features in chronic bronchitis.jpg
137,Fick-Law-of-Diffusion.png,5d79f8118a461f18fa363d3d5bceab8dda05346fa298e3135d38bc39a859316d,REFERENCE_ONLY,"Retained as teaching/reference material: redundant with an existing tested concept, answer-labeled, primarily explanatory, or not a defensible image-required one-best item.",,"P6 - Gas Exchange, Part 1 - Pressures, Diffusion and Transport",/Users/chriselwell/Desktop/Pulm/Pulm Pictures/Fick-Law-of-Diffusion.png
138,Final Section of the Bronchial Tree.jpg,581c329856ef6e4044fe8d2da63376f82fef1b4c6d26211439367a762ac7e6ff,REFERENCE_ONLY,"Retained as teaching/reference material: redundant with an existing tested concept, answer-labeled, primarily explanatory, or not a defensible image-required one-best item.",,P2 - Structure and Volumes,/Users/chriselwell/Desktop/Pulm/Pulm Pictures/Final Section of the Bronchial Tree.jpg
139,Finger Clubbing and Hippocratic Nails in Cystic Fibrosis.jpg,40f1bfacecf747f5ae21e9b2b677a998fec24f0361a5e594377cdc6a4109eb62,REFERENCE_ONLY,"Retained as teaching/reference material: redundant with an existing tested concept, answer-labeled, primarily explanatory, or not a defensible image-required one-best item.",,P38 - Mystery Illness Review Session - Interactive Workshop | Pulmonary - Comprehensive Study Guide,/Users/chriselwell/Desktop/Pulm/Pulm Pictures/Finger Clubbing and Hippocratic Nails in Cystic Fibrosis.jpg
140,"Fleischner sign, Westermark sign, and knuckle sign in pulmonary embolism.jpg",e3cf8908bdea0ab4ceee7fc204361c26dbad5ebe277e1f954279dc8e6e748979,REFERENCE_ONLY,"Retained as teaching/reference material: redundant with an existing tested concept, answer-labeled, primarily explanatory, or not a defensible image-required one-best item.",,P25 - Radiology of Restrictive Lung Disease and Extras,"/Users/chriselwell/Desktop/Pulm/Pulm Pictures/Fleischner sign, Westermark sign, and knuckle sign in pulmonary embolism.jpg"
141,Flow-Volume Loop in Obstructive and Restrictive Lung Diseases.jpg,dcf8885276e0079b487a159dcbaabb86be663adc7595f4ffd0899d528469c069,REFERENCE_ONLY,"Retained as teaching/reference material: redundant with an existing tested concept, answer-labeled, primarily explanatory, or not a defensible image-required one-best item.",,"P5 - Spirometry, Obstructive and Restrictive Pulmonary Diseases",/Users/chriselwell/Desktop/Pulm/Pulm Pictures/Flow-Volume Loop in Obstructive and Restrictive Lung Diseases.jpg
142,Flow-Volume-Loop-for-Fixed-Immobile-Upper-Airway-Obstruction.jpg,e588e4ed049d7e9fabe9740283bac60767d1fabf697c1d625dc025e8cc927ecc,ALREADY_SCORED,Validated local Pulm Pictures source included in the scored quiz.,Fixed upper-airway obstruction,"P37 - Advanced Spirometry Review - Interactive Workshop | P5 - Spirometry, Obstructive and Restrictive Pulmonary Diseases | Pulmonary - Comprehensive Study Guide",/Users/chriselwell/Desktop/Pulm/Pulm Pictures/Flow-Volume-Loop-for-Fixed-Immobile-Upper-Airway-Obstruction.jpg
143,Flow-Volume-Loop-for-Mobile-Variable-Intrathoracic-Obstruction.jpg,27154896066bf2b0f92e12fa8f1b501a5c37be6821d8c9debce10279cabb97f4,ALREADY_SCORED,Validated local Pulm Pictures source included in the scored quiz.,Variable intrathoracic obstruction,"P37 - Advanced Spirometry Review - Interactive Workshop | P5 - Spirometry, Obstructive and Restrictive Pulmonary Diseases",/Users/chriselwell/Desktop/Pulm/Pulm Pictures/Flow-Volume-Loop-for-Mobile-Variable-Intrathoracic-Obstruction.jpg
144,Flow-Volume-Loop-for-Parenchymal-Restrictive-Lung-Disease.jpg,01db6624be6aaa2ddfee8f1a7149ab1f1adb3ec63dc87e019eeef35c4caee195,REFERENCE_ONLY,"Retained as teaching/reference material: redundant with an existing tested concept, answer-labeled, primarily explanatory, or not a defensible image-required one-best item.",,"P5 - Spirometry, Obstructive and Restrictive Pulmonary Diseases",/Users/chriselwell/Desktop/Pulm/Pulm Pictures/Flow-Volume-Loop-for-Parenchymal-Restrictive-Lung-Disease.jpg
145,flow-volume-loop-for-small-airway-obstructive-lung-disease.jpg,f6f8f8447b68ce0238c997696c817c42e00909f31d1ab5607b14e31744dc2cc7,ALREADY_SCORED,Validated local Pulm Pictures source included in the scored quiz.,Small-airway obstructive flow-volume loop,"P19 - Obstructive Diseases and Airway Diseases | P5 - Spirometry, Obstructive and Restrictive Pulmonary Diseases",/Users/chriselwell/Desktop/Pulm/Pulm Pictures/flow-volume-loop-for-small-airway-obstructive-lung-disease.jpg
146,Flow-Volume-Loop-for-Variable-Mobile-Extrathoracic-Obstruction.jpg,4d70c125a1f75b942e5aea969490033f19d065c8e92d0f7065683ef3ce41a71b,REFERENCE_ONLY,"Retained as teaching/reference material: redundant with an existing tested concept, answer-labeled, primarily explanatory, or not a defensible image-required one-best item.",,"P37 - Advanced Spirometry Review - Interactive Workshop | P5 - Spirometry, Obstructive and Restrictive Pulmonary Diseases",/Users/chriselwell/Desktop/Pulm/Pulm Pictures/Flow-Volume-Loop-for-Variable-Mobile-Extrathoracic-Obstruction.jpg
147,Flow-Volume-Loops-Normal-Obstructive-Restrictive-Table.png,9fd9e34f4aa794c8376988062092db4751b523964459ccd3ee68fc4f3b060833,REFERENCE_ONLY,"Retained as teaching/reference material: redundant with an existing tested concept, answer-labeled, primarily explanatory, or not a defensible image-required one-best item.",,"P11 - Physiology Practice Question Review | P37 - Advanced Spirometry Review - Interactive Workshop | P5 - Spirometry, Obstructive and Restrictive Pulmonary Diseases | P9 - Pulmonary Physiology Review | Pulmonary - Comprehensive Study Guide",/Users/chriselwell/Desktop/Pulm/Pulm Pictures/Flow-Volume-Loops-Normal-Obstructive-Restrictive-Table.png
148,Flu sketchy.png,69d98757674d19753ed228f4b8be2ccf0e53ebae1ad2977b7fb8be86562f97ef,REFERENCE_ONLY,"Retained as teaching/reference material: redundant with an existing tested concept, answer-labeled, primarily explanatory, or not a defensible image-required one-best item.",,P29 - Microbiology of Pneumonia - Viral Infections of the Respiratory Tract,/Users/chriselwell/Desktop/Pulm/Pulm Pictures/Flu sketchy.png
149,G_Asthma_Charcot_Leyden_Crystal.png,032a879b33d157fdb94a42a46924f64e89f817c7b3efc9c473672fd4399b061b,ADDED_SCORED,Validated local Pulm Pictures source included in the scored quiz.,Charcot-Leyden crystal,P19 - Obstructive Diseases and Airway Diseases,/Users/chriselwell/Desktop/Pulm/Pulm Pictures/G_Asthma_Charcot_Leyden_Crystal.png
150,Gas-Exchange-Pressures-Diagram.png,018cfad3e8801af3a8983ba10c0c7c8671c61e81a2e594f339589bd4bafe69f0,REFERENCE_ONLY,"Retained as teaching/reference material: redundant with an existing tested concept, answer-labeled, primarily explanatory, or not a defensible image-required one-best item.",,"P6 - Gas Exchange, Part 1 - Pressures, Diffusion and Transport | P9 - Pulmonary Physiology Review | Pulmonary - Comprehensive Study Guide",/Users/chriselwell/Desktop/Pulm/Pulm Pictures/Gas-Exchange-Pressures-Diagram.png
151,H Bronchiectasis CF Inspissated Mucus Plug.png,9e744681656aa992c2f6c1140c405a5cc0d4e1d425f8815bdd1019806d2b6c8c,REFERENCE_ONLY,"Retained as teaching/reference material: redundant with an existing tested concept, answer-labeled, primarily explanatory, or not a defensible image-required one-best item.",,P20 - Radiology of Obstructive Lung Disease | P38 - Mystery Illness Review Session - Interactive Workshop,/Users/chriselwell/Desktop/Pulm/Pulm Pictures/H Bronchiectasis CF Inspissated Mucus Plug.png
152,Haemophilus Influenzae Overview.png,7c7f6082e2c4cb01324d7afb08b9f5897592ad39d7dc76fd16df9e43c008a2ab,REFERENCE_ONLY,"Retained as teaching/reference material: redundant with an existing tested concept, answer-labeled, primarily explanatory, or not a defensible image-required one-best item.",,P28 - Microbiology of Pneumonia - Bacterial Infections,/Users/chriselwell/Desktop/Pulm/Pulm Pictures/Haemophilus Influenzae Overview.png
153,Haldane-Bohr-Chloride-Shift-Rbc-Cycle.png,40779a8cd9b19383c595d021a83cc8a054ec1d75a2801f91824dc93ed1f83494,REFERENCE_ONLY,"Retained as teaching/reference material: redundant with an existing tested concept, answer-labeled, primarily explanatory, or not a defensible image-required one-best item.",,"P6 - Gas Exchange, Part 1 - Pressures, Diffusion and Transport",/Users/chriselwell/Desktop/Pulm/Pulm Pictures/Haldane-Bohr-Chloride-Shift-Rbc-Cycle.png
154,Hampton Hump in Pulmonary Infarction.jpg,4e8b04c971d360b2e1b205101cf0f8baf739d3a8d3a200ecb8825f7bc21ed3cf,REFERENCE_ONLY,"Retained as teaching/reference material: redundant with an existing tested concept, answer-labeled, primarily explanatory, or not a defensible image-required one-best item.",,"P26 - Diseases of the Respiratory Tract - Part 3 - Vascular, Cancer, Other Disease (Pathology)",/Users/chriselwell/Desktop/Pulm/Pulm Pictures/Hampton Hump in Pulmonary Infarction.jpg
155,Hampton-Hump-from-Pulmonary-Embolism.png,f935031279adb95548a71958d1cc00de5e9902edcab85f65c6c6f56cccb016e0,REFERENCE_ONLY,"Retained as teaching/reference material: redundant with an existing tested concept, answer-labeled, primarily explanatory, or not a defensible image-required one-best item.",,P39 - Clinical Pathology & Imaging - Interactive Workshop,/Users/chriselwell/Desktop/Pulm/Pulm Pictures/Hampton-Hump-from-Pulmonary-Embolism.png
156,Hemoglobin Curves.png,9962153a36363bc88ddf98406ca72c6aa306823c527ad28a8d807ef63470f759,REFERENCE_ONLY,"Retained as teaching/reference material: redundant with an existing tested concept, answer-labeled, primarily explanatory, or not a defensible image-required one-best item.",,"P11 - Physiology Practice Question Review | P6 - Gas Exchange, Part 1 - Pressures, Diffusion and Transport",/Users/chriselwell/Desktop/Pulm/Pulm Pictures/Hemoglobin Curves.png
157,Hemoglobin DC.png,e0edf5097b9e4a7e7d2e3ebfcaf5d62fee33db915ae0783a8524ce000d9550f4,REFERENCE_ONLY,"Retained as teaching/reference material: redundant with an existing tested concept, answer-labeled, primarily explanatory, or not a defensible image-required one-best item.",,"P6 - Gas Exchange, Part 1 - Pressures, Diffusion and Transport",/Users/chriselwell/Desktop/Pulm/Pulm Pictures/Hemoglobin DC.png
158,Histology-of-Bronchial-Mucosa.png,e7674c1425d24bedd8a6efa6c25219d490bf29b93774a266d82dffcbae245328,REFERENCE_ONLY,"Retained as teaching/reference material: redundant with an existing tested concept, answer-labeled, primarily explanatory, or not a defensible image-required one-best item.",,P1 - Histology of the Respiratory System Review,/Users/chriselwell/Desktop/Pulm/Pulm Pictures/Histology-of-Bronchial-Mucosa.png
159,Histoplasmosis Histology.png,97707de0109a16e51cd5f55fc4aaee2084bab948cef923c4ac243351f20f64ec,REFERENCE_ONLY,"Retained as teaching/reference material: redundant with an existing tested concept, answer-labeled, primarily explanatory, or not a defensible image-required one-best item.",,P26.2 - Lung Infections - Pathology Review and Study Supplement | P30 - Microbiology of Pneumonia - Fungal Infections | Pulmonary - Comprehensive Study Guide,/Users/chriselwell/Desktop/Pulm/Pulm Pictures/Histoplasmosis Histology.png
160,honeycombing.jpg,a3ec4974577e7f3356a0ec8665185166af25ec6a203ea3f53203183f1bb79e89,REFERENCE_ONLY,"Retained as teaching/reference material: redundant with an existing tested concept, answer-labeled, primarily explanatory, or not a defensible image-required one-best item.",,P24 - Diseases of the Respiratory Tract - Part 2 - Restrictive Disease (Pathology),/Users/chriselwell/Desktop/Pulm/Pulm Pictures/honeycombing.jpg
161,Hyperinflation in COPD.jpg,b3fdfdbcac95b6b48165fd5e7a68df0da0bf2903c377748808940cde0aa87863,REFERENCE_ONLY,"Retained as teaching/reference material: redundant with an existing tested concept, answer-labeled, primarily explanatory, or not a defensible image-required one-best item.",,P18 - Basic Interpretation of Chest X-Ray | P20 - Radiology of Obstructive Lung Disease | P27.2 - Chest X-Ray Final Review | P37 - Advanced Spirometry Review - Interactive Workshop,/Users/chriselwell/Desktop/Pulm/Pulm Pictures/Hyperinflation in COPD.jpg
162,hyperinflation-in-obstructive-lung-disease.jpg,3b2592a0887d48a37e225b946ec21984a9cf75f9c6801801714cf4c28c18734a,REFERENCE_ONLY,"Retained as teaching/reference material: redundant with an existing tested concept, answer-labeled, primarily explanatory, or not a defensible image-required one-best item.",,P12 - Approach to Pulmonary Abnormalities | P18 - Basic Interpretation of Chest X-Ray | P20 - Radiology of Obstructive Lung Disease,/Users/chriselwell/Desktop/Pulm/Pulm Pictures/hyperinflation-in-obstructive-lung-disease.jpg
163,Hypersensitivity pneumonitis HE 2.jpg,ce07db9ef09969f756068ade6cc6a7116e1c5a08156f6b53e7a8290b875ba366,REFERENCE_ONLY,"Retained as teaching/reference material: redundant with an existing tested concept, answer-labeled, primarily explanatory, or not a defensible image-required one-best item.",,P24 - Diseases of the Respiratory Tract - Part 2 - Restrictive Disease (Pathology),/Users/chriselwell/Desktop/Pulm/Pulm Pictures/Hypersensitivity pneumonitis HE 2.jpg
164,Hyperventilation-Effect-on-Vq-Mismatch.png,359b02ed29b04d7466fc172d69e9d24725d336857ecf740ae33d4b0a9b304882,REFERENCE_ONLY,"Retained as teaching/reference material: redundant with an existing tested concept, answer-labeled, primarily explanatory, or not a defensible image-required one-best item.",,"P7 - Gas Exchange, Part 2 - Causes of Hypoxemia",/Users/chriselwell/Desktop/Pulm/Pulm Pictures/Hyperventilation-Effect-on-Vq-Mismatch.png
165,Hypoxemia-Anemia-Co-Comparison-Table.png,993f34fcb0e013a1720b58a802f77bb7f0910fcc457007969cd3ed7c9e10ed2c,REFERENCE_ONLY,"Retained as teaching/reference material: redundant with an existing tested concept, answer-labeled, primarily explanatory, or not a defensible image-required one-best item.",,"P10 - Physiology Six-Case Workshop | P13 - Pulmonary Problem Solving Exercise Part 1 | P6 - Gas Exchange, Part 1 - Pressures, Diffusion and Transport",/Users/chriselwell/Desktop/Pulm/Pulm Pictures/Hypoxemia-Anemia-Co-Comparison-Table.png
166,hypoxia-causes-overview-diagram.png,e969b9a5e5ce72e052fdb4853b0f4431f939d75105d2cdf037bfb3c980c4d0b5,REFERENCE_ONLY,"Retained as teaching/reference material: redundant with an existing tested concept, answer-labeled, primarily explanatory, or not a defensible image-required one-best item.",,P17 - Introduction to Respiratory Pathophysiology,/Users/chriselwell/Desktop/Pulm/Pulm Pictures/hypoxia-causes-overview-diagram.png
167,hypoxic-vasoconstriction-effect.png,bf768679ee2094537d50a44189cf0c7766eeee05a9b4414a5e07161f56c8b809,REFERENCE_ONLY,"Retained as teaching/reference material: redundant with an existing tested concept, answer-labeled, primarily explanatory, or not a defensible image-required one-best item.",,P17 - Introduction to Respiratory Pathophysiology | P3 - Airway and Vascular Flow,/Users/chriselwell/Desktop/Pulm/Pulm Pictures/hypoxic-vasoconstriction-effect.png
168,Idiopathic Pulmonary Fibrosis 1:2 Pain.jpg,ab699b8c6fb5f31e277f2d27adf528ae784172f93b3c31e82afe9bcf81b7aa15,REFERENCE_ONLY,"Retained as teaching/reference material: redundant with an existing tested concept, answer-labeled, primarily explanatory, or not a defensible image-required one-best item.",,P14 - Introduction to Pulmonary Pathophysiology | P15 - Approach to the Patient with Respiratory Disease and Pulmonary Preventative Care,/Users/chriselwell/Desktop/Pulm/Pulm Pictures/Idiopathic Pulmonary Fibrosis 1:2 Pain.jpg
169,Influenza Virus Overview.png,26f3775f3dbf492312c624a870d1c165716d665efcc61563fc6ecf84463bbea4,REFERENCE_ONLY,"Retained as teaching/reference material: redundant with an existing tested concept, answer-labeled, primarily explanatory, or not a defensible image-required one-best item.",,P29 - Microbiology of Pneumonia - Viral Infections of the Respiratory Tract,/Users/chriselwell/Desktop/Pulm/Pulm Pictures/Influenza Virus Overview.png
170,Influenza-Virus-Life-Cycle.jpg,5062ad18c48573e77979f7d042e71c91b95afc1af29ced77de75b525cce05ac2,REFERENCE_ONLY,"Retained as teaching/reference material: redundant with an existing tested concept, answer-labeled, primarily explanatory, or not a defensible image-required one-best item.",,P29 - Microbiology of Pneumonia - Viral Infections of the Respiratory Tract,/Users/chriselwell/Desktop/Pulm/Pulm Pictures/Influenza-Virus-Life-Cycle.jpg
171,Interstitial-Atypical-Pneumonia.png,ae159adb04838168ce5321d3be1d38799b74d946a4eddfa847558404929bdb7f,REFERENCE_ONLY,"Retained as teaching/reference material: redundant with an existing tested concept, answer-labeled, primarily explanatory, or not a defensible image-required one-best item.",,P31 - Review of Pneumonia - Pathology and Pharmacology,/Users/chriselwell/Desktop/Pulm/Pulm Pictures/Interstitial-Atypical-Pneumonia.png
172,interstitial-lung-disease-ct-and-cxr.png,c1ec431105691d44488d01ed12b23af247279c95211bf904c0b8e79af93349d4,REFERENCE_ONLY,"Retained as teaching/reference material: redundant with an existing tested concept, answer-labeled, primarily explanatory, or not a defensible image-required one-best item.",,P17 - Introduction to Respiratory Pathophysiology | P25 - Radiology of Restrictive Lung Disease and Extras,/Users/chriselwell/Desktop/Pulm/Pulm Pictures/interstitial-lung-disease-ct-and-cxr.png
173,Intrapulmonary and intrapleural pressure during respiration.jpg,baf855ca05379d7b3dcd4dd3c4d3b022e05ffa338295d550b7d0957cb8d012f3,REFERENCE_ONLY,"Retained as teaching/reference material: redundant with an existing tested concept, answer-labeled, primarily explanatory, or not a defensible image-required one-best item.",,"P17 - Introduction to Respiratory Pathophysiology | P4 - Mechanics, Compliance and Ventilation",/Users/chriselwell/Desktop/Pulm/Pulm Pictures/Intrapulmonary and intrapleural pressure during respiration.jpg
174,Invasive Aspergillosis.png,0cdaca6ac22c63be4fd80456bd565d9f4bb9347e7297dd49e6f85678fc4c109c,REFERENCE_ONLY,"Retained as teaching/reference material: redundant with an existing tested concept, answer-labeled, primarily explanatory, or not a defensible image-required one-best item.",,"P26 - Diseases of the Respiratory Tract - Part 3 - Vascular, Cancer, Other Disease (Pathology) | P26.2 - Lung Infections - Pathology Review and Study Supplement | Pulmonary - Comprehensive Study Guide",/Users/chriselwell/Desktop/Pulm/Pulm Pictures/Invasive Aspergillosis.png
175,Klebsiella Pneumoniae Mucoid Colonies.png,3f722b4176b0578946271b90120b3bd2f038c187befb482ebe584f2654caccc3,REFERENCE_ONLY,"Retained as teaching/reference material: redundant with an existing tested concept, answer-labeled, primarily explanatory, or not a defensible image-required one-best item.",,P28 - Microbiology of Pneumonia - Bacterial Infections,/Users/chriselwell/Desktop/Pulm/Pulm Pictures/Klebsiella Pneumoniae Mucoid Colonies.png
176,Laplace-Law-Collapsing-Pressure-Formula.png,bea6f8e4b2328e0db8bbf2fb62e1da698236945c85f528abf15df61efbe8ef6a,REFERENCE_ONLY,"Retained as teaching/reference material: redundant with an existing tested concept, answer-labeled, primarily explanatory, or not a defensible image-required one-best item.",,P3 - Airway and Vascular Flow,/Users/chriselwell/Desktop/Pulm/Pulm Pictures/Laplace-Law-Collapsing-Pressure-Formula.png
177,Large cell carcinoma of the lung.jpg,75d1f34e34f4b13c9cd05dec01e659376474971cd999cd45d98538313a39e917,REFERENCE_ONLY,"Retained as teaching/reference material: redundant with an existing tested concept, answer-labeled, primarily explanatory, or not a defensible image-required one-best item.",,P14 - Introduction to Pulmonary Pathophysiology,/Users/chriselwell/Desktop/Pulm/Pulm Pictures/Large cell carcinoma of the lung.jpg
178,large-pleural-effusion-with-contralateral-mediastinal-shift.png,2016e3e785e2e9e9e6f43ec3a6661562069488dabaec39f968e29d8f9fb90c33,REFERENCE_ONLY,"Retained as teaching/reference material: redundant with an existing tested concept, answer-labeled, primarily explanatory, or not a defensible image-required one-best item.",,P18 - Basic Interpretation of Chest X-Ray,/Users/chriselwell/Desktop/Pulm/Pulm Pictures/large-pleural-effusion-with-contralateral-mediastinal-shift.png
179,large-unilateral-consolidation-no-mediastinal-shift.png,f12c9cf01994de49c9145dc25fbc115d378eca29496b0881cb33bfa48131a75a,REFERENCE_ONLY,"Retained as teaching/reference material: redundant with an existing tested concept, answer-labeled, primarily explanatory, or not a defensible image-required one-best item.",,P18 - Basic Interpretation of Chest X-Ray,/Users/chriselwell/Desktop/Pulm/Pulm Pictures/large-unilateral-consolidation-no-mediastinal-shift.png
180,large-volume-atelectasis-with-ipsilateral-mediastinal-shift-frontal.png,7ca5e94d5f5b83747e8efc977855c3baba5293672274f4d081afa2e3f7f9aa3d,REFERENCE_ONLY,"Retained as teaching/reference material: redundant with an existing tested concept, answer-labeled, primarily explanatory, or not a defensible image-required one-best item.",,P18 - Basic Interpretation of Chest X-Ray | Pulmonary - Comprehensive Study Guide,/Users/chriselwell/Desktop/Pulm/Pulm Pictures/large-volume-atelectasis-with-ipsilateral-mediastinal-shift-frontal.png
181,Laryngomalacia.jpg,1c3b1b4d584b3b925f088ee026b15ae463b92c0cfdeb1099c13b04cb893dd039,REFERENCE_ONLY,"Retained as teaching/reference material: redundant with an existing tested concept, answer-labeled, primarily explanatory, or not a defensible image-required one-best item.",,P33 - Otolaryngology - Upper Airway Pathology,/Users/chriselwell/Desktop/Pulm/Pulm Pictures/Laryngomalacia.jpg
182,left-hilar-lung-mass-chest-xray.jpg,f2e652d96a70b6e428a957784773244b9fa6b920a95509b705efa064cdc48665,REFERENCE_ONLY,"Retained as teaching/reference material: redundant with an existing tested concept, answer-labeled, primarily explanatory, or not a defensible image-required one-best item.",,P18 - Basic Interpretation of Chest X-Ray | P27 - Radiology of Pulmonary Infections and Lung Cancer | P27.2 - Chest X-Ray Final Review,/Users/chriselwell/Desktop/Pulm/Pulm Pictures/left-hilar-lung-mass-chest-xray.jpg
183,left-upper-lobe-pneumonia-frontal.jpg,1b7dfe0bf09310d15e9c36453f221713a25560fc8476f2685e488c0afe495e6f,REFERENCE_ONLY,"Retained as teaching/reference material: redundant with an existing tested concept, answer-labeled, primarily explanatory, or not a defensible image-required one-best item.",,P13 - Pulmonary Problem Solving Exercise Part 1 | P31 - Review of Pneumonia - Pathology and Pharmacology,/Users/chriselwell/Desktop/Pulm/Pulm Pictures/left-upper-lobe-pneumonia-frontal.jpg
184,Left-Upper-Lobe-Pneumonia-Lateral.jpg,19db64b98f3f641c5f3af21bc082ac376dc4b97f1a52f96861f6e277e24bb394,REFERENCE_ONLY,"Retained as teaching/reference material: redundant with an existing tested concept, answer-labeled, primarily explanatory, or not a defensible image-required one-best item.",,P27 - Radiology of Pulmonary Infections and Lung Cancer | P31 - Review of Pneumonia - Pathology and Pharmacology,/Users/chriselwell/Desktop/Pulm/Pulm Pictures/Left-Upper-Lobe-Pneumonia-Lateral.jpg
185,Legionella Pneumonia.jpg,b2a6fa3c3d748ca7c4ae22ab5fea5b3b6a43cdd46a6e34c0dbad25764eb2ff6c,REFERENCE_ONLY,"Retained as teaching/reference material: redundant with an existing tested concept, answer-labeled, primarily explanatory, or not a defensible image-required one-best item.",,P28 - Microbiology of Pneumonia - Bacterial Infections,/Users/chriselwell/Desktop/Pulm/Pulm Pictures/Legionella Pneumonia.jpg
186,Legionella Pneumophila Overview.png,caab2b19821302ce3e971a800d9ce104600535af66f98f80d6623b2141faba0a,REFERENCE_ONLY,"Retained as teaching/reference material: redundant with an existing tested concept, answer-labeled, primarily explanatory, or not a defensible image-required one-best item.",,P28 - Microbiology of Pneumonia - Bacterial Infections,/Users/chriselwell/Desktop/Pulm/Pulm Pictures/Legionella Pneumophila Overview.png
187,Lobar Consolidation.jpg,f676825b3ae40c94d6a5fee1a4302fced18ba6f80b1c088ae810911cb1e85760,REFERENCE_ONLY,"Retained as teaching/reference material: redundant with an existing tested concept, answer-labeled, primarily explanatory, or not a defensible image-required one-best item.",,P27 - Radiology of Pulmonary Infections and Lung Cancer,/Users/chriselwell/Desktop/Pulm/Pulm Pictures/Lobar Consolidation.jpg
188,Lobar-Pneumonia-Pathology.png,be5010db1c6a6faee841d50ff9e7f9b0b49ccfb143d0170e29fd1a2605c8fd4c,REFERENCE_ONLY,"Retained as teaching/reference material: redundant with an existing tested concept, answer-labeled, primarily explanatory, or not a defensible image-required one-best item.",,P31 - Review of Pneumonia - Pathology and Pharmacology,/Users/chriselwell/Desktop/Pulm/Pulm Pictures/Lobar-Pneumonia-Pathology.png
189,Lobar-Pneumonia-with-Parapneumonic-Effusion.jpg,3e06a86314e561f6164ed7276943e8204f444d1df3735f824e6ae54321bb97da,REFERENCE_ONLY,"Retained as teaching/reference material: redundant with an existing tested concept, answer-labeled, primarily explanatory, or not a defensible image-required one-best item.",,P26.2 - Lung Infections - Pathology Review and Study Supplement | P27 - Radiology of Pulmonary Infections and Lung Cancer | P31 - Review of Pneumonia - Pathology and Pharmacology,/Users/chriselwell/Desktop/Pulm/Pulm Pictures/Lobar-Pneumonia-with-Parapneumonic-Effusion.jpg
190,Low-Tidal-Volume-Dead-Space-Ventilation.png,f73214a3d70fcbf3efa1d3b2ba7e6791624b9a0799c33dd34ff622339e8a20a7,REFERENCE_ONLY,"Retained as teaching/reference material: redundant with an existing tested concept, answer-labeled, primarily explanatory, or not a defensible image-required one-best item.",,"P35 - Acute Respiratory Failure | P4 - Mechanics, Compliance and Ventilation",/Users/chriselwell/Desktop/Pulm/Pulm Pictures/Low-Tidal-Volume-Dead-Space-Ventilation.png
191,Lung Development.png,bf30ba9d620c5ecac82fe7e7b33e88d245a8c326850a1ffc58e84858d2a9a679,REFERENCE_ONLY,"Retained as teaching/reference material: redundant with an existing tested concept, answer-labeled, primarily explanatory, or not a defensible image-required one-best item.",,P36 - Pulmonary Developmental Anomalies,/Users/chriselwell/Desktop/Pulm/Pulm Pictures/Lung Development.png
192,Lung Volumes and Capacities.png,d8248b92d3aa070dcf807912360e45f47b841e929d8ee4933e288a110206cef3,REFERENCE_ONLY,"Retained as teaching/reference material: redundant with an existing tested concept, answer-labeled, primarily explanatory, or not a defensible image-required one-best item.",,P11 - Physiology Practice Question Review | P2 - Structure and Volumes | P37 - Advanced Spirometry Review - Interactive Workshop | P9 - Pulmonary Physiology Review | Pulmonary - Comprehensive Study Guide,/Users/chriselwell/Desktop/Pulm/Pulm Pictures/Lung Volumes and Capacities.png
193,Lung-Abscess.png,93be6a28b55a21ddd2a6b5c987a14a357dbbee0ee5d979d17229a3b8ca0e054b,REFERENCE_ONLY,"Retained as teaching/reference material: redundant with an existing tested concept, answer-labeled, primarily explanatory, or not a defensible image-required one-best item.",,P31 - Review of Pneumonia - Pathology and Pharmacology | P39 - Clinical Pathology & Imaging - Interactive Workshop,/Users/chriselwell/Desktop/Pulm/Pulm Pictures/Lung-Abscess.png
194,Lung-Anatomy-Lobes-Overview.png,ad8a3a7a6dfb3372117748b4a77c23d366c09cf6f2f53e5a89ec51c979a532ed,REFERENCE_ONLY,"Retained as teaching/reference material: redundant with an existing tested concept, answer-labeled, primarily explanatory, or not a defensible image-required one-best item.",,P2 - Structure and Volumes,/Users/chriselwell/Desktop/Pulm/Pulm Pictures/Lung-Anatomy-Lobes-Overview.png
195,Lung-Compliance-Emphysema-vs-Fibrosis.png,fedc426d4c175f2de4cee72846a7050bf2338f57ad5cc655b2cb9ac10be7635b,REFERENCE_ONLY,"Retained as teaching/reference material: redundant with an existing tested concept, answer-labeled, primarily explanatory, or not a defensible image-required one-best item.",,"P10 - Physiology Six-Case Workshop | P24 - Diseases of the Respiratory Tract - Part 2 - Restrictive Disease (Pathology) | P35 - Acute Respiratory Failure | P4 - Mechanics, Compliance and Ventilation | P5 - Spirometry, Obstructive and Restrictive Pulmonary Diseases | P9 - Pulmonary Physiology Review",/Users/chriselwell/Desktop/Pulm/Pulm Pictures/Lung-Compliance-Emphysema-vs-Fibrosis.png
196,Lung-Compliance-Hysteresis.png,8c1ecb60811f4a514507f951ca10421cd217867c049646c164352a76de5b0126,REFERENCE_ONLY,"Retained as teaching/reference material: redundant with an existing tested concept, answer-labeled, primarily explanatory, or not a defensible image-required one-best item.",,"P4 - Mechanics, Compliance and Ventilation",/Users/chriselwell/Desktop/Pulm/Pulm Pictures/Lung-Compliance-Hysteresis.png
197,Lung-Volume-Changes-After-Surfactant.jpg,d5e1d000091b2f3b0a94b4b0b09c3b62e20c430723d142f9ec48c0091429b664,REFERENCE_ONLY,"Retained as teaching/reference material: redundant with an existing tested concept, answer-labeled, primarily explanatory, or not a defensible image-required one-best item.",,P3 - Airway and Vascular Flow,/Users/chriselwell/Desktop/Pulm/Pulm Pictures/Lung-Volume-Changes-After-Surfactant.jpg
198,Lung-Volume-Pressure-Changes-During-Breathing.png,8289e292fa7af14111990f3a5009c05a5aad5eafe170cd3155ee6486ec25c898,REFERENCE_ONLY,"Retained as teaching/reference material: redundant with an existing tested concept, answer-labeled, primarily explanatory, or not a defensible image-required one-best item.",,"P11 - Physiology Practice Question Review | P4 - Mechanics, Compliance and Ventilation",/Users/chriselwell/Desktop/Pulm/Pulm Pictures/Lung-Volume-Pressure-Changes-During-Breathing.png
199,Lung-Volumes-and-Pulmonary-Vascular-Resistance.png,4fb5f3bcf4abef35717fea08f35c4727fcd382241554c550b1db91205c8dce7a,REFERENCE_ONLY,"Retained as teaching/reference material: redundant with an existing tested concept, answer-labeled, primarily explanatory, or not a defensible image-required one-best item.",,P3 - Airway and Vascular Flow | Pulmonary - Comprehensive Study Guide,/Users/chriselwell/Desktop/Pulm/Pulm Pictures/Lung-Volumes-and-Pulmonary-Vascular-Resistance.png
200,Lung-Volumes-in-Obstructive-and-Restrictive-Lung-Disease.jpg,7fc136a7b6bd4195b44cfba9425bff1189e70540793c04d012a3e1620f86b0aa,REFERENCE_ONLY,"Retained as teaching/reference material: redundant with an existing tested concept, answer-labeled, primarily explanatory, or not a defensible image-required one-best item.",,"P5 - Spirometry, Obstructive and Restrictive Pulmonary Diseases",/Users/chriselwell/Desktop/Pulm/Pulm Pictures/Lung-Volumes-in-Obstructive-and-Restrictive-Lung-Disease.jpg
201,Mechanism of action- asthma medication.jpg,00cc3f3f3ff7307c895e80779e2a124a96dcf247b1bd76d747c35662313da66d,REFERENCE_ONLY,"Retained as teaching/reference material: redundant with an existing tested concept, answer-labeled, primarily explanatory, or not a defensible image-required one-best item.",,P22-23 - Drugs Used for Treatment of Asthma and COPD,/Users/chriselwell/Desktop/Pulm/Pulm Pictures/Mechanism of action- asthma medication.jpg
202,Mesothelioma-Ct.jpg,e7dd26532107d1f00721d960493cdb423bebd782128e2d37686529e524d23cb1,REFERENCE_ONLY,"Retained as teaching/reference material: redundant with an existing tested concept, answer-labeled, primarily explanatory, or not a defensible image-required one-best item.",,P27.2 - Chest X-Ray Final Review,/Users/chriselwell/Desktop/Pulm/Pulm Pictures/Mesothelioma-Ct.jpg
203,miliary-tuberculosis.jpg,c8af5416be3c67c842c5254e1c0b7c9ec531a25bed5b84e5eb626c8f17c50512,REFERENCE_ONLY,"Retained as teaching/reference material: redundant with an existing tested concept, answer-labeled, primarily explanatory, or not a defensible image-required one-best item.",,P18 - Basic Interpretation of Chest X-Ray | P39 - Clinical Pathology & Imaging - Interactive Workshop,/Users/chriselwell/Desktop/Pulm/Pulm Pictures/miliary-tuberculosis.jpg
204,Mycoplasma Pneumonia.png,5e1c154896bd56ffd929f56a11323eb5e28e9d23c12c6005617d9b3cc61b09d6,REFERENCE_ONLY,"Retained as teaching/reference material: redundant with an existing tested concept, answer-labeled, primarily explanatory, or not a defensible image-required one-best item.",,P28 - Microbiology of Pneumonia - Bacterial Infections | P39 - Clinical Pathology & Imaging - Interactive Workshop,/Users/chriselwell/Desktop/Pulm/Pulm Pictures/Mycoplasma Pneumonia.png
205,Natural-History-of-Lobar-Pneumonia.png,d61c127f36ae8c464e89bdea9b6c4159cdcb2c044937947c4226eb110ac1cba0,REFERENCE_ONLY,"Retained as teaching/reference material: redundant with an existing tested concept, answer-labeled, primarily explanatory, or not a defensible image-required one-best item.",,P31 - Review of Pneumonia - Pathology and Pharmacology,/Users/chriselwell/Desktop/Pulm/Pulm Pictures/Natural-History-of-Lobar-Pneumonia.png
206,Natural-History-of-Obstructive-Lung-Disease.png,5b2b5535a08c60af0c7f1dc21a4267b6018b7cb4d042c0d444cb7484df188b0c,REFERENCE_ONLY,"Retained as teaching/reference material: redundant with an existing tested concept, answer-labeled, primarily explanatory, or not a defensible image-required one-best item.",,P34 - Respiratory Medicine Clinical Case Studies - Obstructive Diseases (Pathophysiology),/Users/chriselwell/Desktop/Pulm/Pulm Pictures/Natural-History-of-Obstructive-Lung-Disease.png
207,Neonatal-Respiratory-Distress-Syndrome-Hyaline-Membranes.png,68ec1fe8fe7f397fc39b4aebe9ef3f1ea7b3ab0e20d4c8e605d55d4ed7071634,REFERENCE_ONLY,"Retained as teaching/reference material: redundant with an existing tested concept, answer-labeled, primarily explanatory, or not a defensible image-required one-best item.",,P39 - Clinical Pathology & Imaging - Interactive Workshop,/Users/chriselwell/Desktop/Pulm/Pulm Pictures/Neonatal-Respiratory-Distress-Syndrome-Hyaline-Membranes.png
208,Normal Flow-Volume Loop.jpg,eb3cfe89f50148d9117343c7514485a132f63b2dd26dadf879eb8954e0186ad0,REFERENCE_ONLY,"Retained as teaching/reference material: redundant with an existing tested concept, answer-labeled, primarily explanatory, or not a defensible image-required one-best item.",,P37 - Advanced Spirometry Review - Interactive Workshop,/Users/chriselwell/Desktop/Pulm/Pulm Pictures/Normal Flow-Volume Loop.jpg
209,Normal-and-Pathologic-Ventilation-Table.png,16b0f62fb582da73567c854a73c139ce3b78e581f053aad3d91cd963642a0479,REFERENCE_ONLY,"Retained as teaching/reference material: redundant with an existing tested concept, answer-labeled, primarily explanatory, or not a defensible image-required one-best item.",,P35 - Acute Respiratory Failure,/Users/chriselwell/Desktop/Pulm/Pulm Pictures/Normal-and-Pathologic-Ventilation-Table.png
210,O2-Co2-Partial-Pressure-Blood-Air-Barrier-Table.png,df11285b9de951d8d817f0ef608fd549c77195da1543bc7453f77c2910472cad,REFERENCE_ONLY,"Retained as teaching/reference material: redundant with an existing tested concept, answer-labeled, primarily explanatory, or not a defensible image-required one-best item.",,"P6 - Gas Exchange, Part 1 - Pressures, Diffusion and Transport",/Users/chriselwell/Desktop/Pulm/Pulm Pictures/O2-Co2-Partial-Pressure-Blood-Air-Barrier-Table.png
211,Obstructive sleep apnea.jpg,08daaccc2c144d8be70d5dee614900f2a29d7d093df3a3db6327a25dfc6f728d,REFERENCE_ONLY,"Retained as teaching/reference material: redundant with an existing tested concept, answer-labeled, primarily explanatory, or not a defensible image-required one-best item.",,P21 - Overview of Sleep Disorders,/Users/chriselwell/Desktop/Pulm/Pulm Pictures/Obstructive sleep apnea.jpg
212,obstructive-lung-diseases.png,06381381d8157b720ad6dfe4d58e3f07add6b248c9d2540401c0f503f0f6aa01,REFERENCE_ONLY,"Retained as teaching/reference material: redundant with an existing tested concept, answer-labeled, primarily explanatory, or not a defensible image-required one-best item.",,P19 - Obstructive Diseases and Airway Diseases,/Users/chriselwell/Desktop/Pulm/Pulm Pictures/obstructive-lung-diseases.png
213,obstructive-sleep-apnea.jpg,ca17da40fe74b420736706c027ad406377126abdfad074949303fff669797093,REFERENCE_ONLY,"Retained as teaching/reference material: redundant with an existing tested concept, answer-labeled, primarily explanatory, or not a defensible image-required one-best item.",,P21 - Overview of Sleep Disorders | Pulmonary - Comprehensive Study Guide,/Users/chriselwell/Desktop/Pulm/Pulm Pictures/obstructive-sleep-apnea.jpg
214,Omega-Shaped Epiglottis.jpg,eb46780f1fc273a0d94f666c4499ca45ac0b938da6c772b9ff351fa12c5f2aae,ALREADY_SCORED,Validated local Pulm Pictures source included in the scored quiz.,Omega-shaped epiglottis in laryngomalacia,P33 - Otolaryngology - Upper Airway Pathology,/Users/chriselwell/Desktop/Pulm/Pulm Pictures/Omega-Shaped Epiglottis.jpg
215,Outpatient-Treatment-of-Community-Acquired-Pneumonia.png,3b8ac50e39903374cab0e7fe592fc71e3aec41176d616762cede8d7453e72bb4,REFERENCE_ONLY,"Retained as teaching/reference material: redundant with an existing tested concept, answer-labeled, primarily explanatory, or not a defensible image-required one-best item.",,P31 - Review of Pneumonia - Pathology and Pharmacology,/Users/chriselwell/Desktop/Pulm/Pulm Pictures/Outpatient-Treatment-of-Community-Acquired-Pneumonia.png
216,Overview of Flow-Volume Loops.jpg,05d14d51dcbcc1b45570fec5599172f74fe4a77ae659f897a2881369eb2bab57,REFERENCE_ONLY,"Retained as teaching/reference material: redundant with an existing tested concept, answer-labeled, primarily explanatory, or not a defensible image-required one-best item.",,P37 - Advanced Spirometry Review - Interactive Workshop,/Users/chriselwell/Desktop/Pulm/Pulm Pictures/Overview of Flow-Volume Loops.jpg
217,Oxygen-Carboxyhemoglobin-Dissociation-Curve.png,26fcfeb8d01abb49bac8dda2d6fc3e892ec456b12313e4c0ddaaf72f3ff0a28a,REFERENCE_ONLY,"Retained as teaching/reference material: redundant with an existing tested concept, answer-labeled, primarily explanatory, or not a defensible image-required one-best item.",,"P11 - Physiology Practice Question Review | P6 - Gas Exchange, Part 1 - Pressures, Diffusion and Transport",/Users/chriselwell/Desktop/Pulm/Pulm Pictures/Oxygen-Carboxyhemoglobin-Dissociation-Curve.png
218,Oxygen-Hemoglobin-Dissociation-Curve.png,e8343acf0c54ff3190e82aeef0b5dc56e1c09c0e4ac9d7f2f3b1237a2ecc4842,REFERENCE_ONLY,"Retained as teaching/reference material: redundant with an existing tested concept, answer-labeled, primarily explanatory, or not a defensible image-required one-best item.",,"P11 - Physiology Practice Question Review | P6 - Gas Exchange, Part 1 - Pressures, Diffusion and Transport | P9 - Pulmonary Physiology Review | Pulmonary - Comprehensive Study Guide",/Users/chriselwell/Desktop/Pulm/Pulm Pictures/Oxygen-Hemoglobin-Dissociation-Curve.png
219,Oxygen-Levels-at-Altitude.png,e2065d09f235349a5efb222782269442db45baeaa1929cc2e2a2b62ce8fafddc,REFERENCE_ONLY,"Retained as teaching/reference material: redundant with an existing tested concept, answer-labeled, primarily explanatory, or not a defensible image-required one-best item.",,P10 - Physiology Six-Case Workshop | P8 - Control of Ventilation,/Users/chriselwell/Desktop/Pulm/Pulm Pictures/Oxygen-Levels-at-Altitude.png
220,P002 Lobar Pneumonia Acute Alveolar Inflammation Histology.png,de6f91aa910bb85536e0f176319af8733f8aef38d74fc45cc602e79f89258934,REFERENCE_ONLY,"Retained as teaching/reference material: redundant with an existing tested concept, answer-labeled, primarily explanatory, or not a defensible image-required one-best item.",,"P26 - Diseases of the Respiratory Tract - Part 3 - Vascular, Cancer, Other Disease (Pathology) | P26.2 - Lung Infections - Pathology Review and Study Supplement | P31 - Review of Pneumonia - Pathology and Pharmacology | Pulmonary - Comprehensive Study Guide",/Users/chriselwell/Desktop/Pulm/Pulm Pictures/P002 Lobar Pneumonia Acute Alveolar Inflammation Histology.png
221,P002 Lobar Pneumonia CXR.png,fb5252b1250e75889f520dec222118a9c0ad5c6d5849321d91d2f44d72d746ee,REFERENCE_ONLY,"Retained as teaching/reference material: redundant with an existing tested concept, answer-labeled, primarily explanatory, or not a defensible image-required one-best item.",,P35 - Acute Respiratory Failure | Pulmonary - Comprehensive Study Guide,/Users/chriselwell/Desktop/Pulm/Pulm Pictures/P002 Lobar Pneumonia CXR.png
222,P002 Lobar Pneumonia Red Hepatization Gross.png,6c39fdc46bc27065d8379553ab9e4d7f4943debce750610a55d5f351c372dcb6,REFERENCE_ONLY,"Retained as teaching/reference material: redundant with an existing tested concept, answer-labeled, primarily explanatory, or not a defensible image-required one-best item.",,"P26 - Diseases of the Respiratory Tract - Part 3 - Vascular, Cancer, Other Disease (Pathology) | P26.2 - Lung Infections - Pathology Review and Study Supplement | P31 - Review of Pneumonia - Pathology and Pharmacology",/Users/chriselwell/Desktop/Pulm/Pulm Pictures/P002 Lobar Pneumonia Red Hepatization Gross.png
223,P002 Lung Anatomy.png,79a091b936afcb1829b4d0887e5577570236efd145fc4bb020569ead89879554,REFERENCE_ONLY,"Retained as teaching/reference material: redundant with an existing tested concept, answer-labeled, primarily explanatory, or not a defensible image-required one-best item.",,P2 - Structure and Volumes,/Users/chriselwell/Desktop/Pulm/Pulm Pictures/P002 Lung Anatomy.png
224,P002 Vocal Cord Nodules Gross.png,a64b9e4c63db32bfdda401d2450b88be87a8762e3e8e6b6044315607279b0332,ALREADY_SCORED,Validated local Pulm Pictures source included in the scored quiz.,Bilateral vocal-fold nodules,P33 - Otolaryngology - Upper Airway Pathology,/Users/chriselwell/Desktop/Pulm/Pulm Pictures/P002 Vocal Cord Nodules Gross.png
225,P003 Bronchopneumonia CXR.png,eb7acb831a48e6f93a64e4354114e882fb44d7c2af176d205ec85f6d2f6c2aef,REFERENCE_ONLY,"Retained as teaching/reference material: redundant with an existing tested concept, answer-labeled, primarily explanatory, or not a defensible image-required one-best item.",,P39 - Clinical Pathology & Imaging - Interactive Workshop,/Users/chriselwell/Desktop/Pulm/Pulm Pictures/P003 Bronchopneumonia CXR.png
226,P003 Bronchopneumonia Gross.png,3f878896878869ad13731801bfcedd4b0139c275e994867f7785ef62764d3ae2,REFERENCE_ONLY,"Retained as teaching/reference material: redundant with an existing tested concept, answer-labeled, primarily explanatory, or not a defensible image-required one-best item.",,"P26 - Diseases of the Respiratory Tract - Part 3 - Vascular, Cancer, Other Disease (Pathology) | P26.2 - Lung Infections - Pathology Review and Study Supplement | P39 - Clinical Pathology & Imaging - Interactive Workshop",/Users/chriselwell/Desktop/Pulm/Pulm Pictures/P003 Bronchopneumonia Gross.png
227,P003 Interstitial Pneumonia Inflammatory Infiltrate Histology.png,cdfe9cba4d7645d28e79f876d232a1420e663516bc2b22c8fd3f3e2661fe74e0,REFERENCE_ONLY,"Retained as teaching/reference material: redundant with an existing tested concept, answer-labeled, primarily explanatory, or not a defensible image-required one-best item.",,P26.2 - Lung Infections - Pathology Review and Study Supplement,/Users/chriselwell/Desktop/Pulm/Pulm Pictures/P003 Interstitial Pneumonia Inflammatory Infiltrate Histology.png
228,P005 Tuberculosis Caseating Granuloma Histology.png,a30a31e9e4a221fe485576ba6ef6ea5ca09a5e487cff163bf093b1381063758a,REFERENCE_ONLY,"Retained as teaching/reference material: redundant with an existing tested concept, answer-labeled, primarily explanatory, or not a defensible image-required one-best item.",,P26.2 - Lung Infections - Pathology Review and Study Supplement,/Users/chriselwell/Desktop/Pulm/Pulm Pictures/P005 Tuberculosis Caseating Granuloma Histology.png
229,P005 Tuberculosis Ghon Complex Gross.png,831fc7e6aceebf325a84c8d603ba00e02d1e47ce3e2242fff5e33994d3a53d77,REFERENCE_ONLY,"Retained as teaching/reference material: redundant with an existing tested concept, answer-labeled, primarily explanatory, or not a defensible image-required one-best item.",,P26.2 - Lung Infections - Pathology Review and Study Supplement,/Users/chriselwell/Desktop/Pulm/Pulm Pictures/P005 Tuberculosis Ghon Complex Gross.png
230,P006 Chronic Bronchitis Histology.png,3ae5b770aad2e3c9e79f55f6b95eb3757607adbfb2b667b4d7c480f07ae94734,REFERENCE_ONLY,"Retained as teaching/reference material: redundant with an existing tested concept, answer-labeled, primarily explanatory, or not a defensible image-required one-best item.",,P34 - Respiratory Medicine Clinical Case Studies - Obstructive Diseases (Pathophysiology),/Users/chriselwell/Desktop/Pulm/Pulm Pictures/P006 Chronic Bronchitis Histology.png
231,P006 Emphysema Histology.png,4ef845ed49ae2358b17ae703d65e96583a50ff82e0607ebe8be5d0e8231ff1ee,REFERENCE_ONLY,"Retained as teaching/reference material: redundant with an existing tested concept, answer-labeled, primarily explanatory, or not a defensible image-required one-best item.",,P39 - Clinical Pathology & Imaging - Interactive Workshop,/Users/chriselwell/Desktop/Pulm/Pulm Pictures/P006 Emphysema Histology.png
232,P007 Emphysema Increased AP Diameter CXR.png,a74f695426b14d81445d276e5483c2b5b44b5b7720400a61c3e2ceb5da4605ea,REFERENCE_ONLY,"Retained as teaching/reference material: redundant with an existing tested concept, answer-labeled, primarily explanatory, or not a defensible image-required one-best item.",,P34 - Respiratory Medicine Clinical Case Studies - Obstructive Diseases (Pathophysiology),/Users/chriselwell/Desktop/Pulm/Pulm Pictures/P007 Emphysema Increased AP Diameter CXR.png
233,P008 Idiopathic Pulmonary Fibrosis Histology.png,02f8a0ecb0be12d84c33248fb2bf6c91470be1569b6ba2da25d758f5541064c0,REFERENCE_ONLY,"Retained as teaching/reference material: redundant with an existing tested concept, answer-labeled, primarily explanatory, or not a defensible image-required one-best item.",,P17 - Introduction to Respiratory Pathophysiology | P24 - Diseases of the Respiratory Tract - Part 2 - Restrictive Disease (Pathology),/Users/chriselwell/Desktop/Pulm/Pulm Pictures/P008 Idiopathic Pulmonary Fibrosis Histology.png
234,P009 Asbestos Bodies Histology.png,32cb082b5eb075c9e4679a2c253ff8aced899657613a3a8e54adf9c0a305daed,REFERENCE_ONLY,"Retained as teaching/reference material: redundant with an existing tested concept, answer-labeled, primarily explanatory, or not a defensible image-required one-best item.",,P24 - Diseases of the Respiratory Tract - Part 2 - Restrictive Disease (Pathology),/Users/chriselwell/Desktop/Pulm/Pulm Pictures/P009 Asbestos Bodies Histology.png
235,P010 ARDS Hyaline Membranes Histology.png,3eab48127f697daaaf8ba978ddfd2a055d084cdd6ce77ae51737339c9affca2f,REFERENCE_ONLY,"Retained as teaching/reference material: redundant with an existing tested concept, answer-labeled, primarily explanatory, or not a defensible image-required one-best item.",,"P26 - Diseases of the Respiratory Tract - Part 3 - Vascular, Cancer, Other Disease (Pathology) | P35 - Acute Respiratory Failure | P39 - Clinical Pathology & Imaging - Interactive Workshop | Pulmonary - Comprehensive Study Guide",/Users/chriselwell/Desktop/Pulm/Pulm Pictures/P010 ARDS Hyaline Membranes Histology.png
236,P010 Primary Pulmonary Hypertension Plexiform Lesion.png,60a557bb94fd88ebe20fcb962d93f64f3b631e54e2a6bce9bc84184dd8a8f32a,REFERENCE_ONLY,"Retained as teaching/reference material: redundant with an existing tested concept, answer-labeled, primarily explanatory, or not a defensible image-required one-best item.",,"P26 - Diseases of the Respiratory Tract - Part 3 - Vascular, Cancer, Other Disease (Pathology) | P32 - Pulmonary Hypertension - A Clinical Reasoning Approach | Pulmonary - Comprehensive Study Guide",/Users/chriselwell/Desktop/Pulm/Pulm Pictures/P010 Primary Pulmonary Hypertension Plexiform Lesion.png
237,P013 Adenocarcinoma Peripheral Lung Gross.png,a3d744da5c79b4098be242a36b947dab7a547986f2e707dcbd87a95237c61962,REFERENCE_ONLY,"Retained as teaching/reference material: redundant with an existing tested concept, answer-labeled, primarily explanatory, or not a defensible image-required one-best item.",,"P26 - Diseases of the Respiratory Tract - Part 3 - Vascular, Cancer, Other Disease (Pathology)",/Users/chriselwell/Desktop/Pulm/Pulm Pictures/P013 Adenocarcinoma Peripheral Lung Gross.png
238,P013 Carcinoid Tumor Polypoid Bronchial Gross.png,e56a49f9ee35025cb6aad41c371c6cca3ee8ac6406fb137729610aa9016ed029,REFERENCE_ONLY,"Retained as teaching/reference material: redundant with an existing tested concept, answer-labeled, primarily explanatory, or not a defensible image-required one-best item.",,"P26 - Diseases of the Respiratory Tract - Part 3 - Vascular, Cancer, Other Disease (Pathology)",/Users/chriselwell/Desktop/Pulm/Pulm Pictures/P013 Carcinoid Tumor Polypoid Bronchial Gross.png
239,P013 Neonatal Respiratory Distress Syndrome Ground Glass CXR.png,f190f72086f1a2cddfc46e7acd702ff46de8962ec119e87fa01cf09114bfd689,REFERENCE_ONLY,"Retained as teaching/reference material: redundant with an existing tested concept, answer-labeled, primarily explanatory, or not a defensible image-required one-best item.",,P27.2 - Chest X-Ray Final Review | P39 - Clinical Pathology & Imaging - Interactive Workshop,/Users/chriselwell/Desktop/Pulm/Pulm Pictures/P013 Neonatal Respiratory Distress Syndrome Ground Glass CXR.png
240,P013 Small Cell Carcinoma Histology.png,7a26c069de6f042b8a44ed20dc01747a64e99a7f24119c5fff2cb2b4e41807a1,REFERENCE_ONLY,"Retained as teaching/reference material: redundant with an existing tested concept, answer-labeled, primarily explanatory, or not a defensible image-required one-best item.",,"P26 - Diseases of the Respiratory Tract - Part 3 - Vascular, Cancer, Other Disease (Pathology) | Pulmonary - Comprehensive Study Guide",/Users/chriselwell/Desktop/Pulm/Pulm Pictures/P013 Small Cell Carcinoma Histology.png
241,P013 Squamous Cell Carcinoma Central Lung Gross.png,e542bcd85a2e1f7b1e3c6282efd9de531f6e239e6a80820d6e45456764cf9a04,REFERENCE_ONLY,"Retained as teaching/reference material: redundant with an existing tested concept, answer-labeled, primarily explanatory, or not a defensible image-required one-best item.",,"P26 - Diseases of the Respiratory Tract - Part 3 - Vascular, Cancer, Other Disease (Pathology) | P39 - Clinical Pathology & Imaging - Interactive Workshop",/Users/chriselwell/Desktop/Pulm/Pulm Pictures/P013 Squamous Cell Carcinoma Central Lung Gross.png
242,P014 Mesothelioma Encasing Lung Gross.png,179711384952812c014659020793f0ab3f04ef845e21d9a55564115f8c0fe7d7,REFERENCE_ONLY,"Retained as teaching/reference material: redundant with an existing tested concept, answer-labeled, primarily explanatory, or not a defensible image-required one-best item.",,"P26 - Diseases of the Respiratory Tract - Part 3 - Vascular, Cancer, Other Disease (Pathology)",/Users/chriselwell/Desktop/Pulm/Pulm Pictures/P014 Mesothelioma Encasing Lung Gross.png
243,P016 Choanal Atresia.png,891b3925b2961a41cd262367eb4b0497b501647fe7794d0fdec4f502ef77f6e2,REFERENCE_ONLY,"Retained as teaching/reference material: redundant with an existing tested concept, answer-labeled, primarily explanatory, or not a defensible image-required one-best item.",,P33 - Otolaryngology - Upper Airway Pathology,/Users/chriselwell/Desktop/Pulm/Pulm Pictures/P016 Choanal Atresia.png
244,P019 Airflow and Airway Resistance 01.jpeg,d7ef2a374d629b1eb7c5ee79927f38c6f3c1c095358d9d636a44422f48471f94,REFERENCE_ONLY,"Retained as teaching/reference material: redundant with an existing tested concept, answer-labeled, primarily explanatory, or not a defensible image-required one-best item.",,P3 - Airway and Vascular Flow | P35 - Acute Respiratory Failure,/Users/chriselwell/Desktop/Pulm/Pulm Pictures/P019 Airflow and Airway Resistance 01.jpeg
245,P019 Airflow and Airway Resistance 03.jpeg,b78da7b8076e9c19ffefda8aad9cd57c66e5cb3b54b93e79434b6cfd25a13535,REFERENCE_ONLY,"Retained as teaching/reference material: redundant with an existing tested concept, answer-labeled, primarily explanatory, or not a defensible image-required one-best item.",,P3 - Airway and Vascular Flow | P35 - Acute Respiratory Failure,/Users/chriselwell/Desktop/Pulm/Pulm Pictures/P019 Airflow and Airway Resistance 03.jpeg
246,P022 Pulmonary Hypoplasia.png,4b9b8641a4673b5f152f8dec821f9e9b2267b9172b84dc86cc45b1b91763f186,REFERENCE_ONLY,"Retained as teaching/reference material: redundant with an existing tested concept, answer-labeled, primarily explanatory, or not a defensible image-required one-best item.",,P36 - Pulmonary Developmental Anomalies,/Users/chriselwell/Desktop/Pulm/Pulm Pictures/P022 Pulmonary Hypoplasia.png
247,P023 Bronchopulmonary Dysplasia.png,f2ec4f5d34dd9933e6c45fe07871fd42cd2a3136b5315125a15313753a730745,REFERENCE_ONLY,"Retained as teaching/reference material: redundant with an existing tested concept, answer-labeled, primarily explanatory, or not a defensible image-required one-best item.",,P37 - Advanced Spirometry Review - Interactive Workshop,/Users/chriselwell/Desktop/Pulm/Pulm Pictures/P023 Bronchopulmonary Dysplasia.png
248,P025 Bronchogenic Cysts.png,e9135c2fd1eda739793b77fdc1d8f7990a66a074cb054ce8fda16e4ea1f75ba5,REFERENCE_ONLY,"Retained as teaching/reference material: redundant with an existing tested concept, answer-labeled, primarily explanatory, or not a defensible image-required one-best item.",,P36 - Pulmonary Developmental Anomalies,/Users/chriselwell/Desktop/Pulm/Pulm Pictures/P025 Bronchogenic Cysts.png
249,P027 Neonatal Respiratory Distress Syndrome.png,886182b6fbe2cf9a29546710a957eebc5193dd3552ee78c74694c3c52e3303ee,REFERENCE_ONLY,"Retained as teaching/reference material: redundant with an existing tested concept, answer-labeled, primarily explanatory, or not a defensible image-required one-best item.",,P39 - Clinical Pathology & Imaging - Interactive Workshop,/Users/chriselwell/Desktop/Pulm/Pulm Pictures/P027 Neonatal Respiratory Distress Syndrome.png
250,P038 Foreign Body Aspiration.png,ab459d785f273df43bf02a03dd867bedf25a0b867f573c26e02b3a2dae9c90de,REFERENCE_ONLY,"Retained as teaching/reference material: redundant with an existing tested concept, answer-labeled, primarily explanatory, or not a defensible image-required one-best item.",,P10 - Physiology Six-Case Workshop | P20 - Radiology of Obstructive Lung Disease,/Users/chriselwell/Desktop/Pulm/Pulm Pictures/P038 Foreign Body Aspiration.png
251,P038 Lung Physical Exam Digital Clubbing.jpeg,641dcfa0db60bda2c8789d0f5042c479cf0d0816b1bd5892b4b3ac4ce45e0821,REFERENCE_ONLY,"Retained as teaching/reference material: redundant with an existing tested concept, answer-labeled, primarily explanatory, or not a defensible image-required one-best item.",,P12 - Approach to Pulmonary Abnormalities | P16 - Mystery Illness Review Video,/Users/chriselwell/Desktop/Pulm/Pulm Pictures/P038 Lung Physical Exam Digital Clubbing.jpeg
252,P041 Respiratory Infections Pneumonia 01.jpeg,0ac3dc0ff973564c2bb966d8941158993f97f3118c63b4b2b52274521d3a4d6f,REFERENCE_ONLY,"Retained as teaching/reference material: redundant with an existing tested concept, answer-labeled, primarily explanatory, or not a defensible image-required one-best item.",,P14 - Introduction to Pulmonary Pathophysiology,/Users/chriselwell/Desktop/Pulm/Pulm Pictures/P041 Respiratory Infections Pneumonia 01.jpeg
253,P042 Bronchi and Bronchioles.png,05012de2a3ec422b439dc184bee649093ee7ff06e612d5a582d733d35c71fdf3,REFERENCE_ONLY,"Retained as teaching/reference material: redundant with an existing tested concept, answer-labeled, primarily explanatory, or not a defensible image-required one-best item.",,P17 - Introduction to Respiratory Pathophysiology,/Users/chriselwell/Desktop/Pulm/Pulm Pictures/P042 Bronchi and Bronchioles.png
254,P054 Cystic Fibrosis Pathophysiology 01.jpeg,381c1218898f159f6db10414562be8d820ca578681c548533929dfe6e6f7b2ab,REFERENCE_ONLY,"Retained as teaching/reference material: redundant with an existing tested concept, answer-labeled, primarily explanatory, or not a defensible image-required one-best item.",,P14 - Introduction to Pulmonary Pathophysiology,/Users/chriselwell/Desktop/Pulm/Pulm Pictures/P054 Cystic Fibrosis Pathophysiology 01.jpeg
255,P054 Surfactant.png,a5bd04d77cadd884b63088803b271a8363db632b0e5baf1a5bd857ecca4d6c85,REFERENCE_ONLY,"Retained as teaching/reference material: redundant with an existing tested concept, answer-labeled, primarily explanatory, or not a defensible image-required one-best item.",,P17 - Introduction to Respiratory Pathophysiology,/Users/chriselwell/Desktop/Pulm/Pulm Pictures/P054 Surfactant.png
256,P059 Pneumoconiosis 01.jpeg,d6d6ee4a3ab9f8681c28a9004ac32c3e928bfc808e42ea64a1cd3b08d0e1a699,REFERENCE_ONLY,"Retained as teaching/reference material: redundant with an existing tested concept, answer-labeled, primarily explanatory, or not a defensible image-required one-best item.",,P14 - Introduction to Pulmonary Pathophysiology,/Users/chriselwell/Desktop/Pulm/Pulm Pictures/P059 Pneumoconiosis 01.jpeg
257,P068 Pulmonary Hypertension 01.jpeg,84b20c04585a1d9b166ff116b23f2e9ec697630143e66861161e33db8235ee31,REFERENCE_ONLY,"Retained as teaching/reference material: redundant with an existing tested concept, answer-labeled, primarily explanatory, or not a defensible image-required one-best item.",,P32 - Pulmonary Hypertension - A Clinical Reasoning Approach,/Users/chriselwell/Desktop/Pulm/Pulm Pictures/P068 Pulmonary Hypertension 01.jpeg
258,P068 Pulmonary Hypertension 02.jpeg,1808f7125059bed01738443c09de7cc954463cde27d9676a057c65e6e69af983,REFERENCE_ONLY,"Retained as teaching/reference material: redundant with an existing tested concept, answer-labeled, primarily explanatory, or not a defensible image-required one-best item.",,P32 - Pulmonary Hypertension - A Clinical Reasoning Approach,/Users/chriselwell/Desktop/Pulm/Pulm Pictures/P068 Pulmonary Hypertension 02.jpeg
259,P069 Pneumothorax Pathophysiology 01.jpeg,3186643945406288e02f9a7ce74bfb5a2940681dea1d8c44bd45e0ee69fa6412,REFERENCE_ONLY,"Retained as teaching/reference material: redundant with an existing tested concept, answer-labeled, primarily explanatory, or not a defensible image-required one-best item.",,P38 - Mystery Illness Review Session - Interactive Workshop,/Users/chriselwell/Desktop/Pulm/Pulm Pictures/P069 Pneumothorax Pathophysiology 01.jpeg
260,P071 Pulmonary Edema 01.jpeg,ad73e0a165ad9f99b50c988cbf020ebcd39db9f7656b1ae227390c1a68b7d885,REFERENCE_ONLY,"Retained as teaching/reference material: redundant with an existing tested concept, answer-labeled, primarily explanatory, or not a defensible image-required one-best item.",,P14 - Introduction to Pulmonary Pathophysiology,/Users/chriselwell/Desktop/Pulm/Pulm Pictures/P071 Pulmonary Edema 01.jpeg
261,P073 Exercise Breathing 02.png,d3a4c25c19b55f5d13458c854e51fab6f7d24e9f135a09d3620ad705e2892d4e,REFERENCE_ONLY,"Retained as teaching/reference material: redundant with an existing tested concept, answer-labeled, primarily explanatory, or not a defensible image-required one-best item.",,P8 - Control of Ventilation,/Users/chriselwell/Desktop/Pulm/Pulm Pictures/P073 Exercise Breathing 02.png
262,P088 Air Flow and Pressure Changes - Quiet Breathing.png,51d36df20068e665f90e5c0910d7aecc37c7ed02e6adab6dbb63cc8aac367a93,REFERENCE_ONLY,"Retained as teaching/reference material: redundant with an existing tested concept, answer-labeled, primarily explanatory, or not a defensible image-required one-best item.",,"P11 - Physiology Practice Question Review | P4 - Mechanics, Compliance and Ventilation",/Users/chriselwell/Desktop/Pulm/Pulm Pictures/P088 Air Flow and Pressure Changes - Quiet Breathing.png
263,P102 Barrel Chest.png,e3b707ac07b040e03f3a96128c6c22531f30e238e0f7858d92e9028944290242,REFERENCE_ONLY,"Retained as teaching/reference material: redundant with an existing tested concept, answer-labeled, primarily explanatory, or not a defensible image-required one-best item.",,P12 - Approach to Pulmonary Abnormalities,/Users/chriselwell/Desktop/Pulm/Pulm Pictures/P102 Barrel Chest.png
264,P158 Pulmonary Hypertension - Diagnosis.png,74ed13f054c7714fcc3feb33c8427964a599edf48d66a9693bd8a8c9565bb947,REFERENCE_ONLY,"Retained as teaching/reference material: redundant with an existing tested concept, answer-labeled, primarily explanatory, or not a defensible image-required one-best item.",,P14 - Introduction to Pulmonary Pathophysiology | P32 - Pulmonary Hypertension - A Clinical Reasoning Approach,/Users/chriselwell/Desktop/Pulm/Pulm Pictures/P158 Pulmonary Hypertension - Diagnosis.png
265,P159 Pulmonary Hypertension - Pathology Findings.png,d50a8624e3680b1e58fca820a29c0bc6f8516fa0c4fe3050b2fd402d0af09d63,REFERENCE_ONLY,"Retained as teaching/reference material: redundant with an existing tested concept, answer-labeled, primarily explanatory, or not a defensible image-required one-best item.",,P32 - Pulmonary Hypertension - A Clinical Reasoning Approach,/Users/chriselwell/Desktop/Pulm/Pulm Pictures/P159 Pulmonary Hypertension - Pathology Findings.png
266,P168 Plexiform Lesions.png,aae572d9313cea92944c85cada05e3e1ffa94a44213d8b5809a188757ed93858,REFERENCE_ONLY,"Retained as teaching/reference material: redundant with an existing tested concept, answer-labeled, primarily explanatory, or not a defensible image-required one-best item.",,P32 - Pulmonary Hypertension - A Clinical Reasoning Approach,/Users/chriselwell/Desktop/Pulm/Pulm Pictures/P168 Plexiform Lesions.png
267,P190 Shunt.png,f08a9238b0c5bab99fbab4ca6186c37c2c700bfe76f2399cdfd5e1cb9a998b77,REFERENCE_ONLY,"Retained as teaching/reference material: redundant with an existing tested concept, answer-labeled, primarily explanatory, or not a defensible image-required one-best item.",,P10 - Physiology Six-Case Workshop | P11 - Physiology Practice Question Review,/Users/chriselwell/Desktop/Pulm/Pulm Pictures/P190 Shunt.png
268,P195 Dead Space.png,ceb78e3ce88089a8b36073409cb1dbd7a3453671d5e0f234b16153167b838acd,REFERENCE_ONLY,"Retained as teaching/reference material: redundant with an existing tested concept, answer-labeled, primarily explanatory, or not a defensible image-required one-best item.",,"P10 - Physiology Six-Case Workshop | P11 - Physiology Practice Question Review | P4 - Mechanics, Compliance and Ventilation | P7 - Gas Exchange, Part 2 - Causes of Hypoxemia",/Users/chriselwell/Desktop/Pulm/Pulm Pictures/P195 Dead Space.png
269,P214 Pulse Oximetry.png,337cddb61cfc236cc4d79100ca2aef444a2750ab0fbcfe8ec5f4c6caee48c613,REFERENCE_ONLY,"Retained as teaching/reference material: redundant with an existing tested concept, answer-labeled, primarily explanatory, or not a defensible image-required one-best item.",,P21 - Overview of Sleep Disorders,/Users/chriselwell/Desktop/Pulm/Pulm Pictures/P214 Pulse Oximetry.png
270,P227 a-a Gradient.png,a3eea754f7d99624df68b14d10676d635ab08ddf94f392b68ab26b87ba008a29,REFERENCE_ONLY,"Retained as teaching/reference material: redundant with an existing tested concept, answer-labeled, primarily explanatory, or not a defensible image-required one-best item.",,"P10 - Physiology Six-Case Workshop | P17 - Introduction to Respiratory Pathophysiology | P7 - Gas Exchange, Part 2 - Causes of Hypoxemia",/Users/chriselwell/Desktop/Pulm/Pulm Pictures/P227 a-a Gradient.png
271,P279 Lung Auscultation 01.png,72b67565ce6b2b67f9e1bc050c81d80b8a6683d95fba58a0a29b68b5db49c8e1,REFERENCE_ONLY,"Retained as teaching/reference material: redundant with an existing tested concept, answer-labeled, primarily explanatory, or not a defensible image-required one-best item.",,P12 - Approach to Pulmonary Abnormalities | P15 - Approach to the Patient with Respiratory Disease and Pulmonary Preventative Care,/Users/chriselwell/Desktop/Pulm/Pulm Pictures/P279 Lung Auscultation 01.png
272,P279 Lung Auscultation 02.png,971e67471bd497e71e5aa6bc23896cce4949b97f5d59d02468f22dd2aa463f22,REFERENCE_ONLY,"Retained as teaching/reference material: redundant with an existing tested concept, answer-labeled, primarily explanatory, or not a defensible image-required one-best item.",,P12 - Approach to Pulmonary Abnormalities | P15 - Approach to the Patient with Respiratory Disease and Pulmonary Preventative Care,/Users/chriselwell/Desktop/Pulm/Pulm Pictures/P279 Lung Auscultation 02.png
273,P288 Fremitus 01.png,8791c85411c906a82899ecc23397b6497b1c70d9bc57351692f6575aec2de12c,REFERENCE_ONLY,"Retained as teaching/reference material: redundant with an existing tested concept, answer-labeled, primarily explanatory, or not a defensible image-required one-best item.",,P12 - Approach to Pulmonary Abnormalities | P15 - Approach to the Patient with Respiratory Disease and Pulmonary Preventative Care,/Users/chriselwell/Desktop/Pulm/Pulm Pictures/P288 Fremitus 01.png
274,P289 Tracheal Deviation 01.png,839cf51e020c5a03f4d7d88974cd7f69587a7629f71c279e2f509b30b05da0f6,REFERENCE_ONLY,"Retained as teaching/reference material: redundant with an existing tested concept, answer-labeled, primarily explanatory, or not a defensible image-required one-best item.",,P12 - Approach to Pulmonary Abnormalities,/Users/chriselwell/Desktop/Pulm/Pulm Pictures/P289 Tracheal Deviation 01.png
275,P289 Tracheal Deviation 02.png,8c6e6c6d8799bb45d5920201bbbcb5fc4d13611143893433b396014ad1340324,REFERENCE_ONLY,"Retained as teaching/reference material: redundant with an existing tested concept, answer-labeled, primarily explanatory, or not a defensible image-required one-best item.",,P12 - Approach to Pulmonary Abnormalities | P15 - Approach to the Patient with Respiratory Disease and Pulmonary Preventative Care,/Users/chriselwell/Desktop/Pulm/Pulm Pictures/P289 Tracheal Deviation 02.png
276,P292 Nail Clubbing 02.png,836961bed57df48e972fcc61973003457867152056be072cd728da681754ebb4,REFERENCE_ONLY,"Retained as teaching/reference material: redundant with an existing tested concept, answer-labeled, primarily explanatory, or not a defensible image-required one-best item.",,P16 - Mystery Illness Review Video,/Users/chriselwell/Desktop/Pulm/Pulm Pictures/P292 Nail Clubbing 02.png
277,P297 Spirometry.png,026b57af8d1ca794920f3dd3c172ca75b3153e8a6296fdeb3f55e57092506ca3,ALREADY_SCORED,Validated local Pulm Pictures source included in the scored quiz.,Diagnostic spirometry,P37 - Advanced Spirometry Review - Interactive Workshop,/Users/chriselwell/Desktop/Pulm/Pulm Pictures/P297 Spirometry.png
278,P324_Chronic_Bronchitis_-_Pathophysiology.png,100ac9f5aa5b5267149ea0d2a23f4d70e837b798774ff1c77e23abb85a160795,REFERENCE_ONLY,"Retained as teaching/reference material: redundant with an existing tested concept, answer-labeled, primarily explanatory, or not a defensible image-required one-best item.",,P19 - Obstructive Diseases and Airway Diseases,/Users/chriselwell/Desktop/Pulm/Pulm Pictures/P324_Chronic_Bronchitis_-_Pathophysiology.png
279,P346_Asthma_Pathology.png,e6bc8b53e1304ce8cf099156ca5b2e5efcec0730b8cf4231bc0d971f825fd754,REFERENCE_ONLY,"Retained as teaching/reference material: redundant with an existing tested concept, answer-labeled, primarily explanatory, or not a defensible image-required one-best item.",,P19 - Obstructive Diseases and Airway Diseases | P34 - Respiratory Medicine Clinical Case Studies - Obstructive Diseases (Pathophysiology) | Pulmonary - Comprehensive Study Guide,/Users/chriselwell/Desktop/Pulm/Pulm Pictures/P346_Asthma_Pathology.png
280,P349_Bronchiectasis.png,2f8c03f034319816e03a38af4ae2bcacf3f849d70d57cfae8dd273beae86915a,REFERENCE_ONLY,"Retained as teaching/reference material: redundant with an existing tested concept, answer-labeled, primarily explanatory, or not a defensible image-required one-best item.",,P19 - Obstructive Diseases and Airway Diseases,/Users/chriselwell/Desktop/Pulm/Pulm Pictures/P349_Bronchiectasis.png
281,P386 COPD and Asthma - Medication Overview.png,e1d5d48f01c60edc544503ea3e61d4c16ae059821235ce5a3e05178e8dfb87b7,REFERENCE_ONLY,"Retained as teaching/reference material: redundant with an existing tested concept, answer-labeled, primarily explanatory, or not a defensible image-required one-best item.",,P22-23 - Drugs Used for Treatment of Asthma and COPD,/Users/chriselwell/Desktop/Pulm/Pulm Pictures/P386 COPD and Asthma - Medication Overview.png
282,P388 Muscarinic Antagonists.png,43a2122217c2976cc414d8acb550d970e2d715547c8b166131a1b8875c482cff,REFERENCE_ONLY,"Retained as teaching/reference material: redundant with an existing tested concept, answer-labeled, primarily explanatory, or not a defensible image-required one-best item.",,P22-23 - Drugs Used for Treatment of Asthma and COPD,/Users/chriselwell/Desktop/Pulm/Pulm Pictures/P388 Muscarinic Antagonists.png
283,P389 Corticosteroids - Steroids.png,269970340af720a749e544a9961462913751cb782bd6c3151d3206388285bb73,REFERENCE_ONLY,"Retained as teaching/reference material: redundant with an existing tested concept, answer-labeled, primarily explanatory, or not a defensible image-required one-best item.",,P22-23 - Drugs Used for Treatment of Asthma and COPD,/Users/chriselwell/Desktop/Pulm/Pulm Pictures/P389 Corticosteroids - Steroids.png
284,P391 Inhaled Steroids 01.png,535316fd21bae73ee86af36d05dcb05b0823418f419c71e3ccf2360febdea19e,ADDED_SCORED,Validated local Pulm Pictures source included in the scored quiz.,Oral candidiasis associated with inhaled corticosteroid use,P22-23 - Drugs Used for Treatment of Asthma and COPD,/Users/chriselwell/Desktop/Pulm/Pulm Pictures/P391 Inhaled Steroids 01.png
285,P391 Inhaled Steroids 02.png,00019f78cb35f3b532986a29447111ddfa6a005eec1f0818f59b1f4562a9e08a,REFERENCE_ONLY,"Retained as teaching/reference material: redundant with an existing tested concept, answer-labeled, primarily explanatory, or not a defensible image-required one-best item.",,P22-23 - Drugs Used for Treatment of Asthma and COPD,/Users/chriselwell/Desktop/Pulm/Pulm Pictures/P391 Inhaled Steroids 02.png
286,P392 Targeted Asthma Drugs.png,44f82c370d399606e6d27d59c99f11795eb0a8cb81f3f3812326a36b6bda4c9c,REFERENCE_ONLY,"Retained as teaching/reference material: redundant with an existing tested concept, answer-labeled, primarily explanatory, or not a defensible image-required one-best item.",,P22-23 - Drugs Used for Treatment of Asthma and COPD | P34 - Respiratory Medicine Clinical Case Studies - Obstructive Diseases (Pathophysiology),/Users/chriselwell/Desktop/Pulm/Pulm Pictures/P392 Targeted Asthma Drugs.png
287,P393 Targeted Asthma Drugs.png,8c3e1ec32b52c528db047ec47d2510292ad5eb9b05c51683d3bf671b2ddb8678,REFERENCE_ONLY,"Retained as teaching/reference material: redundant with an existing tested concept, answer-labeled, primarily explanatory, or not a defensible image-required one-best item.",,P22-23 - Drugs Used for Treatment of Asthma and COPD,/Users/chriselwell/Desktop/Pulm/Pulm Pictures/P393 Targeted Asthma Drugs.png
288,P397 Theophylline.png,698fc8bfa440883823eb0f8709879021d54e3234ea2b88292c22282f16a900c8,REFERENCE_ONLY,"Retained as teaching/reference material: redundant with an existing tested concept, answer-labeled, primarily explanatory, or not a defensible image-required one-best item.",,P22-23 - Drugs Used for Treatment of Asthma and COPD,/Users/chriselwell/Desktop/Pulm/Pulm Pictures/P397 Theophylline.png
289,P407 COPD Chronic Therapy.png,9f66d58fe158f0a475b0c4626636f97578ca0c16b2415a41405c8e0a81c6d0ed,REFERENCE_ONLY,"Retained as teaching/reference material: redundant with an existing tested concept, answer-labeled, primarily explanatory, or not a defensible image-required one-best item.",,P22-23 - Drugs Used for Treatment of Asthma and COPD,/Users/chriselwell/Desktop/Pulm/Pulm Pictures/P407 COPD Chronic Therapy.png
290,P413 Four Lobar Stages.png,f8015ae573f8225f63d0526265cd3cd2f864c152f3e6e4fafcefc8be8be6d50b,REFERENCE_ONLY,"Retained as teaching/reference material: redundant with an existing tested concept, answer-labeled, primarily explanatory, or not a defensible image-required one-best item.",,"P26 - Diseases of the Respiratory Tract - Part 3 - Vascular, Cancer, Other Disease (Pathology) | P26.2 - Lung Infections - Pathology Review and Study Supplement",/Users/chriselwell/Desktop/Pulm/Pulm Pictures/P413 Four Lobar Stages.png
291,P414 Four Lobar Stages.png,41a132a8f0667219e183afd91599f4e5d976dd8930dbc81090f25c996438eb70,REFERENCE_ONLY,"Retained as teaching/reference material: redundant with an existing tested concept, answer-labeled, primarily explanatory, or not a defensible image-required one-best item.",,"P26 - Diseases of the Respiratory Tract - Part 3 - Vascular, Cancer, Other Disease (Pathology) | P26.2 - Lung Infections - Pathology Review and Study Supplement",/Users/chriselwell/Desktop/Pulm/Pulm Pictures/P414 Four Lobar Stages.png
292,P441 Influenza Virus.png,3a9a89a8cf83e07e0745be031e3b0dc441ef442cfd5eb3459c1dda6d9470503a,REFERENCE_ONLY,"Retained as teaching/reference material: redundant with an existing tested concept, answer-labeled, primarily explanatory, or not a defensible image-required one-best item.",,P15 - Approach to the Patient with Respiratory Disease and Pulmonary Preventative Care,/Users/chriselwell/Desktop/Pulm/Pulm Pictures/P441 Influenza Virus.png
293,P443 CMV.png,d1bbc3278e88d298c23667283b7753b3fdcd97126cfcd1148a598b6ebbed1af0,REFERENCE_ONLY,"Retained as teaching/reference material: redundant with an existing tested concept, answer-labeled, primarily explanatory, or not a defensible image-required one-best item.",,"P26 - Diseases of the Respiratory Tract - Part 3 - Vascular, Cancer, Other Disease (Pathology) | P26.2 - Lung Infections - Pathology Review and Study Supplement",/Users/chriselwell/Desktop/Pulm/Pulm Pictures/P443 CMV.png
294,P444 RSV - Respiratory Syncytial Virus.png,db9ea742cefce5f09664ff86498ac20fb971228f05ac8444e2d1c5f6cd4620a4,REFERENCE_ONLY,"Retained as teaching/reference material: redundant with an existing tested concept, answer-labeled, primarily explanatory, or not a defensible image-required one-best item.",,P15 - Approach to the Patient with Respiratory Disease and Pulmonary Preventative Care,/Users/chriselwell/Desktop/Pulm/Pulm Pictures/P444 RSV - Respiratory Syncytial Virus.png
295,P449 Klebsiella Pneumonia.png,302b041d57f2ac8a38217583f84d48c7ab2fd6dfda3cb11d3125df10c4e12cbd,REFERENCE_ONLY,"Retained as teaching/reference material: redundant with an existing tested concept, answer-labeled, primarily explanatory, or not a defensible image-required one-best item.",,P28 - Microbiology of Pneumonia - Bacterial Infections,/Users/chriselwell/Desktop/Pulm/Pulm Pictures/P449 Klebsiella Pneumonia.png
296,P450 Lung Abscess.png,eda44dd65349287adaa8083724da27aac55fc53095380a85f63e39d8ab71a432,REFERENCE_ONLY,"Retained as teaching/reference material: redundant with an existing tested concept, answer-labeled, primarily explanatory, or not a defensible image-required one-best item.",,P26.2 - Lung Infections - Pathology Review and Study Supplement | P27 - Radiology of Pulmonary Infections and Lung Cancer | P27.2 - Chest X-Ray Final Review | P31 - Review of Pneumonia - Pathology and Pharmacology,/Users/chriselwell/Desktop/Pulm/Pulm Pictures/P450 Lung Abscess.png
297,P472 Transudate Vs. Exudate - Diagnosis.png,816e32dc2f96396ad835a17e612fc85821c7287c440ba6396a3aa4fd54d7bb5e,REFERENCE_ONLY,"Retained as teaching/reference material: redundant with an existing tested concept, answer-labeled, primarily explanatory, or not a defensible image-required one-best item.",,P15 - Approach to the Patient with Respiratory Disease and Pulmonary Preventative Care | P31 - Review of Pneumonia - Pathology and Pharmacology,/Users/chriselwell/Desktop/Pulm/Pulm Pictures/P472 Transudate Vs. Exudate - Diagnosis.png
298,P473 Thoracentesis.png,67cfd6f95d63fd19331650d515621f7add2d18860154cd6d2ab81619c1ca228e,ALREADY_SCORED,Validated local Pulm Pictures source included in the scored quiz.,Thoracentesis,P14 - Introduction to Pulmonary Pathophysiology | P15 - Approach to the Patient with Respiratory Disease and Pulmonary Preventative Care | P31 - Review of Pneumonia - Pathology and Pharmacology,/Users/chriselwell/Desktop/Pulm/Pulm Pictures/P473 Thoracentesis.png
299,P489 Squamous Cell Carcinoma.png,eaa668a26d9c77818377f0844d6e98d4c4dee3c7874f29a91464f12459b676a1,REFERENCE_ONLY,"Retained as teaching/reference material: redundant with an existing tested concept, answer-labeled, primarily explanatory, or not a defensible image-required one-best item.",,P14 - Introduction to Pulmonary Pathophysiology,/Users/chriselwell/Desktop/Pulm/Pulm Pictures/P489 Squamous Cell Carcinoma.png
300,P490 Adenocarcinoma.png,6323b2eb6b11e76000f9619704f5727e6ad8dc2b73f3813b91d8a288db8e339c,REFERENCE_ONLY,"Retained as teaching/reference material: redundant with an existing tested concept, answer-labeled, primarily explanatory, or not a defensible image-required one-best item.",,P14 - Introduction to Pulmonary Pathophysiology,/Users/chriselwell/Desktop/Pulm/Pulm Pictures/P490 Adenocarcinoma.png
301,P495 Carcinoid Tumor.png,0ed0c9bac2d728f6a28d44bd5726faf6e3c34223348022d64bc22a4700b5c833,REFERENCE_ONLY,"Retained as teaching/reference material: redundant with an existing tested concept, answer-labeled, primarily explanatory, or not a defensible image-required one-best item.",,P14 - Introduction to Pulmonary Pathophysiology,/Users/chriselwell/Desktop/Pulm/Pulm Pictures/P495 Carcinoid Tumor.png
302,P503 Metastatic Lung Cancer.png,be8dfa13e2a99a921c8b1c2b4d9f8ce6faf51c2c84b447f2a152c5a5779a7c83,REFERENCE_ONLY,"Retained as teaching/reference material: redundant with an existing tested concept, answer-labeled, primarily explanatory, or not a defensible image-required one-best item.",,P27 - Radiology of Pulmonary Infections and Lung Cancer | P27.2 - Chest X-Ray Final Review,/Users/chriselwell/Desktop/Pulm/Pulm Pictures/P503 Metastatic Lung Cancer.png
303,P513 Central Sleep Apnea.png,737b7aef717e90e5d29d912928d203ac981167ee8aec6f6fc5d916fabda45ed2,REFERENCE_ONLY,"Retained as teaching/reference material: redundant with an existing tested concept, answer-labeled, primarily explanatory, or not a defensible image-required one-best item.",,P21 - Overview of Sleep Disorders,/Users/chriselwell/Desktop/Pulm/Pulm Pictures/P513 Central Sleep Apnea.png
304,P514 Central Sleep Apnea - Treatment.png,8e47e2ed1fd3f5d08a8eb935ea0b5f9af896634b0bca554953aa0aebe58cb558,REFERENCE_ONLY,"Retained as teaching/reference material: redundant with an existing tested concept, answer-labeled, primarily explanatory, or not a defensible image-required one-best item.",,P21 - Overview of Sleep Disorders,/Users/chriselwell/Desktop/Pulm/Pulm Pictures/P514 Central Sleep Apnea - Treatment.png
305,P515 Obstructive Sleep Apnea.png,8698a88dc4021c287a8e1bbccb25bbb0ca2606fb720be5b70c201b4b87ff84c1,REFERENCE_ONLY,"Retained as teaching/reference material: redundant with an existing tested concept, answer-labeled, primarily explanatory, or not a defensible image-required one-best item.",,P21 - Overview of Sleep Disorders,/Users/chriselwell/Desktop/Pulm/Pulm Pictures/P515 Obstructive Sleep Apnea.png
306,P518 Sleep Apnea - Diagnosis.png,6750e2b91150512edee5b880cf01f82aaab45e7010eb609aadba58e4d3df7dbb,REFERENCE_ONLY,"Retained as teaching/reference material: redundant with an existing tested concept, answer-labeled, primarily explanatory, or not a defensible image-required one-best item.",,P21 - Overview of Sleep Disorders,/Users/chriselwell/Desktop/Pulm/Pulm Pictures/P518 Sleep Apnea - Diagnosis.png
307,P523 CFTR - Cystic Fibrosis Transmembrane Regulator.png,1cbf8b20a70fefbb1573c83e25dd0385b032e1c168b7f7ec61dba544909565a3,REFERENCE_ONLY,"Retained as teaching/reference material: redundant with an existing tested concept, answer-labeled, primarily explanatory, or not a defensible image-required one-best item.",,P38 - Mystery Illness Review Session - Interactive Workshop,/Users/chriselwell/Desktop/Pulm/Pulm Pictures/P523 CFTR - Cystic Fibrosis Transmembrane Regulator.png
308,P527 Cystic Fibrosis - Pathophysiology.png,a680c94e2bb0a5ba1a7f2a63319ad2c27c06c8e45937a651f297a22b75fb9616,REFERENCE_ONLY,"Retained as teaching/reference material: redundant with an existing tested concept, answer-labeled, primarily explanatory, or not a defensible image-required one-best item.",,P38 - Mystery Illness Review Session - Interactive Workshop,/Users/chriselwell/Desktop/Pulm/Pulm Pictures/P527 Cystic Fibrosis - Pathophysiology.png
309,P552 Mycobacterium Tuberculosis - Transmission.png,f9ea981256cf9467df331e34d50eac777d3865a8329d4535ce8df51ea710b0f3,REFERENCE_ONLY,"Retained as teaching/reference material: redundant with an existing tested concept, answer-labeled, primarily explanatory, or not a defensible image-required one-best item.",,P15 - Approach to the Patient with Respiratory Disease and Pulmonary Preventative Care,/Users/chriselwell/Desktop/Pulm/Pulm Pictures/P552 Mycobacterium Tuberculosis - Transmission.png
310,P557 Granulomas.png,2249ab456e099b3a14facc1385b284dd836ec4ba07e6e63f8cd79a19166b725b,REFERENCE_ONLY,"Retained as teaching/reference material: redundant with an existing tested concept, answer-labeled, primarily explanatory, or not a defensible image-required one-best item.",,"P26 - Diseases of the Respiratory Tract - Part 3 - Vascular, Cancer, Other Disease (Pathology)",/Users/chriselwell/Desktop/Pulm/Pulm Pictures/P557 Granulomas.png
311,P559 Ghon Foci 02.png,2496a2a23ae8e6564b89e0de1e0f4cc1ba3138ca52577238e97c42429c2c8c16,REFERENCE_ONLY,"Retained as teaching/reference material: redundant with an existing tested concept, answer-labeled, primarily explanatory, or not a defensible image-required one-best item.",,"P26 - Diseases of the Respiratory Tract - Part 3 - Vascular, Cancer, Other Disease (Pathology)",/Users/chriselwell/Desktop/Pulm/Pulm Pictures/P559 Ghon Foci 02.png
312,P570 Tuberculin Skin Testing - TST.png,6dc164e4923e7d5fd154b69aebed463719a9e1144ca6b0017327f311b7157761,REFERENCE_ONLY,"Retained as teaching/reference material: redundant with an existing tested concept, answer-labeled, primarily explanatory, or not a defensible image-required one-best item.",,P15 - Approach to the Patient with Respiratory Disease and Pulmonary Preventative Care,/Users/chriselwell/Desktop/Pulm/Pulm Pictures/P570 Tuberculin Skin Testing - TST.png
313,P606 D-Dimer.png,3e40567fe095240112ced94df29117a333fa8906724b44bb9fc5eddf0bce2c49,REFERENCE_ONLY,"Retained as teaching/reference material: redundant with an existing tested concept, answer-labeled, primarily explanatory, or not a defensible image-required one-best item.",,P13 - Pulmonary Problem Solving Exercise Part 1,/Users/chriselwell/Desktop/Pulm/Pulm Pictures/P606 D-Dimer.png
314,P613 Pulmonary Embolism - Diagnosis CT Angiogram.png,ba9e983c8d1b45add1136a6c87343ae2f7c1281bb020d755d9830a9b6657c7e7,REFERENCE_ONLY,"Retained as teaching/reference material: redundant with an existing tested concept, answer-labeled, primarily explanatory, or not a defensible image-required one-best item.",,P10 - Physiology Six-Case Workshop | P39 - Clinical Pathology & Imaging - Interactive Workshop,/Users/chriselwell/Desktop/Pulm/Pulm Pictures/P613 Pulmonary Embolism - Diagnosis CT Angiogram.png
315,Paracoccidioidomycosis Histology.png,a31bc36f4ce3b5aeb3d603535b05d8df1636bda8459c25f526e5e4a190cd46fd,ADDED_SCORED,Validated local Pulm Pictures source included in the scored quiz.,Paracoccidioides with pilot-wheel budding,P30 - Microbiology of Pneumonia - Fungal Infections,/Users/chriselwell/Desktop/Pulm/Pulm Pictures/Paracoccidioidomycosis Histology.png
316,Parapneumonic-Effusion.jpg,9bdcccc9adf10dd5d0f214ccd18d66b3330036b407e2a2ed6fdf4a3b2ed0db2d,REFERENCE_ONLY,"Retained as teaching/reference material: redundant with an existing tested concept, answer-labeled, primarily explanatory, or not a defensible image-required one-best item.",,P31 - Review of Pneumonia - Pathology and Pharmacology,/Users/chriselwell/Desktop/Pulm/Pulm Pictures/Parapneumonic-Effusion.jpg
317,Pathogenesis-of-Asthma.jpg,e5ef76afe205d4c6bd09ccaf6e1ed39c4f9d94207d53095840dd764da7800a64,REFERENCE_ONLY,"Retained as teaching/reference material: redundant with an existing tested concept, answer-labeled, primarily explanatory, or not a defensible image-required one-best item.",,P34 - Respiratory Medicine Clinical Case Studies - Obstructive Diseases (Pathophysiology),/Users/chriselwell/Desktop/Pulm/Pulm Pictures/Pathogenesis-of-Asthma.jpg
318,pathogenesis-of-bronchiectasis.jpg,701fb0cd079048eaabdca70addcd83abeaf0d76dc066c9a49396e9910b5e1306,REFERENCE_ONLY,"Retained as teaching/reference material: redundant with an existing tested concept, answer-labeled, primarily explanatory, or not a defensible image-required one-best item.",,P14 - Introduction to Pulmonary Pathophysiology | P16 - Mystery Illness Review Video | P19 - Obstructive Diseases and Airway Diseases,/Users/chriselwell/Desktop/Pulm/Pulm Pictures/pathogenesis-of-bronchiectasis.jpg
319,Pathogenesis-of-Pulmonary-Arterial-Hypertension.png,fd4dc9f8d65de5076ba9341d9e16d532ae3e00e4c003039403556d66f56bc70e,REFERENCE_ONLY,"Retained as teaching/reference material: redundant with an existing tested concept, answer-labeled, primarily explanatory, or not a defensible image-required one-best item.",,P32 - Pulmonary Hypertension - A Clinical Reasoning Approach,/Users/chriselwell/Desktop/Pulm/Pulm Pictures/Pathogenesis-of-Pulmonary-Arterial-Hypertension.png
320,Pathological-Breathing-Patterns-Table.png,944799f8eda59906be55c48a26e3ce1c4f6726e9877025f0b9dff813a1507c1e,REFERENCE_ONLY,"Retained as teaching/reference material: redundant with an existing tested concept, answer-labeled, primarily explanatory, or not a defensible image-required one-best item.",,P8 - Control of Ventilation,/Users/chriselwell/Desktop/Pulm/Pulm Pictures/Pathological-Breathing-Patterns-Table.png
321,Pathophysiology of acute respiratory distress syndrome (ARDS).jpg,81f84043b899e658ae5a88cae3f57645293e32225574eade55a7c88673012bc3,REFERENCE_ONLY,"Retained as teaching/reference material: redundant with an existing tested concept, answer-labeled, primarily explanatory, or not a defensible image-required one-best item.",,P14 - Introduction to Pulmonary Pathophysiology | P17 - Introduction to Respiratory Pathophysiology | P35 - Acute Respiratory Failure | P39 - Clinical Pathology & Imaging - Interactive Workshop,/Users/chriselwell/Desktop/Pulm/Pulm Pictures/Pathophysiology of acute respiratory distress syndrome (ARDS).jpg
322,Peak-Flow-Meter-PersonalBest-with-Zone-Markers.jpg,93a3ca749d14089a0d2902c4c83b5839e0c50c184b86c7049c334aacd28d07a0,REFERENCE_ONLY,"Retained as teaching/reference material: redundant with an existing tested concept, answer-labeled, primarily explanatory, or not a defensible image-required one-best item.",,Pulmonary - Comprehensive Study Guide,/Users/chriselwell/Desktop/Pulm/Pulm Pictures/P37 - Advanced Spirometry Review - Interactive Workshop/Web Sources/Peak-Flow-Meter-PersonalBest-with-Zone-Markers.jpg
323,Perfusion-vs-Diffusion-Limited-Gas-Uptake.png,b870305050dcb1ee6e969dc1d6e63af14ad887b9c17ccb423e944aeb24ecba88,REFERENCE_ONLY,"Retained as teaching/reference material: redundant with an existing tested concept, answer-labeled, primarily explanatory, or not a defensible image-required one-best item.",,"P6 - Gas Exchange, Part 1 - Pressures, Diffusion and Transport | P9 - Pulmonary Physiology Review",/Users/chriselwell/Desktop/Pulm/Pulm Pictures/Perfusion-vs-Diffusion-Limited-Gas-Uptake.png
324,Perfusion-vs-Diffusion-Limited-O2-Transfer.png,6191a9adf704cb3e471de720d096a6eabefe6f0024ad78883f55a23bf79f7c87,REFERENCE_ONLY,"Retained as teaching/reference material: redundant with an existing tested concept, answer-labeled, primarily explanatory, or not a defensible image-required one-best item.",,"P6 - Gas Exchange, Part 1 - Pressures, Diffusion and Transport",/Users/chriselwell/Desktop/Pulm/Pulm Pictures/Perfusion-vs-Diffusion-Limited-O2-Transfer.png
325,Peripheral opacity (Hampton hump) from pulmonary embolism.jpg,ff1e14a008d1daa75426c9318a0fd2511701525381b6341454edb4c8758ecad5,REFERENCE_ONLY,"Retained as teaching/reference material: redundant with an existing tested concept, answer-labeled, primarily explanatory, or not a defensible image-required one-best item.",,P25 - Radiology of Restrictive Lung Disease and Extras,/Users/chriselwell/Desktop/Pulm/Pulm Pictures/Peripheral opacity (Hampton hump) from pulmonary embolism.jpg
326,Peritonsillar-Abscess.jpg,44e0aff1129748f900e19b4c0c63c890ad10c940847d0f76e8478d8f297c2582,REFERENCE_ONLY,"Retained as teaching/reference material: redundant with an existing tested concept, answer-labeled, primarily explanatory, or not a defensible image-required one-best item.",,P33 - Otolaryngology - Upper Airway Pathology,/Users/chriselwell/Desktop/Pulm/Pulm Pictures/Peritonsillar-Abscess.jpg
327,physical-exam-findings-in-lung-disease.png,f87ab2f0a2aef184d236da38773544d6b0ecd6ec4f41ecd79b49312e333c11d7,REFERENCE_ONLY,"Retained as teaching/reference material: redundant with an existing tested concept, answer-labeled, primarily explanatory, or not a defensible image-required one-best item.",,P12 - Approach to Pulmonary Abnormalities | P13 - Pulmonary Problem Solving Exercise Part 1 | P15 - Approach to the Patient with Respiratory Disease and Pulmonary Preventative Care,/Users/chriselwell/Desktop/Pulm/Pulm Pictures/physical-exam-findings-in-lung-disease.png
328,Physiological Lung Volumes.jpg,2bd79a4c4c90c3bcc7b9acc4cd1606e4627afa319cb3f83e748bb4021ed17e3e,REFERENCE_ONLY,"Retained as teaching/reference material: redundant with an existing tested concept, answer-labeled, primarily explanatory, or not a defensible image-required one-best item.",,P2 - Structure and Volumes,/Users/chriselwell/Desktop/Pulm/Pulm Pictures/Physiological Lung Volumes.jpg
329,Pleural effusion and passive atelectasis.jpg,93c78bf657c2e84cbde8b268e24f96f1c0f79282d56f53dbb7baf558180d723c,REFERENCE_ONLY,"Retained as teaching/reference material: redundant with an existing tested concept, answer-labeled, primarily explanatory, or not a defensible image-required one-best item.",,P13 - Pulmonary Problem Solving Exercise Part 1 | P14 - Introduction to Pulmonary Pathophysiology | P27.2 - Chest X-Ray Final Review,/Users/chriselwell/Desktop/Pulm/Pulm Pictures/Pleural effusion and passive atelectasis.jpg
330,Pleural-Effusion-with-Compressive-Atelectasis.png,2b05dbef67d0547e7aea1191cfc3c4fd1e6ec359314238f97852a30ca674cc0e,REFERENCE_ONLY,"Retained as teaching/reference material: redundant with an existing tested concept, answer-labeled, primarily explanatory, or not a defensible image-required one-best item.",,P27 - Radiology of Pulmonary Infections and Lung Cancer,/Users/chriselwell/Desktop/Pulm/Pulm Pictures/Pleural-Effusion-with-Compressive-Atelectasis.png
331,Pneumocytes-and-Alveolar-Macrophage-Diagram.png,10976f7cbbe32a6dc7962de0dd5a96534decfc7103b6e73d47785412f158b4e4,REFERENCE_ONLY,"Retained as teaching/reference material: redundant with an existing tested concept, answer-labeled, primarily explanatory, or not a defensible image-required one-best item.",,P1 - Histology of the Respiratory System Review | P17 - Introduction to Respiratory Pathophysiology,/Users/chriselwell/Desktop/Pulm/Pulm Pictures/Pneumocytes-and-Alveolar-Macrophage-Diagram.png
332,Pneumothorax Diagram.jpeg,0f7f4da0b08a058412ef212db5a8b65df091de0146ef2094963cf3dcc3c5477d,REFERENCE_ONLY,"Retained as teaching/reference material: redundant with an existing tested concept, answer-labeled, primarily explanatory, or not a defensible image-required one-best item.",,"P4 - Mechanics, Compliance and Ventilation",/Users/chriselwell/Desktop/Pulm/Pulm Pictures/Pneumothorax Diagram.jpeg
333,Pneumothorax X Ray.jpeg,232166b68682b178e6451959ed58482c13c3c3b8e8c7ced449c947810f5c7fae,REFERENCE_ONLY,"Retained as teaching/reference material: redundant with an existing tested concept, answer-labeled, primarily explanatory, or not a defensible image-required one-best item.",,P38 - Mystery Illness Review Session - Interactive Workshop,/Users/chriselwell/Desktop/Pulm/Pulm Pictures/Pneumothorax X Ray.jpeg
334,pneumothorax-tpp-lung-collapse.png,9b1b6a748dd231acfd507caa1012eee7e6daf4476519135101508857e5b686d5,REFERENCE_ONLY,"Retained as teaching/reference material: redundant with an existing tested concept, answer-labeled, primarily explanatory, or not a defensible image-required one-best item.",,"P17 - Introduction to Respiratory Pathophysiology | P4 - Mechanics, Compliance and Ventilation",/Users/chriselwell/Desktop/Pulm/Pulm Pictures/pneumothorax-tpp-lung-collapse.png
335,Positional changes of the thorax and diaphragm during breathing.jpg,8e79c8fae091d62c91e30ac853743c8c2d00a8ee3f9551291b777314e48bb9b0,REFERENCE_ONLY,"Retained as teaching/reference material: redundant with an existing tested concept, answer-labeled, primarily explanatory, or not a defensible image-required one-best item.",,P12 - Approach to Pulmonary Abnormalities | P2 - Structure and Volumes,/Users/chriselwell/Desktop/Pulm/Pulm Pictures/Positional changes of the thorax and diaphragm during breathing.jpg
336,Post-Primary Pulmonary Tuberculosis.jpg,4121cd1821ad0db69d6c37d62d3b14a2b9e34ffe73b6580d27cb566860f025e0,REFERENCE_ONLY,"Retained as teaching/reference material: redundant with an existing tested concept, answer-labeled, primarily explanatory, or not a defensible image-required one-best item.",,"P26 - Diseases of the Respiratory Tract - Part 3 - Vascular, Cancer, Other Disease (Pathology) | P26.2 - Lung Infections - Pathology Review and Study Supplement | P27 - Radiology of Pulmonary Infections and Lung Cancer | P27.2 - Chest X-Ray Final Review",/Users/chriselwell/Desktop/Pulm/Pulm Pictures/Post-Primary Pulmonary Tuberculosis.jpg
337,Pressure-Volume-Loop-Hysteresis-2.png,af566217c76a4da00362a28aea25e6cc44b05105f25d39471149a1334254e97e,REFERENCE_ONLY,"Retained as teaching/reference material: redundant with an existing tested concept, answer-labeled, primarily explanatory, or not a defensible image-required one-best item.",,"P4 - Mechanics, Compliance and Ventilation",/Users/chriselwell/Desktop/Pulm/Pulm Pictures/Pressure-Volume-Loop-Hysteresis-2.png
338,Pseudomonas Aeruginosa Overview.png,83f541a01fcbc62874c7e198c73847026b61b97f9e1d4ebcd67f433b4600efa0,REFERENCE_ONLY,"Retained as teaching/reference material: redundant with an existing tested concept, answer-labeled, primarily explanatory, or not a defensible image-required one-best item.",,P28 - Microbiology of Pneumonia - Bacterial Infections | P38 - Mystery Illness Review Session - Interactive Workshop,/Users/chriselwell/Desktop/Pulm/Pulm Pictures/Pseudomonas Aeruginosa Overview.png
339,Pulmonary Aspergillosis with Air Crescent Sign.jpg,8aa3ba41051108d69893de5c51ffb146a302b276c66688040001a9ec3ff8191b,REFERENCE_ONLY,"Retained as teaching/reference material: redundant with an existing tested concept, answer-labeled, primarily explanatory, or not a defensible image-required one-best item.",,P30 - Microbiology of Pneumonia - Fungal Infections,/Users/chriselwell/Desktop/Pulm/Pulm Pictures/Pulmonary Aspergillosis with Air Crescent Sign.jpg
340,Pulmonary Circulation.png,41a4c48afa41b1c3e084024c63d439d0efd49fd06f4828e35b8ed2bc86447bc6,REFERENCE_ONLY,"Retained as teaching/reference material: redundant with an existing tested concept, answer-labeled, primarily explanatory, or not a defensible image-required one-best item.",,P3 - Airway and Vascular Flow,/Users/chriselwell/Desktop/Pulm/Pulm Pictures/Pulmonary Circulation.png
341,Pulmonary edema X Ray.png,f9f73dec392e27e7fb4e21adda17aa1b42f04f0b3542b88d1adc7c01c3e14ab0,REFERENCE_ONLY,"Retained as teaching/reference material: redundant with an existing tested concept, answer-labeled, primarily explanatory, or not a defensible image-required one-best item.",,P18 - Basic Interpretation of Chest X-Ray | P25 - Radiology of Restrictive Lung Disease and Extras,/Users/chriselwell/Desktop/Pulm/Pulm Pictures/Pulmonary edema X Ray.png
342,Pulmonary embolism CT chest.jpg,f30ca261b7eeae0f99db7af8595f36a645f14bb6a75af32308ba58a97a18f4c9,REFERENCE_ONLY,"Retained as teaching/reference material: redundant with an existing tested concept, answer-labeled, primarily explanatory, or not a defensible image-required one-best item.",,P13 - Pulmonary Problem Solving Exercise Part 1 | P14 - Introduction to Pulmonary Pathophysiology | P25 - Radiology of Restrictive Lung Disease and Extras | Pulmonary - Comprehensive Study Guide,/Users/chriselwell/Desktop/Pulm/Pulm Pictures/Pulmonary embolism CT chest.jpg
343,Pulmonary embolism- thrombus formation and embolization.jpg,e5bd865858c6c0f43c063d146bd9c0250107f0c4cf24fd1826cf0acd203197b4,REFERENCE_ONLY,"Retained as teaching/reference material: redundant with an existing tested concept, answer-labeled, primarily explanatory, or not a defensible image-required one-best item.",,P15 - Approach to the Patient with Respiratory Disease and Pulmonary Preventative Care,/Users/chriselwell/Desktop/Pulm/Pulm Pictures/Pulmonary embolism- thrombus formation and embolization.jpg
344,Pulmonary function test.png,ddbc474a999829aeb2e6aaf575a2af16c66b189cae275749619bd81bfc3ea995,REFERENCE_ONLY,"Retained as teaching/reference material: redundant with an existing tested concept, answer-labeled, primarily explanatory, or not a defensible image-required one-best item.",,P13 - Pulmonary Problem Solving Exercise Part 1 | P15 - Approach to the Patient with Respiratory Disease and Pulmonary Preventative Care,/Users/chriselwell/Desktop/Pulm/Pulm Pictures/Pulmonary function test.png
345,Pulmonary Hyperinflation with Pulmonary Hypertension.jpg,bb03ef657de5e8a419650e29cfbd6ec384ef53bc7ea0bef2a2b46eb1c6bb137c,REFERENCE_ONLY,"Retained as teaching/reference material: redundant with an existing tested concept, answer-labeled, primarily explanatory, or not a defensible image-required one-best item.",,P34 - Respiratory Medicine Clinical Case Studies - Obstructive Diseases (Pathophysiology),/Users/chriselwell/Desktop/Pulm/Pulm Pictures/Pulmonary Hyperinflation with Pulmonary Hypertension.jpg
346,Pulmonary Hypertension (1:2).jpg,cb2951109e6374a72f06067d99ff93510e6951060dd20690e852a1a8209fcc3e,ALREADY_SCORED,Validated local Pulm Pictures source included in the scored quiz.,Pulmonary arterial hypertension on chest radiograph,P32 - Pulmonary Hypertension - A Clinical Reasoning Approach,/Users/chriselwell/Desktop/Pulm/Pulm Pictures/Pulmonary Hypertension (1:2).jpg
347,Pulmonary Hypertension (2:2).jpg,863933e4379b8199565c33208b13c8c60cbfda54bdf32c79022ca4744190f41c,REFERENCE_ONLY,"Retained as teaching/reference material: redundant with an existing tested concept, answer-labeled, primarily explanatory, or not a defensible image-required one-best item.",,P32 - Pulmonary Hypertension - A Clinical Reasoning Approach,/Users/chriselwell/Desktop/Pulm/Pulm Pictures/Pulmonary Hypertension (2:2).jpg
348,Pulmonary Nodules.jpg,5c87a02902cfbed2056ad78c847332f9c10a7bc9732f90cd96939351a0798df1,REFERENCE_ONLY,"Retained as teaching/reference material: redundant with an existing tested concept, answer-labeled, primarily explanatory, or not a defensible image-required one-best item.",,P17 - Introduction to Respiratory Pathophysiology,/Users/chriselwell/Desktop/Pulm/Pulm Pictures/Pulmonary Nodules.jpg
349,Pulmonary Saddle Thromboembolus.jpg,06e691468ce0ca75be70028b609ea64cc35c7fb8e13ba6772755977ebf663c09,REFERENCE_ONLY,"Retained as teaching/reference material: redundant with an existing tested concept, answer-labeled, primarily explanatory, or not a defensible image-required one-best item.",,"P26 - Diseases of the Respiratory Tract - Part 3 - Vascular, Cancer, Other Disease (Pathology) | P39 - Clinical Pathology & Imaging - Interactive Workshop",/Users/chriselwell/Desktop/Pulm/Pulm Pictures/Pulmonary Saddle Thromboembolus.jpg
350,Pulmonary-Alveolus-Alveolar-Macrophages-Histology.png,1efef95360328e9aa260bb92d9acadf4ea25b5eb5a60f5d4bdea393cf8ca1477,REFERENCE_ONLY,"Retained as teaching/reference material: redundant with an existing tested concept, answer-labeled, primarily explanatory, or not a defensible image-required one-best item.",,P1 - Histology of the Respiratory System Review | P17 - Introduction to Respiratory Pathophysiology,/Users/chriselwell/Desktop/Pulm/Pulm Pictures/Pulmonary-Alveolus-Alveolar-Macrophages-Histology.png
351,Pulmonary-Alveolus-Electron-Micrograph.png,0ceb3953f2cd614b406e880ec46841d417a93ded76bda46f1ce1733e666d0632,REFERENCE_ONLY,"Retained as teaching/reference material: redundant with an existing tested concept, answer-labeled, primarily explanatory, or not a defensible image-required one-best item.",,P1 - Histology of the Respiratory System Review | P17 - Introduction to Respiratory Pathophysiology,/Users/chriselwell/Desktop/Pulm/Pulm Pictures/Pulmonary-Alveolus-Electron-Micrograph.png
352,Pulmonary-Embolism-Vq-Mismatch.png,85b06c925b6365e44ab0184717d72d3ffde9ea83036d3c0ab071e545b9803b87,REFERENCE_ONLY,"Retained as teaching/reference material: redundant with an existing tested concept, answer-labeled, primarily explanatory, or not a defensible image-required one-best item.",,P10 - Physiology Six-Case Workshop,/Users/chriselwell/Desktop/Pulm/Pulm Pictures/Pulmonary-Embolism-Vq-Mismatch.png
353,Pulmonary-Function-Testing-Fev1-Fvc.png,7c273ba22d44009ef970677b8de0a6fcf88e628a1a17e328af323e604b7b849e,REFERENCE_ONLY,"Retained as teaching/reference material: redundant with an existing tested concept, answer-labeled, primarily explanatory, or not a defensible image-required one-best item.",,"P11 - Physiology Practice Question Review | P5 - Spirometry, Obstructive and Restrictive Pulmonary Diseases",/Users/chriselwell/Desktop/Pulm/Pulm Pictures/Pulmonary-Function-Testing-Fev1-Fvc.png
354,Pulmonary-Hypertension-Drugs.png,2b21269a8a6b9cc09f8ed1a21e6ab24353ea396610e3c3fcd9ddcedddcb8a3f5,REFERENCE_ONLY,"Retained as teaching/reference material: redundant with an existing tested concept, answer-labeled, primarily explanatory, or not a defensible image-required one-best item.",,P32 - Pulmonary Hypertension - A Clinical Reasoning Approach,/Users/chriselwell/Desktop/Pulm/Pulm Pictures/Pulmonary-Hypertension-Drugs.png
355,pulmonary-interstitial-edema.png,69b4ef98fdfabb8eb42402a6b9102f0db278e4b9d6cd504344d9751410edf027,REFERENCE_ONLY,"Retained as teaching/reference material: redundant with an existing tested concept, answer-labeled, primarily explanatory, or not a defensible image-required one-best item.",,P18 - Basic Interpretation of Chest X-Ray | P25 - Radiology of Restrictive Lung Disease and Extras,/Users/chriselwell/Desktop/Pulm/Pulm Pictures/pulmonary-interstitial-edema.png
356,Pulmonary-sequestration-systemic-feeding-artery-annotated-CT-Hellerhoff.jpg,d257a041977aadc59cf19cc8e667e3a2396016b1e6ac32de91715ba3ece9db07,REFERENCE_ONLY,"Retained as teaching/reference material: redundant with an existing tested concept, answer-labeled, primarily explanatory, or not a defensible image-required one-best item.",,Pulmonary - Comprehensive Study Guide,/Users/chriselwell/Desktop/Pulm/Pulm Pictures/P36 - Pulmonary Developmental Anomalies/Web Sources/Pulmonary-sequestration-systemic-feeding-artery-annotated-CT-Hellerhoff.jpg
357,Pulmonary-Vascular-Resistance-Notes.png,d879c6bfb71bc2bde3fa30cd2b93f02309de3f6f3fa4fb8974464197a684f7ae,REFERENCE_ONLY,"Retained as teaching/reference material: redundant with an existing tested concept, answer-labeled, primarily explanatory, or not a defensible image-required one-best item.",,P3 - Airway and Vascular Flow | P9 - Pulmonary Physiology Review,/Users/chriselwell/Desktop/Pulm/Pulm Pictures/Pulmonary-Vascular-Resistance-Notes.png
358,radial-traction-in-emphysema-vs-pulmonary-fibrosis.jpg,98356832ee68900d487389e3545837af4b9d833fddeed58fbb289e083c9c37b1,REFERENCE_ONLY,"Retained as teaching/reference material: redundant with an existing tested concept, answer-labeled, primarily explanatory, or not a defensible image-required one-best item.",,"P17 - Introduction to Respiratory Pathophysiology | P5 - Spirometry, Obstructive and Restrictive Pulmonary Diseases",/Users/chriselwell/Desktop/Pulm/Pulm Pictures/radial-traction-in-emphysema-vs-pulmonary-fibrosis.jpg
359,Rates-of-Bacterial-Colonization-in-Cystic-Fibrosis-Based-on-Age.png,e47322c036b8f7c0d9103bc3d0cfd0871fe78cec01991d5b3afa618b91da7f9f,REFERENCE_ONLY,"Retained as teaching/reference material: redundant with an existing tested concept, answer-labeled, primarily explanatory, or not a defensible image-required one-best item.",,P38 - Mystery Illness Review Session - Interactive Workshop,/Users/chriselwell/Desktop/Pulm/Pulm Pictures/Rates-of-Bacterial-Colonization-in-Cystic-Fibrosis-Based-on-Age.png
360,Residual-Volume-and-Total-Lung-Capacity-in-Copd.jpg,dbc00862ab53ae360f26b38d4b03910b0221bc9047eada3cc0322706042546ab,REFERENCE_ONLY,"Retained as teaching/reference material: redundant with an existing tested concept, answer-labeled, primarily explanatory, or not a defensible image-required one-best item.",,P34 - Respiratory Medicine Clinical Case Studies - Obstructive Diseases (Pathophysiology),/Users/chriselwell/Desktop/Pulm/Pulm Pictures/Residual-Volume-and-Total-Lung-Capacity-in-Copd.jpg
361,Respiratory-Epithelium-Cell-Types.png,0fa9f61de3fb7a0db10d36747747eae3071c21ffcf97e7aa7d90737ad8044e3a,REFERENCE_ONLY,"Retained as teaching/reference material: redundant with an existing tested concept, answer-labeled, primarily explanatory, or not a defensible image-required one-best item.",,P1 - Histology of the Respiratory System Review | P17 - Introduction to Respiratory Pathophysiology,/Users/chriselwell/Desktop/Pulm/Pulm Pictures/Respiratory-Epithelium-Cell-Types.png
362,Respiratory-Epithelium-Mucosal-Cells-Histology.png,ee80935cea46aaedaa1ee01d2738de1ca914048ac2072cfafd786cf0211b4077,REFERENCE_ONLY,"Retained as teaching/reference material: redundant with an existing tested concept, answer-labeled, primarily explanatory, or not a defensible image-required one-best item.",,P1 - Histology of the Respiratory System Review,/Users/chriselwell/Desktop/Pulm/Pulm Pictures/Respiratory-Epithelium-Mucosal-Cells-Histology.png
363,Respiratory-Epithelium-Trachea-Goblet-Cells.png,0289b8b26cbe3d587f16cfdf1387636b6c272f1969e7987f4ee21b8edeacdf34,REFERENCE_ONLY,"Retained as teaching/reference material: redundant with an existing tested concept, answer-labeled, primarily explanatory, or not a defensible image-required one-best item.",,P1 - Histology of the Respiratory System Review,/Users/chriselwell/Desktop/Pulm/Pulm Pictures/Respiratory-Epithelium-Trachea-Goblet-Cells.png
364,Restrictive Lung Disease Classification.png,30a14b3c57df27f6e6099192363d36e432e6d4b952b1adde7d4a708e9114df13,REFERENCE_ONLY,"Retained as teaching/reference material: redundant with an existing tested concept, answer-labeled, primarily explanatory, or not a defensible image-required one-best item.",,P25 - Radiology of Restrictive Lung Disease and Extras,/Users/chriselwell/Desktop/Pulm/Pulm Pictures/Restrictive Lung Disease Classification.png
365,Restrictive-vs-Obstructive-Work-Rr-Tv-Table.png,5ce9b49023ac15ae45cd9f6e350ec1eb807e841b06ab01e1f24fe5aa6e112384,REFERENCE_ONLY,"Retained as teaching/reference material: redundant with an existing tested concept, answer-labeled, primarily explanatory, or not a defensible image-required one-best item.",,"P5 - Spirometry, Obstructive and Restrictive Pulmonary Diseases",/Users/chriselwell/Desktop/Pulm/Pulm Pictures/Restrictive-vs-Obstructive-Work-Rr-Tv-Table.png
366,reversible-obstruction-on-spirometry-in-patients-with-asthma.png,a00e8e3cee8eb462ec74a6b56d2d75905c232f7383fb4617ca2f3cd9128b7229,ALREADY_SCORED,Validated local Pulm Pictures source included in the scored quiz.,Reversible airflow obstruction after bronchodilator,P15 - Approach to the Patient with Respiratory Disease and Pulmonary Preventative Care | P34 - Respiratory Medicine Clinical Case Studies - Obstructive Diseases (Pathophysiology) | P37 - Advanced Spirometry Review - Interactive Workshop | Pulmonary - Comprehensive Study Guide,/Users/chriselwell/Desktop/Pulm/Pulm Pictures/reversible-obstruction-on-spirometry-in-patients-with-asthma.png
367,Rhinosinusitis.png,9eefa71977ee014335cc10717cd7aa1d68f8bd6fe4a028476e3b13cccc71023f,REFERENCE_ONLY,"Retained as teaching/reference material: redundant with an existing tested concept, answer-labeled, primarily explanatory, or not a defensible image-required one-best item.",,P33 - Otolaryngology - Upper Airway Pathology,/Users/chriselwell/Desktop/Pulm/Pulm Pictures/Rhinosinusitis.png
368,Rhinovirus Overview.png,8011fb7df02897c79b663c1cf764ac667dfde2a2209b2264906be0dbbbdd399b,REFERENCE_ONLY,"Retained as teaching/reference material: redundant with an existing tested concept, answer-labeled, primarily explanatory, or not a defensible image-required one-best item.",,P29 - Microbiology of Pneumonia - Viral Infections of the Respiratory Tract,/Users/chriselwell/Desktop/Pulm/Pulm Pictures/Rhinovirus Overview.png
369,Right Diaphragmatic Hernia with Enterothorax.jpg,6275204f106f3d4018ad854a2eec6c6983127006362767846d4da730e0ca6241,REFERENCE_ONLY,"Retained as teaching/reference material: redundant with an existing tested concept, answer-labeled, primarily explanatory, or not a defensible image-required one-best item.",,P36 - Pulmonary Developmental Anomalies,/Users/chriselwell/Desktop/Pulm/Pulm Pictures/Right Diaphragmatic Hernia with Enterothorax.jpg
370,right-pleural-effusion-percussion.png,8a2678b1a7aedeb1a294f43e7604741b1c6f026e03d69da26ec1898faee309e4,REFERENCE_ONLY,"Retained as teaching/reference material: redundant with an existing tested concept, answer-labeled, primarily explanatory, or not a defensible image-required one-best item.",,P12 - Approach to Pulmonary Abnormalities | P15 - Approach to the Patient with Respiratory Disease and Pulmonary Preventative Care,/Users/chriselwell/Desktop/Pulm/Pulm Pictures/right-pleural-effusion-percussion.png
371,Right-Upper-Lobe-Lung-Mass-Ct.jpg,9dade216442e055ea3b03034ba932e3969be6bed47016139b05b271687f813a1,REFERENCE_ONLY,"Retained as teaching/reference material: redundant with an existing tested concept, answer-labeled, primarily explanatory, or not a defensible image-required one-best item.",,P27 - Radiology of Pulmonary Infections and Lung Cancer,/Users/chriselwell/Desktop/Pulm/Pulm Pictures/Right-Upper-Lobe-Lung-Mass-Ct.jpg
372,risk-factors-for-pulmonary-embolism.png,f0e92060c7aee6cb03fb4c6b2b0b78997706b35bffda083ba249e79707574aa1,REFERENCE_ONLY,"Retained as teaching/reference material: redundant with an existing tested concept, answer-labeled, primarily explanatory, or not a defensible image-required one-best item.",,P15 - Approach to the Patient with Respiratory Disease and Pulmonary Preventative Care,/Users/chriselwell/Desktop/Pulm/Pulm Pictures/risk-factors-for-pulmonary-embolism.png
373,RSV.png,40665e6d0b715bff4b33936a73eb6599a226d3ed0ba469c706771398b0f66084,REFERENCE_ONLY,"Retained as teaching/reference material: redundant with an existing tested concept, answer-labeled, primarily explanatory, or not a defensible image-required one-best item.",,P29 - Microbiology of Pneumonia - Viral Infections of the Respiratory Tract,/Users/chriselwell/Desktop/Pulm/Pulm Pictures/RSV.png
374,SARS-Cov-2 Entry Mechanism- Membrane Fusion.jpg,ca123cb37f06ff84eab88ae1044d2a755a439d2fd2a9dc110185591106997c09,REFERENCE_ONLY,"Retained as teaching/reference material: redundant with an existing tested concept, answer-labeled, primarily explanatory, or not a defensible image-required one-best item.",,P29 - Microbiology of Pneumonia - Viral Infections of the Respiratory Tract,/Users/chriselwell/Desktop/Pulm/Pulm Pictures/SARS-Cov-2 Entry Mechanism- Membrane Fusion.jpg
375,scoliosis-and-chest-wall-mechanics.png,086ac785fe648e3c95188beab1275837ffaae57f7953affe3171bebd1dbcf4ef,REFERENCE_ONLY,"Retained as teaching/reference material: redundant with an existing tested concept, answer-labeled, primarily explanatory, or not a defensible image-required one-best item.",,P25 - Radiology of Restrictive Lung Disease and Extras,/Users/chriselwell/Desktop/Pulm/Pulm Pictures/scoliosis-and-chest-wall-mechanics.png
376,Selection-of-Initial-Bronchodilator-for-Stable-Copd.png,a07d7cfa46394a3fc161e0bc32e2a5e0a8db6956ed10033890956f62f98bd4ec,REFERENCE_ONLY,"Retained as teaching/reference material: redundant with an existing tested concept, answer-labeled, primarily explanatory, or not a defensible image-required one-best item.",,P34 - Respiratory Medicine Clinical Case Studies - Obstructive Diseases (Pathophysiology),/Users/chriselwell/Desktop/Pulm/Pulm Pictures/Selection-of-Initial-Bronchodilator-for-Stable-Copd.png
377,Shunt-Worked-Example-Severe-Hypoxemia.png,3e04e87019b969cb9e0554721e20fee28f09c42d684dcbab1c9c21efcc37cbd5,REFERENCE_ONLY,"Retained as teaching/reference material: redundant with an existing tested concept, answer-labeled, primarily explanatory, or not a defensible image-required one-best item.",,"P35 - Acute Respiratory Failure | P7 - Gas Exchange, Part 2 - Causes of Hypoxemia",/Users/chriselwell/Desktop/Pulm/Pulm Pictures/Shunt-Worked-Example-Severe-Hypoxemia.png
378,Shunting-Vq-Zero-Hypoxemia.png,736c4e18e78876092ed4be29028219cd488832132e84faeec6fea0b5d716fc79,REFERENCE_ONLY,"Retained as teaching/reference material: redundant with an existing tested concept, answer-labeled, primarily explanatory, or not a defensible image-required one-best item.",,"P10 - Physiology Six-Case Workshop | P17 - Introduction to Respiratory Pathophysiology | P7 - Gas Exchange, Part 2 - Causes of Hypoxemia",/Users/chriselwell/Desktop/Pulm/Pulm Pictures/Shunting-Vq-Zero-Hypoxemia.png
379,simple-pneumothorax.jpg,8fcc37036e82e11d9a5f542b8371e31e82be4dac09fcdb6c87cb5509edc20e2a,REFERENCE_ONLY,"Retained as teaching/reference material: redundant with an existing tested concept, answer-labeled, primarily explanatory, or not a defensible image-required one-best item.",,P18 - Basic Interpretation of Chest X-Ray,/Users/chriselwell/Desktop/Pulm/Pulm Pictures/simple-pneumothorax.jpg
380,Situs Inversus Due to Kartagener Syndrome.jpg,171d15fbcb9a775a86e4ea6b774c1103feae429652cdd47f102a1d5e1d2ff566,REFERENCE_ONLY,"Retained as teaching/reference material: redundant with an existing tested concept, answer-labeled, primarily explanatory, or not a defensible image-required one-best item.",,P27.2 - Chest X-Ray Final Review,/Users/chriselwell/Desktop/Pulm/Pulm Pictures/Situs Inversus Due to Kartagener Syndrome.jpg
381,Situs inversus with dextrocardia (situs inversus totalis).jpg,bc2c0c1d2690cda35995bf39070c21f2421603f8b03a4a606e469f528c9bed67,ALREADY_SCORED,Validated local Pulm Pictures source included in the scored quiz.,Situs inversus totalis with dextrocardia,P18 - Basic Interpretation of Chest X-Ray,/Users/chriselwell/Desktop/Pulm/Pulm Pictures/Situs inversus with dextrocardia (situs inversus totalis).jpg
382,spectrum-of-ventilation-perfusion-v-q-mismatch.jpg,1681f8a4d37e56b64258a97befd6d043232d7256451fcb2da95d8712c10996ae,REFERENCE_ONLY,"Retained as teaching/reference material: redundant with an existing tested concept, answer-labeled, primarily explanatory, or not a defensible image-required one-best item.",,P17 - Introduction to Respiratory Pathophysiology,/Users/chriselwell/Desktop/Pulm/Pulm Pictures/spectrum-of-ventilation-perfusion-v-q-mismatch.jpg
383,Spiculated lung mass.jpg,5433078fda80d832ff7dbdea2f2030e49702c815f5eb22c0db0729b91b15fe72,REFERENCE_ONLY,"Retained as teaching/reference material: redundant with an existing tested concept, answer-labeled, primarily explanatory, or not a defensible image-required one-best item.",,P17 - Introduction to Respiratory Pathophysiology | P18 - Basic Interpretation of Chest X-Ray | P27 - Radiology of Pulmonary Infections and Lung Cancer | P27.2 - Chest X-Ray Final Review,/Users/chriselwell/Desktop/Pulm/Pulm Pictures/Spiculated lung mass.jpg
384,spirometry-normal-vs-restrictive-fev1-fvc.png,c1719d59da7830d9f1a0b91776fb657a531f3d2420e81068d683d0cc1a5156c5,REFERENCE_ONLY,"Retained as teaching/reference material: redundant with an existing tested concept, answer-labeled, primarily explanatory, or not a defensible image-required one-best item.",,"P24 - Diseases of the Respiratory Tract - Part 2 - Restrictive Disease (Pathology) | P37 - Advanced Spirometry Review - Interactive Workshop | P5 - Spirometry, Obstructive and Restrictive Pulmonary Diseases",/Users/chriselwell/Desktop/Pulm/Pulm Pictures/spirometry-normal-vs-restrictive-fev1-fvc.png
385,squamous-metaplasia.png,d7c6312b7217cc84c7d6ca921b3af2593db30adc89a20e2c4e03228aff1b2cf2,REFERENCE_ONLY,"Retained as teaching/reference material: redundant with an existing tested concept, answer-labeled, primarily explanatory, or not a defensible image-required one-best item.",,P17 - Introduction to Respiratory Pathophysiology,/Users/chriselwell/Desktop/Pulm/Pulm Pictures/squamous-metaplasia.png
386,Staph Aureus.png,d4ea48f7397a60b51e203200f483c6461400737c697fafaa527994072bbc3310,REFERENCE_ONLY,"Retained as teaching/reference material: redundant with an existing tested concept, answer-labeled, primarily explanatory, or not a defensible image-required one-best item.",,P28 - Microbiology of Pneumonia - Bacterial Infections,/Users/chriselwell/Desktop/Pulm/Pulm Pictures/Staph Aureus.png
387,Staphylococcus Aureus Gram Stain.png,da78d2dcf325967f83b4b368b234a8c1a637c10f1a601bb654bf7d29ad5630ac,REFERENCE_ONLY,"Retained as teaching/reference material: redundant with an existing tested concept, answer-labeled, primarily explanatory, or not a defensible image-required one-best item.",,P28 - Microbiology of Pneumonia - Bacterial Infections,/Users/chriselwell/Desktop/Pulm/Pulm Pictures/Staphylococcus Aureus Gram Stain.png
388,step-up-strategy-for-asthma-treatment-adults.jpg,005bfda7693f41e94a9e76b312f1e40946796a7e9a8518b26827692650d86aad,REFERENCE_ONLY,"Retained as teaching/reference material: redundant with an existing tested concept, answer-labeled, primarily explanatory, or not a defensible image-required one-best item.",,P22-23 - Drugs Used for Treatment of Asthma and COPD,/Users/chriselwell/Desktop/Pulm/Pulm Pictures/step-up-strategy-for-asthma-treatment-adults.jpg
389,Stratified-Squamous-vs-Pseudostratified-Histology.png,02253c4b76676824afcb6d56307b494bce3b8fdf1bf954ab217dd4831c9d5dea,REFERENCE_ONLY,"Retained as teaching/reference material: redundant with an existing tested concept, answer-labeled, primarily explanatory, or not a defensible image-required one-best item.",,P1 - Histology of the Respiratory System Review,/Users/chriselwell/Desktop/Pulm/Pulm Pictures/Stratified-Squamous-vs-Pseudostratified-Histology.png
390,Streptococcus Pneumoniae with Capsule.jpg,293198cbf5a3b9b7ee4e0b36b14257ac369b105a10157876f39afd9c96b3d766,REFERENCE_ONLY,"Retained as teaching/reference material: redundant with an existing tested concept, answer-labeled, primarily explanatory, or not a defensible image-required one-best item.",,P28 - Microbiology of Pneumonia - Bacterial Infections | Pulmonary - Comprehensive Study Guide,/Users/chriselwell/Desktop/Pulm/Pulm Pictures/Streptococcus Pneumoniae with Capsule.jpg
391,Surface-Anatomy-of-the-Lungs.jpg,1ec4b6aef31b927bb0c1daa416ee9ffa9dc41e55dd1d129fdcff2e4ef0610bae,REFERENCE_ONLY,"Retained as teaching/reference material: redundant with an existing tested concept, answer-labeled, primarily explanatory, or not a defensible image-required one-best item.",,P2 - Structure and Volumes,/Users/chriselwell/Desktop/Pulm/Pulm Pictures/Surface-Anatomy-of-the-Lungs.jpg
392,Synthesis-of-Surfactant.jpg,005a1e155f4e2aa581c44afbae1b51749fe3b9b41a69559d87d442cacc9aa617,REFERENCE_ONLY,"Retained as teaching/reference material: redundant with an existing tested concept, answer-labeled, primarily explanatory, or not a defensible image-required one-best item.",,P3 - Airway and Vascular Flow,/Users/chriselwell/Desktop/Pulm/Pulm Pictures/Synthesis-of-Surfactant.jpg
393,tactile-fremitus-pneumonia-vs-pleural-effusion.png,4855e4280e7d73130c2527e4701063148e1a05fcbe9457b2a7fff00ea1ef2fad,REFERENCE_ONLY,"Retained as teaching/reference material: redundant with an existing tested concept, answer-labeled, primarily explanatory, or not a defensible image-required one-best item.",,P12 - Approach to Pulmonary Abnormalities | P15 - Approach to the Patient with Respiratory Disease and Pulmonary Preventative Care | P31 - Review of Pneumonia - Pathology and Pharmacology,/Users/chriselwell/Desktop/Pulm/Pulm Pictures/tactile-fremitus-pneumonia-vs-pleural-effusion.png
394,tension-pneumothorax-cxr.png,a1d1c91c134ef2b8b89f5e579cf1d61b2a29984aae8d0abb29e94d04e31fb036,REFERENCE_ONLY,"Retained as teaching/reference material: redundant with an existing tested concept, answer-labeled, primarily explanatory, or not a defensible image-required one-best item.",,P13 - Pulmonary Problem Solving Exercise Part 1 | P14 - Introduction to Pulmonary Pathophysiology | P27 - Radiology of Pulmonary Infections and Lung Cancer,/Users/chriselwell/Desktop/Pulm/Pulm Pictures/tension-pneumothorax-cxr.png
395,tension-pneumothorax-portable-chest-xray.png,8ad7dd376ed58a01ef2098162cb4a7ae26650e5de9be4c75690bd39745178f69,REFERENCE_ONLY,"Retained as teaching/reference material: redundant with an existing tested concept, answer-labeled, primarily explanatory, or not a defensible image-required one-best item.",,P18 - Basic Interpretation of Chest X-Ray | P20 - Radiology of Obstructive Lung Disease,/Users/chriselwell/Desktop/Pulm/Pulm Pictures/tension-pneumothorax-portable-chest-xray.png
396,Thoracic deformities.jpg,eb60d1649c13183096524576d6250ae42f634a14ca8e24262304aaae5a837447,REFERENCE_ONLY,"Retained as teaching/reference material: redundant with an existing tested concept, answer-labeled, primarily explanatory, or not a defensible image-required one-best item.",,P12 - Approach to Pulmonary Abnormalities,/Users/chriselwell/Desktop/Pulm/Pulm Pictures/Thoracic deformities.jpg
397,Three-Major-Causes-of-Elevated-Co2.png,c30e72e95541ac3ebe659ff610212cd3da4c9e4c71c1b34b5976d96c2499ab41,REFERENCE_ONLY,"Retained as teaching/reference material: redundant with an existing tested concept, answer-labeled, primarily explanatory, or not a defensible image-required one-best item.",,P35 - Acute Respiratory Failure,/Users/chriselwell/Desktop/Pulm/Pulm Pictures/Three-Major-Causes-of-Elevated-Co2.png
398,Trachea-Histology-Hae-Stain-2.png,e2208dc672cb364d4ca0e49e78e0aacd2157962955b719b27442aba614b625a6,REFERENCE_ONLY,"Retained as teaching/reference material: redundant with an existing tested concept, answer-labeled, primarily explanatory, or not a defensible image-required one-best item.",,P1 - Histology of the Respiratory System Review,/Users/chriselwell/Desktop/Pulm/Pulm Pictures/Trachea-Histology-Hae-Stain-2.png
399,Tracheoesophageal-Fistula.png,1fd583aec2bb3a1340e0795e68d965184230e310549cca68d38caa41b1181eb0,REFERENCE_ONLY,"Retained as teaching/reference material: redundant with an existing tested concept, answer-labeled, primarily explanatory, or not a defensible image-required one-best item.",,P33 - Otolaryngology - Upper Airway Pathology,/Users/chriselwell/Desktop/Pulm/Pulm Pictures/Tracheoesophageal-Fistula.png
400,Tracheomalacia.jpg,e5622f64dd41538042ed0dd4f59a0f69d86cb6d9b10a032cbcbb6ed41e28aac9,REFERENCE_ONLY,"Retained as teaching/reference material: redundant with an existing tested concept, answer-labeled, primarily explanatory, or not a defensible image-required one-best item.",,P33 - Otolaryngology - Upper Airway Pathology | P37 - Advanced Spirometry Review - Interactive Workshop,/Users/chriselwell/Desktop/Pulm/Pulm Pictures/Tracheomalacia.jpg
401,transpulmonary-pressure-alveolus-chest-wall.png,a2382ae9f8c2624be3113c33c736d19abc44e8cefcfb710a793ed377c280e425,REFERENCE_ONLY,"Retained as teaching/reference material: redundant with an existing tested concept, answer-labeled, primarily explanatory, or not a defensible image-required one-best item.",,"P17 - Introduction to Respiratory Pathophysiology | P4 - Mechanics, Compliance and Ventilation",/Users/chriselwell/Desktop/Pulm/Pulm Pictures/transpulmonary-pressure-alveolus-chest-wall.png
402,Tripod and Epiglottisi.jpg,f22ab8ce79e6e3895615b52e6b2772d1adbe1719f90372b1dea80ebb5f48ba06,REFERENCE_ONLY,"Retained as teaching/reference material: redundant with an existing tested concept, answer-labeled, primarily explanatory, or not a defensible image-required one-best item.",,P33 - Otolaryngology - Upper Airway Pathology,/Users/chriselwell/Desktop/Pulm/Pulm Pictures/Tripod and Epiglottisi.jpg
403,Types-of-Esophageal-Atresia-and-Tracheoesophageal-Fistula.jpg,cb8ba6dc4ab3326f5d13fc8452b33687955274706c4158466326f27ab64b45a3,REFERENCE_ONLY,"Retained as teaching/reference material: redundant with an existing tested concept, answer-labeled, primarily explanatory, or not a defensible image-required one-best item.",,P33 - Otolaryngology - Upper Airway Pathology,/Users/chriselwell/Desktop/Pulm/Pulm Pictures/Types-of-Esophageal-Atresia-and-Tracheoesophageal-Fistula.jpg
404,usual-interstitial-pneumonia.jpg,b4f40c679febb89c370d564624c1f67fd9246fe44eb5ac776d899365787756b1,REFERENCE_ONLY,"Retained as teaching/reference material: redundant with an existing tested concept, answer-labeled, primarily explanatory, or not a defensible image-required one-best item.",,P25 - Radiology of Restrictive Lung Disease and Extras | Pulmonary - Comprehensive Study Guide,/Users/chriselwell/Desktop/Pulm/Pulm Pictures/usual-interstitial-pneumonia.jpg
405,Vascular-Ring.jpg,cf3e5080400ee783484d14f207fa3a2c50acb0c178ffabbfde783543fd139d85,REFERENCE_ONLY,"Retained as teaching/reference material: redundant with an existing tested concept, answer-labeled, primarily explanatory, or not a defensible image-required one-best item.",,P33 - Otolaryngology - Upper Airway Pathology,/Users/chriselwell/Desktop/Pulm/Pulm Pictures/Vascular-Ring.jpg
406,ventilation-perfusion-scan-mismatched-defects.jpg,8f1df4e2fb5c065d49fbf0b54cdd829306b0405bceb369da38fd5b58516158bd,REFERENCE_ONLY,"Retained as teaching/reference material: redundant with an existing tested concept, answer-labeled, primarily explanatory, or not a defensible image-required one-best item.",,P25 - Radiology of Restrictive Lung Disease and Extras | P32 - Pulmonary Hypertension - A Clinical Reasoning Approach,/Users/chriselwell/Desktop/Pulm/Pulm Pictures/ventilation-perfusion-scan-mismatched-defects.jpg
407,Viral Bronchiolitis (RSV).png,494ab1d914a4e36f4f6d73a4e0c7bf60e43b29f1bc756f9c940d1251542e00f7,REFERENCE_ONLY,"Retained as teaching/reference material: redundant with an existing tested concept, answer-labeled, primarily explanatory, or not a defensible image-required one-best item.",,P20 - Radiology of Obstructive Lung Disease | P29 - Microbiology of Pneumonia - Viral Infections of the Respiratory Tract,/Users/chriselwell/Desktop/Pulm/Pulm Pictures/Viral Bronchiolitis (RSV).png
408,Vq-Mismatch-Spectrum.png,65ce330cf215d7b0013b8847a5637e9e600039c5f0c25225ed3b1f555a42e1e6,REFERENCE_ONLY,"Retained as teaching/reference material: redundant with an existing tested concept, answer-labeled, primarily explanatory, or not a defensible image-required one-best item.",,"P11 - Physiology Practice Question Review | P35 - Acute Respiratory Failure | P7 - Gas Exchange, Part 2 - Causes of Hypoxemia | P9 - Pulmonary Physiology Review | Pulmonary - Comprehensive Study Guide",/Users/chriselwell/Desktop/Pulm/Pulm Pictures/Vq-Mismatch-Spectrum.png
409,Vq-Ratio-by-Zone-Table.png,d1d597f92f24cc49ae4174348c4127dfc7378670d69beabf6d69fead69848603,REFERENCE_ONLY,"Retained as teaching/reference material: redundant with an existing tested concept, answer-labeled, primarily explanatory, or not a defensible image-required one-best item.",,P11 - Physiology Practice Question Review,/Users/chriselwell/Desktop/Pulm/Pulm Pictures/Vq-Ratio-by-Zone-Table.png
410,wells-criteria-for-pulmonary-embolism.png,d6c88f04ae9877dd08cf29ea33ceae7b0ab04575475eefff27d4b2b69367fb0a,REFERENCE_ONLY,"Retained as teaching/reference material: redundant with an existing tested concept, answer-labeled, primarily explanatory, or not a defensible image-required one-best item.",,P13 - Pulmonary Problem Solving Exercise Part 1,/Users/chriselwell/Desktop/Pulm/Pulm Pictures/wells-criteria-for-pulmonary-embolism.png
411,West-Zones-1-2-3-Pressure-Summary.png,cedc8a7f5f974e43dd74864a74b007177fa09f834bcaf0245e7c0bd7f80b457c,REFERENCE_ONLY,"Retained as teaching/reference material: redundant with an existing tested concept, answer-labeled, primarily explanatory, or not a defensible image-required one-best item.",,P11 - Physiology Practice Question Review | P3 - Airway and Vascular Flow | P9 - Pulmonary Physiology Review,/Users/chriselwell/Desktop/Pulm/Pulm Pictures/West-Zones-1-2-3-Pressure-Summary.png
412,West-Zones-of-Pulmonary-Perfusion.png,3804cf34781c45e3b8a784844b0f1a6ecb6cfded73d6c24f9cef41368212f8b1,REFERENCE_ONLY,"Retained as teaching/reference material: redundant with an existing tested concept, answer-labeled, primarily explanatory, or not a defensible image-required one-best item.",,P3 - Airway and Vascular Flow,/Users/chriselwell/Desktop/Pulm/Pulm Pictures/West-Zones-of-Pulmonary-Perfusion.png
413,Work-of-Breathing-Restrictive-vs-Obstructive.png,40fdb4af2ed57307eaeefde29ba6c25920941166a09ea5fe32ed7156a3e2d35c,REFERENCE_ONLY,"Retained as teaching/reference material: redundant with an existing tested concept, answer-labeled, primarily explanatory, or not a defensible image-required one-best item.",,"P5 - Spirometry, Obstructive and Restrictive Pulmonary Diseases",/Users/chriselwell/Desktop/Pulm/Pulm Pictures/Work-of-Breathing-Restrictive-vs-Obstructive.png
